# Blender 5.1.1
# www.blender.org
mtllib switch_base.mtl
o CoverPlate.001
v -0.002500 0.057000 0.035000
v -0.002500 0.057000 0.019816
v 0.002500 0.033027 0.016308
v -0.002500 0.033027 0.016308
v 0.002500 0.052028 0.030028
v 0.000696 0.055201 0.033200
v 0.002500 0.036584 0.030028
v -0.002477 0.037412 0.035000
v 0.000700 0.037112 0.033200
v 0.002500 0.052028 0.018987
v 0.000696 0.055201 0.019516
v -0.002500 0.031165 0.017079
v 0.002500 0.031165 0.017079
v -0.002478 0.031165 0.035000
v 0.000699 0.031165 0.033200
v 0.002500 0.031165 0.030028
v 0.002500 0.033798 0.014446
v -0.002500 0.057000 0.014446
v -0.002500 0.033798 0.014446
v 0.000696 0.055200 0.014446
v 0.002500 0.052028 0.014446
v 0.000011 0.055763 0.019609
v -0.000772 0.056229 0.019687
v -0.001620 0.056631 0.019754
v -0.001620 0.056631 0.034631
v -0.000772 0.056229 0.034229
v 0.000011 0.055763 0.033763
v 0.002500 0.033747 0.014960
v 0.002500 0.033597 0.015454
v 0.002500 0.033354 0.015909
v -0.002475 0.031739 0.035000
v -0.002474 0.032851 0.035000
v -0.002475 0.034864 0.035000
v 0.002130 0.052902 0.019133
v 0.001728 0.053743 0.019273
v 0.001261 0.054520 0.019402
v 0.001261 0.054520 0.032520
v 0.001728 0.053743 0.031743
v 0.002130 0.052902 0.030902
v 0.000018 0.037206 0.033763
v -0.000760 0.037284 0.034229
v -0.001602 0.037351 0.034631
v 0.000700 0.031734 0.033200
v 0.000700 0.032814 0.033200
v 0.000700 0.034737 0.033200
v 0.002131 0.036729 0.030902
v 0.001729 0.036870 0.031743
v 0.001263 0.036999 0.032520
v 0.002500 0.031726 0.030028
v 0.002500 0.032747 0.030028
v 0.002500 0.034514 0.030028
v -0.002500 0.032628 0.016636
v -0.002500 0.032173 0.016879
v -0.002500 0.031679 0.017029
v 0.002500 0.032628 0.016636
v 0.002500 0.032173 0.016879
v 0.002500 0.031679 0.017029
v 0.001263 0.031165 0.032520
v 0.001729 0.031165 0.031743
v 0.002131 0.031165 0.030902
v -0.001603 0.031165 0.034631
v -0.000760 0.031165 0.034229
v 0.000018 0.031165 0.033763
v -0.002500 0.057000 0.017821
v -0.002500 0.057000 0.016376
v -0.002500 0.057000 0.015005
v -0.002500 0.033354 0.015909
v -0.002500 0.033597 0.015454
v -0.002500 0.033747 0.014960
v 0.000696 0.055200 0.017695
v 0.000696 0.055201 0.016339
v 0.000696 0.055200 0.015000
v 0.002500 0.052028 0.017472
v 0.002500 0.052028 0.016273
v 0.002500 0.052028 0.014992
v 0.001261 0.054520 0.014446
v 0.001728 0.053743 0.014446
v 0.002130 0.052902 0.014446
v -0.001620 0.056631 0.014446
v -0.000772 0.056229 0.014446
v 0.000011 0.055763 0.014446
v -0.001620 0.056631 0.015004
v -0.001620 0.056631 0.016369
v -0.001620 0.056631 0.017795
v -0.000772 0.056229 0.015003
v -0.000772 0.056229 0.016360
v -0.000772 0.056229 0.017767
v 0.000011 0.055763 0.015002
v 0.000011 0.055763 0.016351
v 0.000011 0.055763 0.017734
v 0.001261 0.054520 0.014999
v 0.001261 0.054520 0.016325
v 0.001261 0.054520 0.017647
v 0.001728 0.053743 0.014997
v 0.001728 0.053743 0.016309
v 0.001728 0.053743 0.017592
v 0.002130 0.052902 0.014994
v 0.002130 0.052902 0.016291
v 0.002130 0.052902 0.017533
v 0.001263 0.034689 0.032520
v 0.001263 0.032799 0.032520
v 0.001263 0.031733 0.032520
v 0.001729 0.034635 0.031743
v 0.001729 0.032783 0.031743
v 0.001729 0.031731 0.031743
v 0.002131 0.034576 0.030902
v 0.002131 0.032766 0.030902
v 0.002131 0.031728 0.030902
v -0.001600 0.034838 0.034631
v -0.001600 0.032843 0.034631
v -0.001601 0.031738 0.034631
v -0.000758 0.034810 0.034229
v -0.000758 0.032835 0.034229
v -0.000759 0.031737 0.034229
v 0.000019 0.034777 0.033763
v 0.000019 0.032825 0.033763
v 0.000019 0.031736 0.033763
v -0.002500 0.057000 -0.035000
v -0.002500 0.057000 -0.019816
v 0.002500 0.033027 -0.016308
v -0.002500 0.033027 -0.016308
v 0.002500 0.052028 -0.030028
v 0.000696 0.055200 -0.033201
v 0.002500 0.036584 -0.030028
v -0.002477 0.037412 -0.035000
v 0.000700 0.037112 -0.033201
v 0.002500 0.052028 -0.018987
v 0.000696 0.055200 -0.019516
v 0.002500 0.033798 -0.003899
v -0.002500 0.031165 -0.017079
v 0.002500 0.031165 -0.017079
v -0.002478 0.031165 -0.035000
v 0.000699 0.031165 -0.033201
v 0.002500 0.031165 -0.030028
v 0.002500 0.033798 -0.014447
v -0.002500 0.057000 -0.014447
v -0.002500 0.033798 -0.014447
v 0.000696 0.055200 -0.014447
v 0.002500 0.052028 -0.014447
v 0.000011 0.055763 -0.019609
v -0.000772 0.056229 -0.019687
v -0.001620 0.056631 -0.019754
v -0.001620 0.056631 -0.034631
v -0.000772 0.056229 -0.034229
v 0.000011 0.055763 -0.033763
v 0.002500 0.033747 -0.014960
v 0.002500 0.033597 -0.015454
v 0.002500 0.033354 -0.015909
v -0.002475 0.031739 -0.035000
v -0.002474 0.032851 -0.035000
v -0.002475 0.034864 -0.035000
v 0.002130 0.052902 -0.019133
v 0.001728 0.053743 -0.019273
v 0.001261 0.054520 -0.019402
v 0.001261 0.054520 -0.032520
v 0.001728 0.053743 -0.031743
v 0.002130 0.052902 -0.030902
v 0.000018 0.037206 -0.033763
v -0.000760 0.037284 -0.034229
v -0.001602 0.037351 -0.034631
v 0.000700 0.031734 -0.033201
v 0.000700 0.032814 -0.033201
v 0.000700 0.034737 -0.033201
v 0.002131 0.036729 -0.030902
v 0.001729 0.036870 -0.031743
v 0.001263 0.036999 -0.032520
v 0.002500 0.031726 -0.030028
v 0.002500 0.032747 -0.030028
v 0.002500 0.034514 -0.030028
v 0.002500 0.033798 0.004102
v 0.002500 0.052028 0.004102
v 0.002500 0.052028 -0.003899
v 0.000696 0.055200 0.004102
v 0.000696 0.055200 -0.003899
v -0.002500 0.033798 0.004102
v -0.002500 0.033798 -0.003899
v -0.002500 0.057000 0.004102
v -0.002500 0.057000 -0.003899
v -0.002500 0.032628 -0.016636
v -0.002500 0.032173 -0.016879
v -0.002500 0.031679 -0.017029
v 0.002500 0.032628 -0.016636
v 0.002500 0.032173 -0.016879
v 0.002500 0.031679 -0.017029
v 0.001263 0.031165 -0.032520
v 0.001729 0.031165 -0.031743
v 0.002131 0.031165 -0.030902
v -0.001603 0.031165 -0.034631
v -0.000760 0.031165 -0.034229
v 0.000018 0.031165 -0.033763
v -0.002500 0.057000 -0.017821
v -0.002500 0.057000 -0.016377
v -0.002500 0.057000 -0.015005
v -0.002500 0.033354 -0.015909
v -0.002500 0.033597 -0.015454
v -0.002500 0.033747 -0.014960
v 0.000696 0.055200 -0.017695
v 0.000696 0.055200 -0.016339
v 0.000696 0.055200 -0.015000
v 0.002500 0.052028 -0.017472
v 0.002500 0.052028 -0.016273
v 0.002500 0.052028 -0.014992
v 0.001261 0.054520 -0.014447
v 0.001728 0.053743 -0.014447
v 0.002130 0.052902 -0.014447
v -0.001620 0.056631 -0.014447
v -0.000772 0.056229 -0.014447
v 0.000011 0.055763 -0.014447
v -0.001620 0.056631 -0.015004
v -0.001620 0.056631 -0.016369
v -0.001620 0.056631 -0.017795
v -0.000772 0.056229 -0.015003
v -0.000772 0.056229 -0.016360
v -0.000772 0.056229 -0.017767
v 0.000011 0.055763 -0.015002
v 0.000011 0.055763 -0.016351
v 0.000011 0.055763 -0.017734
v 0.001261 0.054520 -0.014999
v 0.001261 0.054520 -0.016325
v 0.001261 0.054520 -0.017647
v 0.001728 0.053743 -0.014997
v 0.001728 0.053743 -0.016309
v 0.001728 0.053743 -0.017592
v 0.002130 0.052902 -0.014994
v 0.002130 0.052902 -0.016291
v 0.002130 0.052902 -0.017533
v 0.001263 0.034689 -0.032520
v 0.001263 0.032799 -0.032520
v 0.001263 0.031733 -0.032520
v 0.001729 0.034635 -0.031743
v 0.001729 0.032783 -0.031743
v 0.001729 0.031731 -0.031743
v 0.002131 0.034576 -0.030902
v 0.002131 0.032766 -0.030902
v 0.002131 0.031728 -0.030902
v -0.001600 0.034838 -0.034631
v -0.001600 0.032843 -0.034631
v -0.001601 0.031738 -0.034631
v -0.000758 0.034810 -0.034229
v -0.000758 0.032835 -0.034229
v -0.000759 0.031737 -0.034229
v 0.000019 0.034777 -0.033763
v 0.000019 0.032825 -0.033763
v 0.000019 0.031736 -0.033763
v 0.002130 0.052902 0.004102
v 0.002130 0.052902 -0.003899
v 0.001728 0.053743 0.004102
v 0.001728 0.053743 -0.003899
v 0.001261 0.054520 0.004102
v 0.001261 0.054520 -0.003899
v 0.000011 0.055763 0.004102
v 0.000011 0.055763 -0.003899
v -0.000772 0.056229 0.004102
v -0.000772 0.056229 -0.003899
v -0.001620 0.056631 0.004102
v -0.001620 0.056631 -0.003899
v -0.002489 0.044033 0.035000
v 0.000698 0.044033 0.033200
v 0.002500 0.044033 0.030028
v 0.002500 0.044033 0.017648
v 0.002500 0.044033 0.014446
v 0.002500 0.044033 0.016690
v 0.002500 0.044033 0.015863
v 0.002500 0.044033 0.014976
v 0.000015 0.044033 0.033763
v -0.000766 0.044033 0.034229
v -0.001611 0.044033 0.034631
v 0.002131 0.044033 0.030902
v 0.001729 0.044033 0.031743
v 0.001262 0.044033 0.032520
v -0.002489 0.044033 -0.035000
v 0.000698 0.044033 -0.033201
v 0.002500 0.044033 -0.030028
v 0.002500 0.044033 -0.017648
v 0.002500 0.044033 -0.014447
v 0.002500 0.044033 -0.016690
v 0.002500 0.044033 -0.015864
v 0.002500 0.044033 -0.014976
v 0.000015 0.044033 -0.033763
v -0.000766 0.044033 -0.034229
v -0.001611 0.044033 -0.034631
v 0.002131 0.044033 -0.030902
v 0.001729 0.044033 -0.031743
v 0.001262 0.044033 -0.032520
v 0.002500 0.044585 -0.003125
v 0.002500 0.044585 0.003329
v 0.002500 0.033798 0.002959
v 0.002500 0.033798 0.001816
v 0.002500 0.033798 0.000673
v 0.002500 0.033798 -0.000470
v 0.002500 0.033798 -0.001613
v 0.002500 0.033798 -0.002756
v -0.001620 0.056631 0.002959
v -0.001620 0.056631 0.001816
v -0.001620 0.056631 0.000673
v -0.001620 0.056631 -0.000470
v -0.001620 0.056631 -0.001613
v -0.001620 0.056631 -0.002756
v -0.000772 0.056229 0.002959
v -0.000772 0.056229 0.001816
v -0.000772 0.056229 0.000673
v -0.000772 0.056229 -0.000470
v -0.000772 0.056229 -0.001613
v -0.000772 0.056229 -0.002756
v 0.000011 0.055763 0.002959
v 0.000011 0.055763 0.001816
v 0.000011 0.055763 0.000673
v 0.000011 0.055763 -0.000470
v 0.000011 0.055763 -0.001613
v 0.000011 0.055763 -0.002756
v 0.001261 0.054520 0.002959
v 0.001261 0.054520 0.001816
v 0.001261 0.054520 0.000673
v 0.001261 0.054520 -0.000470
v 0.001261 0.054520 -0.001613
v 0.001261 0.054520 -0.002756
v 0.001728 0.053743 0.002959
v 0.001728 0.053743 0.001816
v 0.001728 0.053743 0.000673
v 0.001728 0.053743 -0.000470
v 0.001728 0.053743 -0.001613
v 0.001728 0.053743 -0.002756
v 0.002130 0.052902 0.002959
v 0.002130 0.052902 0.001816
v 0.002130 0.052902 0.000673
v 0.002130 0.052902 -0.000470
v 0.002130 0.052902 -0.001613
v 0.002130 0.052902 -0.002756
v 0.002500 0.052028 -0.002756
v 0.002500 0.052028 -0.001613
v 0.002500 0.052028 -0.000470
v 0.002500 0.052028 0.000673
v 0.002500 0.052028 0.001816
v 0.002500 0.052028 0.002959
v -0.002500 0.033798 -0.002756
v -0.002500 0.033798 -0.001613
v -0.002500 0.033798 -0.000470
v -0.002500 0.033798 0.000673
v -0.002500 0.033798 0.001816
v -0.002500 0.033798 0.002959
v 0.000696 0.055200 -0.002756
v 0.000696 0.055200 -0.001613
v 0.000696 0.055200 -0.000470
v 0.000696 0.055200 0.000673
v 0.000696 0.055200 0.001816
v 0.000696 0.055200 0.002959
v -0.002500 0.057000 -0.002756
v -0.002500 0.057000 -0.001613
v -0.002500 0.057000 -0.000470
v -0.002500 0.057000 0.000673
v -0.002500 0.057000 0.001816
v -0.002500 0.057000 0.002959
v -0.002494 0.050883 0.035000
v 0.000697 0.050883 0.033200
v 0.002500 0.050883 0.030028
v 0.002500 0.050883 0.018317
v 0.002500 0.050883 0.017081
v 0.002500 0.050883 0.016068
v 0.002500 0.050883 0.014984
v -0.002494 0.050883 -0.035000
v 0.000697 0.050883 -0.033201
v 0.002500 0.050883 -0.030028
v 0.002500 0.050883 -0.018317
v 0.002500 0.050883 -0.017081
v 0.002500 0.050883 -0.016068
v 0.002500 0.050883 -0.014984
v 0.002500 0.050883 0.014446
v 0.000013 0.050883 0.033763
v -0.000769 0.050883 0.034229
v -0.001615 0.050883 0.034631
v 0.002131 0.050883 0.030902
v 0.001729 0.050883 0.031743
v 0.001261 0.050883 0.032520
v 0.002500 0.050883 -0.014447
v 0.000013 0.050883 -0.033763
v -0.000769 0.050883 -0.034229
v -0.001615 0.050883 -0.034631
v 0.002131 0.050883 -0.030902
v 0.001729 0.050883 -0.031743
v 0.001261 0.050883 -0.032520
v 0.002500 0.049689 -0.002703
v 0.002500 0.049689 0.002906
v 0.002500 0.050112 -0.002204
v 0.002500 0.050530 -0.001461
v 0.002500 0.050812 -0.000460
v 0.002500 0.050812 0.000663
v 0.002500 0.050530 0.001665
v 0.002500 0.050112 0.002408
v 0.002500 0.049742 0.014446
v 0.002500 0.048600 0.014446
v 0.002500 0.047458 0.014446
v 0.002500 0.046316 0.014446
v 0.002500 0.045175 0.014446
v 0.000013 0.049742 0.033763
v 0.000013 0.048600 0.033763
v 0.000014 0.047458 0.033763
v 0.000014 0.046316 0.033763
v 0.000014 0.045175 0.033763
v -0.000768 0.049742 0.034229
v -0.000768 0.048600 0.034229
v -0.000767 0.047458 0.034229
v -0.000767 0.046316 0.034229
v -0.000766 0.045175 0.034229
v -0.001614 0.049742 0.034631
v -0.001614 0.048600 0.034631
v -0.001613 0.047458 0.034631
v -0.001612 0.046316 0.034631
v -0.001612 0.045175 0.034631
v 0.002131 0.049742 0.030902
v 0.002131 0.048600 0.030902
v 0.002131 0.047458 0.030902
v 0.002131 0.046316 0.030902
v 0.002131 0.045175 0.030902
v 0.001729 0.049742 0.031743
v 0.001729 0.048600 0.031743
v 0.001729 0.047458 0.031743
v 0.001729 0.046316 0.031743
v 0.001729 0.045175 0.031743
v 0.001262 0.049742 0.032520
v 0.001262 0.048600 0.032520
v 0.001262 0.047458 0.032520
v 0.001262 0.046316 0.032520
v 0.001262 0.045175 0.032520
v 0.002500 0.049742 -0.014447
v 0.002500 0.048600 -0.014447
v 0.002500 0.047458 -0.014447
v 0.002500 0.046316 -0.014447
v 0.002500 0.045175 -0.014447
v 0.000013 0.049742 -0.033763
v 0.000013 0.048600 -0.033763
v 0.000014 0.047458 -0.033763
v 0.000014 0.046316 -0.033763
v 0.000014 0.045175 -0.033763
v -0.000768 0.049742 -0.034229
v -0.000768 0.048600 -0.034229
v -0.000767 0.047458 -0.034229
v -0.000767 0.046316 -0.034229
v -0.000766 0.045175 -0.034229
v -0.001614 0.049742 -0.034631
v -0.001614 0.048600 -0.034631
v -0.001613 0.047458 -0.034631
v -0.001612 0.046316 -0.034631
v -0.001612 0.045175 -0.034631
v 0.002131 0.049742 -0.030902
v 0.002131 0.048600 -0.030902
v 0.002131 0.047458 -0.030902
v 0.002131 0.046316 -0.030902
v 0.002131 0.045175 -0.030902
v 0.001729 0.049742 -0.031743
v 0.001729 0.048600 -0.031743
v 0.001729 0.047458 -0.031743
v 0.001729 0.046316 -0.031743
v 0.001729 0.045175 -0.031743
v 0.001262 0.049742 -0.032520
v 0.001262 0.048600 -0.032520
v 0.001262 0.047458 -0.032520
v 0.001262 0.046316 -0.032520
v 0.001262 0.045175 -0.032520
v 0.002500 0.049190 -0.003125
v 0.002500 0.048447 -0.003543
v 0.002500 0.047447 -0.003823
v 0.002500 0.046327 -0.003823
v 0.002500 0.045327 -0.003543
v 0.002500 0.049190 0.003329
v 0.002500 0.048447 0.003746
v 0.002500 0.047447 0.004026
v 0.002500 0.046327 0.004026
v 0.002500 0.045327 0.003746
v -0.002489 0.045175 0.035000
v -0.002490 0.046316 0.035000
v -0.002491 0.047458 0.035000
v -0.002492 0.048600 0.035000
v -0.002493 0.049742 0.035000
v 0.000698 0.045175 0.033200
v 0.000697 0.046316 0.033200
v 0.000697 0.047458 0.033200
v 0.000697 0.048600 0.033200
v 0.000697 0.049742 0.033200
v 0.002500 0.045175 0.030028
v 0.002500 0.046316 0.030028
v 0.002500 0.047458 0.030028
v 0.002500 0.048600 0.030028
v 0.002500 0.049742 0.030028
v 0.002500 0.045175 0.017759
v 0.002500 0.046316 0.017871
v 0.002500 0.047458 0.017982
v 0.002500 0.048600 0.018094
v 0.002500 0.049742 0.018206
v 0.002500 0.045175 0.016756
v 0.002500 0.046316 0.016821
v 0.002500 0.047458 0.016886
v 0.002500 0.048600 0.016951
v 0.002500 0.049742 0.017016
v 0.002500 0.045175 0.015898
v 0.002500 0.046316 0.015932
v 0.002500 0.047458 0.015966
v 0.002500 0.048600 0.016000
v 0.002500 0.049742 0.016034
v 0.002500 0.045175 0.014977
v 0.002500 0.046316 0.014979
v 0.002500 0.047458 0.014980
v 0.002500 0.048600 0.014981
v 0.002500 0.049742 0.014983
v -0.002489 0.045175 -0.035000
v -0.002490 0.046316 -0.035000
v -0.002491 0.047458 -0.035000
v -0.002492 0.048600 -0.035000
v -0.002493 0.049742 -0.035000
v 0.000698 0.045175 -0.033201
v 0.000697 0.046316 -0.033201
v 0.000697 0.047458 -0.033201
v 0.000697 0.048600 -0.033201
v 0.000697 0.049742 -0.033201
v 0.002500 0.045175 -0.030028
v 0.002500 0.046316 -0.030028
v 0.002500 0.047458 -0.030028
v 0.002500 0.048600 -0.030028
v 0.002500 0.049742 -0.030028
v 0.002500 0.045175 -0.017759
v 0.002500 0.046316 -0.017871
v 0.002500 0.047458 -0.017982
v 0.002500 0.048600 -0.018094
v 0.002500 0.049742 -0.018206
v 0.002500 0.045175 -0.016756
v 0.002500 0.046316 -0.016821
v 0.002500 0.047458 -0.016886
v 0.002500 0.048600 -0.016951
v 0.002500 0.049742 -0.017016
v 0.002500 0.045175 -0.015898
v 0.002500 0.046316 -0.015932
v 0.002500 0.047458 -0.015966
v 0.002500 0.048600 -0.016000
v 0.002500 0.049742 -0.016034
v 0.002500 0.045175 -0.014977
v 0.002500 0.046316 -0.014979
v 0.002500 0.047458 -0.014980
v 0.002500 0.048600 -0.014981
v 0.002500 0.049742 -0.014983
v 0.002500 0.042891 0.014446
v 0.000017 0.042891 0.033763
v -0.000763 0.042891 0.034229
v -0.001607 0.042891 0.034631
v 0.002131 0.042891 0.030902
v 0.001729 0.042891 0.031743
v 0.001262 0.042891 0.032520
v 0.002500 0.042891 -0.014447
v 0.000017 0.042891 -0.033763
v -0.000763 0.042891 -0.034229
v -0.001607 0.042891 -0.034631
v 0.002131 0.042891 -0.030902
v 0.001729 0.042891 -0.031743
v 0.001262 0.042891 -0.032520
v 0.002500 0.044086 -0.002703
v 0.002500 0.044086 0.002906
v -0.002483 0.042891 0.035000
v 0.000699 0.042891 0.033200
v 0.002500 0.042891 0.030028
v 0.002500 0.042891 0.016978
v 0.002500 0.042891 0.016300
v 0.002500 0.042891 0.015659
v 0.002500 0.042891 0.014968
v -0.002483 0.042891 -0.035000
v 0.000699 0.042891 -0.033201
v 0.002500 0.042891 -0.030028
v 0.002500 0.042891 -0.016978
v 0.002500 0.042891 -0.016300
v 0.002500 0.042891 -0.015659
v 0.002500 0.042891 -0.014968
v 0.002500 0.043663 -0.002204
v 0.002500 0.043244 -0.001461
v 0.002500 0.042963 -0.000460
v 0.002500 0.042963 0.000663
v 0.002500 0.043244 0.001665
v 0.002500 0.043663 0.002408
v 0.001500 0.045327 -0.003543
v 0.001500 0.044585 -0.003125
v 0.001500 0.045327 0.003746
v 0.001500 0.044585 0.003329
v 0.001500 0.044432 -0.002356
v 0.001500 0.044432 0.002560
v 0.001500 0.044432 0.001577
v 0.001500 0.044432 0.000593
v 0.001500 0.044432 -0.000390
v 0.001500 0.044432 -0.001373
v 0.001500 0.045414 -0.002356
v 0.001500 0.045414 -0.001373
v 0.001500 0.045414 -0.000390
v 0.001500 0.045414 0.000593
v 0.001500 0.045414 0.001577
v 0.001500 0.045414 0.002560
v 0.001500 0.050112 0.002408
v 0.001500 0.050530 0.001665
v 0.001500 0.050812 0.000663
v 0.001500 0.050812 -0.000460
v 0.001500 0.050530 -0.001461
v 0.001500 0.050112 -0.002204
v 0.001500 0.049689 -0.002703
v 0.001500 0.049689 0.002906
v 0.001500 0.049190 -0.003125
v 0.001500 0.048447 -0.003543
v 0.001500 0.047447 -0.003823
v 0.001500 0.046327 -0.003823
v 0.001500 0.049190 0.003329
v 0.001500 0.048447 0.003746
v 0.001500 0.047447 0.004026
v 0.001500 0.046327 0.004026
v 0.001500 0.049343 -0.002356
v 0.001500 0.048360 -0.002356
v 0.001500 0.047378 -0.002356
v 0.001500 0.046396 -0.002356
v 0.001500 0.049343 -0.001373
v 0.001500 0.048360 -0.001373
v 0.001500 0.047378 -0.001373
v 0.001500 0.046396 -0.001373
v 0.001500 0.049343 -0.000390
v 0.001500 0.048360 -0.000390
v 0.001500 0.047378 -0.000390
v 0.001500 0.046396 -0.000390
v 0.001500 0.049343 0.000593
v 0.001500 0.048360 0.000593
v 0.001500 0.047378 0.000593
v 0.001500 0.046396 0.000593
v 0.001500 0.049343 0.001577
v 0.001500 0.048360 0.001577
v 0.001500 0.047378 0.001577
v 0.001500 0.046396 0.001577
v 0.001500 0.049343 0.002560
v 0.001500 0.048360 0.002560
v 0.001500 0.047378 0.002560
v 0.001500 0.046396 0.002560
v 0.001500 0.044086 -0.002703
v 0.001500 0.044086 0.002906
v 0.001500 0.043663 -0.002204
v 0.001500 0.043244 -0.001461
v 0.001500 0.042963 -0.000460
v 0.001500 0.042963 0.000663
v 0.001500 0.043244 0.001665
v 0.001500 0.043663 0.002408
v -0.002500 -0.057000 0.035000
v -0.002500 -0.057000 0.019816
v 0.002500 -0.033027 0.016308
v -0.002500 -0.033027 0.016308
v 0.002500 -0.052028 0.030028
v 0.000696 -0.055200 0.033201
v 0.002500 -0.036584 0.030028
v -0.002477 -0.037412 0.035000
v 0.000700 -0.037112 0.033201
v 0.002500 -0.052028 0.018987
v 0.000696 -0.055200 0.019516
v -0.002500 -0.031165 0.017079
v 0.002500 -0.031165 0.017079
v -0.002478 -0.031165 0.035000
v 0.000699 -0.031165 0.033201
v 0.002500 -0.031165 0.030028
v 0.002500 -0.033798 0.014447
v -0.002500 -0.057000 0.014447
v -0.002500 -0.033798 0.014447
v 0.000696 -0.055200 0.014447
v 0.002500 -0.052028 0.014447
v 0.000011 -0.055763 0.019609
v -0.000772 -0.056229 0.019687
v -0.001620 -0.056631 0.019754
v -0.001620 -0.056631 0.034631
v -0.000772 -0.056229 0.034229
v 0.000011 -0.055763 0.033763
v 0.002500 -0.033747 0.014960
v 0.002500 -0.033597 0.015454
v 0.002500 -0.033354 0.015909
v -0.002475 -0.031739 0.035000
v -0.002474 -0.032851 0.035000
v -0.002475 -0.034864 0.035000
v 0.002130 -0.052902 0.019133
v 0.001728 -0.053743 0.019273
v 0.001261 -0.054520 0.019402
v 0.001261 -0.054520 0.032520
v 0.001728 -0.053743 0.031743
v 0.002130 -0.052902 0.030902
v 0.000018 -0.037206 0.033763
v -0.000760 -0.037284 0.034229
v -0.001602 -0.037351 0.034631
v 0.000700 -0.031734 0.033201
v 0.000700 -0.032814 0.033201
v 0.000700 -0.034737 0.033201
v 0.002131 -0.036729 0.030902
v 0.001729 -0.036870 0.031743
v 0.001263 -0.036999 0.032520
v 0.002500 -0.031726 0.030028
v 0.002500 -0.032747 0.030028
v 0.002500 -0.034514 0.030028
v -0.002500 -0.032628 0.016636
v -0.002500 -0.032173 0.016879
v -0.002500 -0.031679 0.017029
v 0.002500 -0.032628 0.016636
v 0.002500 -0.032173 0.016879
v 0.002500 -0.031679 0.017029
v 0.001263 -0.031165 0.032520
v 0.001729 -0.031165 0.031743
v 0.002131 -0.031165 0.030902
v -0.001603 -0.031165 0.034631
v -0.000760 -0.031165 0.034229
v 0.000018 -0.031165 0.033763
v -0.002500 -0.057000 0.017821
v -0.002500 -0.057000 0.016377
v -0.002500 -0.057000 0.015005
v -0.002500 -0.033354 0.015909
v -0.002500 -0.033597 0.015454
v -0.002500 -0.033747 0.014960
v 0.000696 -0.055200 0.017695
v 0.000696 -0.055200 0.016339
v 0.000696 -0.055200 0.015000
v 0.002500 -0.052028 0.017472
v 0.002500 -0.052028 0.016273
v 0.002500 -0.052028 0.014992
v 0.001261 -0.054520 0.014447
v 0.001728 -0.053743 0.014447
v 0.002130 -0.052902 0.014447
v -0.001620 -0.056631 0.014447
v -0.000772 -0.056229 0.014447
v 0.000011 -0.055763 0.014447
v -0.001620 -0.056631 0.015004
v -0.001620 -0.056631 0.016369
v -0.001620 -0.056631 0.017795
v -0.000772 -0.056229 0.015003
v -0.000772 -0.056229 0.016360
v -0.000772 -0.056229 0.017767
v 0.000011 -0.055763 0.015002
v 0.000011 -0.055763 0.016351
v 0.000011 -0.055763 0.017734
v 0.001261 -0.054520 0.014999
v 0.001261 -0.054520 0.016325
v 0.001261 -0.054520 0.017647
v 0.001728 -0.053743 0.014997
v 0.001728 -0.053743 0.016309
v 0.001728 -0.053743 0.017592
v 0.002130 -0.052902 0.014994
v 0.002130 -0.052902 0.016291
v 0.002130 -0.052902 0.017533
v 0.001263 -0.034689 0.032520
v 0.001263 -0.032799 0.032520
v 0.001263 -0.031733 0.032520
v 0.001729 -0.034635 0.031743
v 0.001729 -0.032783 0.031743
v 0.001729 -0.031731 0.031743
v 0.002131 -0.034576 0.030902
v 0.002131 -0.032766 0.030902
v 0.002131 -0.031728 0.030902
v -0.001600 -0.034838 0.034631
v -0.001600 -0.032843 0.034631
v -0.001601 -0.031738 0.034631
v -0.000758 -0.034810 0.034229
v -0.000758 -0.032835 0.034229
v -0.000759 -0.031737 0.034229
v 0.000019 -0.034777 0.033763
v 0.000019 -0.032825 0.033763
v 0.000019 -0.031736 0.033763
v -0.002500 -0.057000 -0.035000
v -0.002500 -0.057000 -0.019816
v 0.002500 -0.033027 -0.016308
v -0.002500 -0.033027 -0.016308
v 0.002500 -0.052028 -0.030028
v 0.000696 -0.055201 -0.033200
v 0.002500 -0.036584 -0.030028
v -0.002477 -0.037412 -0.035000
v 0.000700 -0.037112 -0.033200
v 0.002500 -0.052028 -0.018987
v 0.000696 -0.055201 -0.019516
v 0.002500 -0.033798 -0.003899
v -0.002500 -0.031165 -0.017079
v 0.002500 -0.031165 -0.017079
v -0.002478 -0.031165 -0.035000
v 0.000699 -0.031165 -0.033200
v 0.002500 -0.031165 -0.030028
v 0.002500 -0.033798 -0.014446
v -0.002500 -0.057000 -0.014446
v -0.002500 -0.033798 -0.014446
v 0.000696 -0.055200 -0.014446
v 0.002500 -0.052028 -0.014446
v 0.000011 -0.055763 -0.019609
v -0.000772 -0.056229 -0.019687
v -0.001620 -0.056631 -0.019754
v -0.001620 -0.056631 -0.034631
v -0.000772 -0.056229 -0.034229
v 0.000011 -0.055763 -0.033763
v 0.002500 -0.033747 -0.014960
v 0.002500 -0.033597 -0.015454
v 0.002500 -0.033354 -0.015909
v -0.002475 -0.031739 -0.035000
v -0.002474 -0.032851 -0.035000
v -0.002475 -0.034864 -0.035000
v 0.002130 -0.052902 -0.019133
v 0.001728 -0.053743 -0.019273
v 0.001261 -0.054520 -0.019402
v 0.001261 -0.054520 -0.032520
v 0.001728 -0.053743 -0.031743
v 0.002130 -0.052902 -0.030902
v 0.000018 -0.037206 -0.033763
v -0.000760 -0.037284 -0.034229
v -0.001602 -0.037351 -0.034631
v 0.000700 -0.031734 -0.033200
v 0.000700 -0.032814 -0.033200
v 0.000700 -0.034737 -0.033200
v 0.002131 -0.036729 -0.030902
v 0.001729 -0.036870 -0.031743
v 0.001263 -0.036999 -0.032520
v 0.002500 -0.031726 -0.030028
v 0.002500 -0.032747 -0.030028
v 0.002500 -0.034514 -0.030028
v 0.002500 -0.033798 0.004102
v 0.002500 -0.052028 0.004102
v 0.002500 -0.052028 -0.003899
v 0.000696 -0.055200 0.004102
v 0.000696 -0.055200 -0.003899
v -0.002500 -0.033798 0.004102
v -0.002500 -0.033798 -0.003899
v -0.002500 -0.057000 0.004102
v -0.002500 -0.057000 -0.003899
v -0.002500 -0.032628 -0.016636
v -0.002500 -0.032173 -0.016879
v -0.002500 -0.031679 -0.017029
v 0.002500 -0.032628 -0.016636
v 0.002500 -0.032173 -0.016879
v 0.002500 -0.031679 -0.017029
v 0.001263 -0.031165 -0.032520
v 0.001729 -0.031165 -0.031743
v 0.002131 -0.031165 -0.030902
v -0.001603 -0.031165 -0.034631
v -0.000760 -0.031165 -0.034229
v 0.000018 -0.031165 -0.033763
v -0.002500 -0.057000 -0.017821
v -0.002500 -0.057000 -0.016376
v -0.002500 -0.057000 -0.015005
v -0.002500 -0.033354 -0.015909
v -0.002500 -0.033597 -0.015454
v -0.002500 -0.033747 -0.014960
v 0.000696 -0.055200 -0.017695
v 0.000696 -0.055201 -0.016339
v 0.000696 -0.055200 -0.015000
v 0.002500 -0.052028 -0.017472
v 0.002500 -0.052028 -0.016273
v 0.002500 -0.052028 -0.014992
v 0.001261 -0.054520 -0.014446
v 0.001728 -0.053743 -0.014446
v 0.002130 -0.052902 -0.014446
v -0.001620 -0.056631 -0.014446
v -0.000772 -0.056229 -0.014446
v 0.000011 -0.055763 -0.014446
v -0.001620 -0.056631 -0.015004
v -0.001620 -0.056631 -0.016369
v -0.001620 -0.056631 -0.017795
v -0.000772 -0.056229 -0.015003
v -0.000772 -0.056229 -0.016360
v -0.000772 -0.056229 -0.017767
v 0.000011 -0.055763 -0.015002
v 0.000011 -0.055763 -0.016351
v 0.000011 -0.055763 -0.017734
v 0.001261 -0.054520 -0.014999
v 0.001261 -0.054520 -0.016325
v 0.001261 -0.054520 -0.017647
v 0.001728 -0.053743 -0.014997
v 0.001728 -0.053743 -0.016309
v 0.001728 -0.053743 -0.017592
v 0.002130 -0.052902 -0.014994
v 0.002130 -0.052902 -0.016291
v 0.002130 -0.052902 -0.017533
v 0.001263 -0.034689 -0.032520
v 0.001263 -0.032799 -0.032520
v 0.001263 -0.031733 -0.032520
v 0.001729 -0.034635 -0.031743
v 0.001729 -0.032783 -0.031743
v 0.001729 -0.031731 -0.031743
v 0.002131 -0.034576 -0.030902
v 0.002131 -0.032766 -0.030902
v 0.002131 -0.031728 -0.030902
v -0.001600 -0.034838 -0.034631
v -0.001600 -0.032843 -0.034631
v -0.001601 -0.031738 -0.034631
v -0.000758 -0.034810 -0.034229
v -0.000758 -0.032835 -0.034229
v -0.000759 -0.031737 -0.034229
v 0.000019 -0.034777 -0.033763
v 0.000019 -0.032825 -0.033763
v 0.000019 -0.031736 -0.033763
v 0.002130 -0.052902 0.004102
v 0.002130 -0.052902 -0.003899
v 0.001728 -0.053743 0.004102
v 0.001728 -0.053743 -0.003899
v 0.001261 -0.054520 0.004102
v 0.001261 -0.054520 -0.003899
v 0.000011 -0.055763 0.004102
v 0.000011 -0.055763 -0.003899
v -0.000772 -0.056229 0.004102
v -0.000772 -0.056229 -0.003899
v -0.001620 -0.056631 0.004102
v -0.001620 -0.056631 -0.003899
v -0.002489 -0.044033 0.035000
v 0.000698 -0.044033 0.033201
v 0.002500 -0.044033 0.030028
v 0.002500 -0.044033 0.017648
v 0.002500 -0.044033 0.014447
v 0.002500 -0.044033 0.016690
v 0.002500 -0.044033 0.015864
v 0.002500 -0.044033 0.014976
v 0.000015 -0.044033 0.033763
v -0.000766 -0.044033 0.034229
v -0.001611 -0.044033 0.034631
v 0.002131 -0.044033 0.030902
v 0.001729 -0.044033 0.031743
v 0.001262 -0.044033 0.032520
v -0.002489 -0.044033 -0.035000
v 0.000698 -0.044033 -0.033200
v 0.002500 -0.044033 -0.030028
v 0.002500 -0.044033 -0.017648
v 0.002500 -0.044033 -0.014446
v 0.002500 -0.044033 -0.016690
v 0.002500 -0.044033 -0.015863
v 0.002500 -0.044033 -0.014976
v 0.000015 -0.044033 -0.033763
v -0.000766 -0.044033 -0.034229
v -0.001611 -0.044033 -0.034631
v 0.002131 -0.044033 -0.030902
v 0.001729 -0.044033 -0.031743
v 0.001262 -0.044033 -0.032520
v 0.002500 -0.044585 -0.003125
v 0.002500 -0.044585 0.003329
v 0.002500 -0.033798 0.002959
v 0.002500 -0.033798 0.001816
v 0.002500 -0.033798 0.000673
v 0.002500 -0.033798 -0.000470
v 0.002500 -0.033798 -0.001613
v 0.002500 -0.033798 -0.002756
v -0.001620 -0.056631 0.002959
v -0.001620 -0.056631 0.001816
v -0.001620 -0.056631 0.000673
v -0.001620 -0.056631 -0.000470
v -0.001620 -0.056631 -0.001613
v -0.001620 -0.056631 -0.002756
v -0.000772 -0.056229 0.002959
v -0.000772 -0.056229 0.001816
v -0.000772 -0.056229 0.000673
v -0.000772 -0.056229 -0.000470
v -0.000772 -0.056229 -0.001613
v -0.000772 -0.056229 -0.002756
v 0.000011 -0.055763 0.002959
v 0.000011 -0.055763 0.001816
v 0.000011 -0.055763 0.000673
v 0.000011 -0.055763 -0.000470
v 0.000011 -0.055763 -0.001613
v 0.000011 -0.055763 -0.002756
v 0.001261 -0.054520 0.002959
v 0.001261 -0.054520 0.001816
v 0.001261 -0.054520 0.000673
v 0.001261 -0.054520 -0.000470
v 0.001261 -0.054520 -0.001613
v 0.001261 -0.054520 -0.002756
v 0.001728 -0.053743 0.002959
v 0.001728 -0.053743 0.001816
v 0.001728 -0.053743 0.000673
v 0.001728 -0.053743 -0.000470
v 0.001728 -0.053743 -0.001613
v 0.001728 -0.053743 -0.002756
v 0.002130 -0.052902 0.002959
v 0.002130 -0.052902 0.001816
v 0.002130 -0.052902 0.000673
v 0.002130 -0.052902 -0.000470
v 0.002130 -0.052902 -0.001613
v 0.002130 -0.052902 -0.002756
v 0.002500 -0.052028 -0.002756
v 0.002500 -0.052028 -0.001613
v 0.002500 -0.052028 -0.000470
v 0.002500 -0.052028 0.000673
v 0.002500 -0.052028 0.001816
v 0.002500 -0.052028 0.002959
v -0.002500 -0.033798 -0.002756
v -0.002500 -0.033798 -0.001613
v -0.002500 -0.033798 -0.000470
v -0.002500 -0.033798 0.000673
v -0.002500 -0.033798 0.001816
v -0.002500 -0.033798 0.002959
v 0.000696 -0.055200 -0.002756
v 0.000696 -0.055200 -0.001613
v 0.000696 -0.055200 -0.000470
v 0.000696 -0.055200 0.000673
v 0.000696 -0.055200 0.001816
v 0.000696 -0.055200 0.002959
v -0.002500 -0.057000 -0.002756
v -0.002500 -0.057000 -0.001613
v -0.002500 -0.057000 -0.000470
v -0.002500 -0.057000 0.000673
v -0.002500 -0.057000 0.001816
v -0.002500 -0.057000 0.002959
v -0.002494 -0.050883 0.035000
v 0.000697 -0.050883 0.033201
v 0.002500 -0.050883 0.030028
v 0.002500 -0.050883 0.018317
v 0.002500 -0.050883 0.017081
v 0.002500 -0.050883 0.016068
v 0.002500 -0.050883 0.014984
v -0.002494 -0.050883 -0.035000
v 0.000697 -0.050883 -0.033200
v 0.002500 -0.050883 -0.030028
v 0.002500 -0.050883 -0.018317
v 0.002500 -0.050883 -0.017081
v 0.002500 -0.050883 -0.016068
v 0.002500 -0.050883 -0.014984
v 0.002500 -0.050883 0.014447
v 0.000013 -0.050883 0.033763
v -0.000769 -0.050883 0.034229
v -0.001615 -0.050883 0.034631
v 0.002131 -0.050883 0.030902
v 0.001729 -0.050883 0.031743
v 0.001261 -0.050883 0.032520
v 0.002500 -0.050883 -0.014446
v 0.000013 -0.050883 -0.033763
v -0.000769 -0.050883 -0.034229
v -0.001615 -0.050883 -0.034631
v 0.002131 -0.050883 -0.030902
v 0.001729 -0.050883 -0.031743
v 0.001261 -0.050883 -0.032520
v 0.002500 -0.049689 -0.002703
v 0.002500 -0.049689 0.002906
v 0.002500 -0.050112 -0.002204
v 0.002500 -0.050530 -0.001461
v 0.002500 -0.050812 -0.000460
v 0.002500 -0.050812 0.000663
v 0.002500 -0.050530 0.001665
v 0.002500 -0.050112 0.002408
v 0.002500 -0.049742 0.014447
v 0.002500 -0.048600 0.014447
v 0.002500 -0.047458 0.014447
v 0.002500 -0.046316 0.014447
v 0.002500 -0.045175 0.014447
v 0.000013 -0.049742 0.033763
v 0.000013 -0.048600 0.033763
v 0.000014 -0.047458 0.033763
v 0.000014 -0.046316 0.033763
v 0.000014 -0.045175 0.033763
v -0.000768 -0.049742 0.034229
v -0.000768 -0.048600 0.034229
v -0.000767 -0.047458 0.034229
v -0.000767 -0.046316 0.034229
v -0.000766 -0.045175 0.034229
v -0.001614 -0.049742 0.034631
v -0.001614 -0.048600 0.034631
v -0.001613 -0.047458 0.034631
v -0.001612 -0.046316 0.034631
v -0.001612 -0.045175 0.034631
v 0.002131 -0.049742 0.030902
v 0.002131 -0.048600 0.030902
v 0.002131 -0.047458 0.030902
v 0.002131 -0.046316 0.030902
v 0.002131 -0.045175 0.030902
v 0.001729 -0.049742 0.031743
v 0.001729 -0.048600 0.031743
v 0.001729 -0.047458 0.031743
v 0.001729 -0.046316 0.031743
v 0.001729 -0.045175 0.031743
v 0.001262 -0.049742 0.032520
v 0.001262 -0.048600 0.032520
v 0.001262 -0.047458 0.032520
v 0.001262 -0.046316 0.032520
v 0.001262 -0.045175 0.032520
v 0.002500 -0.049742 -0.014446
v 0.002500 -0.048600 -0.014446
v 0.002500 -0.047458 -0.014446
v 0.002500 -0.046316 -0.014446
v 0.002500 -0.045175 -0.014446
v 0.000013 -0.049742 -0.033763
v 0.000013 -0.048600 -0.033763
v 0.000014 -0.047458 -0.033763
v 0.000014 -0.046316 -0.033763
v 0.000014 -0.045175 -0.033763
v -0.000768 -0.049742 -0.034229
v -0.000768 -0.048600 -0.034229
v -0.000767 -0.047458 -0.034229
v -0.000767 -0.046316 -0.034229
v -0.000766 -0.045175 -0.034229
v -0.001614 -0.049742 -0.034631
v -0.001614 -0.048600 -0.034631
v -0.001613 -0.047458 -0.034631
v -0.001612 -0.046316 -0.034631
v -0.001612 -0.045175 -0.034631
v 0.002131 -0.049742 -0.030902
v 0.002131 -0.048600 -0.030902
v 0.002131 -0.047458 -0.030902
v 0.002131 -0.046316 -0.030902
v 0.002131 -0.045175 -0.030902
v 0.001729 -0.049742 -0.031743
v 0.001729 -0.048600 -0.031743
v 0.001729 -0.047458 -0.031743
v 0.001729 -0.046316 -0.031743
v 0.001729 -0.045175 -0.031743
v 0.001262 -0.049742 -0.032520
v 0.001262 -0.048600 -0.032520
v 0.001262 -0.047458 -0.032520
v 0.001262 -0.046316 -0.032520
v 0.001262 -0.045175 -0.032520
v 0.002500 -0.049190 -0.003125
v 0.002500 -0.048447 -0.003543
v 0.002500 -0.047447 -0.003823
v 0.002500 -0.046327 -0.003823
v 0.002500 -0.045327 -0.003543
v 0.002500 -0.049190 0.003329
v 0.002500 -0.048447 0.003746
v 0.002500 -0.047447 0.004026
v 0.002500 -0.046327 0.004026
v 0.002500 -0.045327 0.003746
v -0.002489 -0.045175 0.035000
v -0.002490 -0.046316 0.035000
v -0.002491 -0.047458 0.035000
v -0.002492 -0.048600 0.035000
v -0.002493 -0.049742 0.035000
v 0.000698 -0.045175 0.033201
v 0.000697 -0.046316 0.033201
v 0.000697 -0.047458 0.033201
v 0.000697 -0.048600 0.033201
v 0.000697 -0.049742 0.033201
v 0.002500 -0.045175 0.030028
v 0.002500 -0.046316 0.030028
v 0.002500 -0.047458 0.030028
v 0.002500 -0.048600 0.030028
v 0.002500 -0.049742 0.030028
v 0.002500 -0.045175 0.017759
v 0.002500 -0.046316 0.017871
v 0.002500 -0.047458 0.017982
v 0.002500 -0.048600 0.018094
v 0.002500 -0.049742 0.018206
v 0.002500 -0.045175 0.016756
v 0.002500 -0.046316 0.016821
v 0.002500 -0.047458 0.016886
v 0.002500 -0.048600 0.016951
v 0.002500 -0.049742 0.017016
v 0.002500 -0.045175 0.015898
v 0.002500 -0.046316 0.015932
v 0.002500 -0.047458 0.015966
v 0.002500 -0.048600 0.016000
v 0.002500 -0.049742 0.016034
v 0.002500 -0.045175 0.014977
v 0.002500 -0.046316 0.014979
v 0.002500 -0.047458 0.014980
v 0.002500 -0.048600 0.014981
v 0.002500 -0.049742 0.014983
v -0.002489 -0.045175 -0.035000
v -0.002490 -0.046316 -0.035000
v -0.002491 -0.047458 -0.035000
v -0.002492 -0.048600 -0.035000
v -0.002493 -0.049742 -0.035000
v 0.000698 -0.045175 -0.033200
v 0.000697 -0.046316 -0.033200
v 0.000697 -0.047458 -0.033200
v 0.000697 -0.048600 -0.033200
v 0.000697 -0.049742 -0.033200
v 0.002500 -0.045175 -0.030028
v 0.002500 -0.046316 -0.030028
v 0.002500 -0.047458 -0.030028
v 0.002500 -0.048600 -0.030028
v 0.002500 -0.049742 -0.030028
v 0.002500 -0.045175 -0.017759
v 0.002500 -0.046316 -0.017871
v 0.002500 -0.047458 -0.017982
v 0.002500 -0.048600 -0.018094
v 0.002500 -0.049742 -0.018206
v 0.002500 -0.045175 -0.016756
v 0.002500 -0.046316 -0.016821
v 0.002500 -0.047458 -0.016886
v 0.002500 -0.048600 -0.016951
v 0.002500 -0.049742 -0.017016
v 0.002500 -0.045175 -0.015898
v 0.002500 -0.046316 -0.015932
v 0.002500 -0.047458 -0.015966
v 0.002500 -0.048600 -0.016000
v 0.002500 -0.049742 -0.016034
v 0.002500 -0.045175 -0.014977
v 0.002500 -0.046316 -0.014979
v 0.002500 -0.047458 -0.014980
v 0.002500 -0.048600 -0.014981
v 0.002500 -0.049742 -0.014983
v 0.002500 -0.042891 0.014447
v 0.000017 -0.042891 0.033763
v -0.000763 -0.042891 0.034229
v -0.001607 -0.042891 0.034631
v 0.002131 -0.042891 0.030902
v 0.001729 -0.042891 0.031743
v 0.001262 -0.042891 0.032520
v 0.002500 -0.042891 -0.014446
v 0.000017 -0.042891 -0.033763
v -0.000763 -0.042891 -0.034229
v -0.001607 -0.042891 -0.034631
v 0.002131 -0.042891 -0.030902
v 0.001729 -0.042891 -0.031743
v 0.001262 -0.042891 -0.032520
v 0.002500 -0.044086 -0.002703
v 0.002500 -0.044086 0.002906
v -0.002483 -0.042891 0.035000
v 0.000699 -0.042891 0.033201
v 0.002500 -0.042891 0.030028
v 0.002500 -0.042891 0.016978
v 0.002500 -0.042891 0.016300
v 0.002500 -0.042891 0.015659
v 0.002500 -0.042891 0.014968
v -0.002483 -0.042891 -0.035000
v 0.000699 -0.042891 -0.033200
v 0.002500 -0.042891 -0.030028
v 0.002500 -0.042891 -0.016978
v 0.002500 -0.042891 -0.016300
v 0.002500 -0.042891 -0.015659
v 0.002500 -0.042891 -0.014968
v 0.002500 -0.043663 -0.002204
v 0.002500 -0.043244 -0.001461
v 0.002500 -0.042963 -0.000460
v 0.002500 -0.042963 0.000663
v 0.002500 -0.043244 0.001665
v 0.002500 -0.043663 0.002408
v 0.001500 -0.045327 -0.003543
v 0.001500 -0.044585 -0.003125
v 0.001500 -0.045327 0.003746
v 0.001500 -0.044585 0.003329
v 0.001500 -0.044432 -0.002356
v 0.001500 -0.044432 0.002560
v 0.001500 -0.044432 0.001577
v 0.001500 -0.044432 0.000593
v 0.001500 -0.044432 -0.000390
v 0.001500 -0.044432 -0.001373
v 0.001500 -0.045414 -0.002356
v 0.001500 -0.045414 -0.001373
v 0.001500 -0.045414 -0.000390
v 0.001500 -0.045414 0.000593
v 0.001500 -0.045414 0.001577
v 0.001500 -0.045414 0.002560
v 0.001500 -0.050112 0.002408
v 0.001500 -0.050530 0.001665
v 0.001500 -0.050812 0.000663
v 0.001500 -0.050812 -0.000460
v 0.001500 -0.050530 -0.001461
v 0.001500 -0.050112 -0.002204
v 0.001500 -0.049689 -0.002703
v 0.001500 -0.049689 0.002906
v 0.001500 -0.049190 -0.003125
v 0.001500 -0.048447 -0.003543
v 0.001500 -0.047447 -0.003823
v 0.001500 -0.046327 -0.003823
v 0.001500 -0.049190 0.003329
v 0.001500 -0.048447 0.003746
v 0.001500 -0.047447 0.004026
v 0.001500 -0.046327 0.004026
v 0.001500 -0.049343 -0.002356
v 0.001500 -0.048360 -0.002356
v 0.001500 -0.047378 -0.002356
v 0.001500 -0.046396 -0.002356
v 0.001500 -0.049343 -0.001373
v 0.001500 -0.048360 -0.001373
v 0.001500 -0.047378 -0.001373
v 0.001500 -0.046396 -0.001373
v 0.001500 -0.049343 -0.000390
v 0.001500 -0.048360 -0.000390
v 0.001500 -0.047378 -0.000390
v 0.001500 -0.046396 -0.000390
v 0.001500 -0.049343 0.000593
v 0.001500 -0.048360 0.000593
v 0.001500 -0.047378 0.000593
v 0.001500 -0.046396 0.000593
v 0.001500 -0.049343 0.001577
v 0.001500 -0.048360 0.001577
v 0.001500 -0.047378 0.001577
v 0.001500 -0.046396 0.001577
v 0.001500 -0.049343 0.002560
v 0.001500 -0.048360 0.002560
v 0.001500 -0.047378 0.002560
v 0.001500 -0.046396 0.002560
v 0.001500 -0.044086 -0.002703
v 0.001500 -0.044086 0.002906
v 0.001500 -0.043663 -0.002204
v 0.001500 -0.043244 -0.001461
v 0.001500 -0.042963 -0.000460
v 0.001500 -0.042963 0.000663
v 0.001500 -0.043244 0.001665
v 0.001500 -0.043663 0.002408
v -0.002500 -0.032566 0.016529
v -0.002500 -0.032066 0.016664
v -0.002500 -0.031546 0.016710
v -0.002500 0.031546 0.016710
v -0.002500 0.032066 0.016664
v -0.002500 0.032566 0.016529
v -0.002500 -0.032889 0.016106
v -0.002500 -0.032384 0.016227
v -0.002500 -0.031859 0.016267
v -0.002500 0.031859 0.016267
v -0.002500 0.032384 0.016227
v -0.002500 0.032889 0.016106
v -0.002500 -0.033129 0.015626
v -0.002500 -0.032620 0.015731
v -0.002500 -0.032091 0.015767
v -0.002500 0.032091 0.015767
v -0.002500 0.032620 0.015731
v -0.002500 0.033129 0.015626
v -0.002500 -0.033276 0.015106
v -0.002500 -0.032766 0.015196
v -0.002500 -0.032234 0.015226
v -0.002500 0.032234 0.015226
v -0.002500 0.032766 0.015196
v -0.002500 0.033276 0.015106
v -0.002500 -0.033326 0.014566
v -0.002500 -0.032815 0.014639
v -0.002500 -0.032283 0.014664
v -0.002500 0.032283 0.014664
v -0.002500 0.032815 0.014639
v -0.002500 0.033326 0.014566
v -0.002500 -0.033326 0.004195
v -0.002500 -0.032815 0.004252
v -0.002500 -0.032283 0.004272
v -0.002500 0.032283 0.004272
v -0.002500 0.032815 0.004252
v -0.002500 0.033326 0.004195
v -0.002500 -0.033326 0.003026
v -0.002500 -0.032815 0.003066
v -0.002500 -0.032283 0.003080
v -0.002500 0.032283 0.003080
v -0.002500 0.032815 0.003066
v -0.002500 0.033326 0.003026
v -0.002500 -0.033326 0.001856
v -0.002500 -0.032815 0.001880
v -0.002500 -0.032283 0.001889
v -0.002500 0.032283 0.001889
v -0.002500 0.032815 0.001880
v -0.002500 0.033326 0.001856
v -0.002500 -0.033326 0.000686
v -0.002500 -0.032815 0.000695
v -0.002500 -0.032283 0.000697
v -0.002500 0.032283 0.000697
v -0.002500 0.032815 0.000695
v -0.002500 0.033326 0.000686
v -0.002500 -0.033326 -0.000483
v -0.002500 -0.032815 -0.000491
v -0.002500 -0.032283 -0.000494
v -0.002500 0.032283 -0.000494
v -0.002500 0.032815 -0.000491
v -0.002500 0.033326 -0.000483
v -0.002500 -0.033326 -0.001653
v -0.002500 -0.032815 -0.001677
v -0.002500 -0.032283 -0.001685
v -0.002500 0.032283 -0.001685
v -0.002500 0.032815 -0.001677
v -0.002500 0.033326 -0.001653
v -0.002500 -0.033326 -0.002822
v -0.002500 -0.032815 -0.002863
v -0.002500 -0.032283 -0.002877
v -0.002500 0.032283 -0.002877
v -0.002500 0.032815 -0.002863
v -0.002500 0.033326 -0.002822
v -0.002500 -0.033326 -0.003992
v -0.002500 -0.032815 -0.004049
v -0.002500 -0.032283 -0.004068
v -0.002500 0.032283 -0.004068
v -0.002500 0.032815 -0.004049
v -0.002500 0.033326 -0.003992
v -0.002500 -0.033326 -0.014566
v -0.002500 -0.032815 -0.014639
v -0.002500 -0.032283 -0.014664
v -0.002500 0.032283 -0.014664
v -0.002500 0.032815 -0.014639
v -0.002500 0.033326 -0.014566
v -0.002500 -0.033276 -0.015106
v -0.002500 -0.032766 -0.015196
v -0.002500 -0.032234 -0.015226
v -0.002500 0.032234 -0.015226
v -0.002500 0.032766 -0.015196
v -0.002500 0.033276 -0.015106
v -0.002500 -0.033129 -0.015626
v -0.002500 -0.032620 -0.015731
v -0.002500 -0.032091 -0.015767
v -0.002500 0.032091 -0.015767
v -0.002500 0.032620 -0.015731
v -0.002500 0.033129 -0.015626
v -0.002500 -0.032889 -0.016106
v -0.002500 -0.032384 -0.016227
v -0.002500 -0.031859 -0.016267
v -0.002500 0.031859 -0.016267
v -0.002500 0.032384 -0.016227
v -0.002500 0.032889 -0.016106
v -0.002500 -0.032566 -0.016529
v -0.002500 -0.032066 -0.016664
v -0.002500 -0.031546 -0.016710
v -0.002500 0.031546 -0.016710
v -0.002500 0.032066 -0.016664
v -0.002500 0.032566 -0.016529
v -0.002500 0.000000 0.017079
v 0.002500 0.000000 0.017079
v -0.002478 0.000000 0.035000
v 0.000699 0.000000 0.033201
v 0.002500 0.000000 0.030028
v 0.000018 0.000000 0.033763
v -0.000760 0.000000 0.034229
v -0.001603 0.000000 0.034631
v 0.002131 0.000000 0.030902
v 0.001729 0.000000 0.031743
v 0.001263 0.000000 0.032520
v -0.002500 -0.000000 -0.017079
v 0.002500 -0.000000 -0.017079
v -0.002478 -0.000000 -0.035000
v 0.000699 -0.000000 -0.033201
v 0.002500 -0.000000 -0.030028
v 0.000018 -0.000000 -0.033763
v -0.000760 -0.000000 -0.034229
v -0.001603 -0.000000 -0.034631
v 0.002131 -0.000000 -0.030902
v 0.001729 -0.000000 -0.031743
v 0.001263 -0.000000 -0.032520
v -0.002500 0.000000 0.016710
v -0.002500 0.000000 0.016267
v -0.002500 0.000000 0.015767
v -0.002500 0.000000 0.015226
v -0.002500 0.000000 0.014664
v -0.002500 0.000000 0.004272
v -0.002500 0.000000 0.003080
v -0.002500 0.000000 0.001889
v -0.002500 0.000000 0.000697
v -0.002500 -0.000000 -0.000494
v -0.002500 -0.000000 -0.001685
v -0.002500 -0.000000 -0.002877
v -0.002500 -0.000000 -0.004068
v -0.002500 -0.000000 -0.014664
v -0.002500 -0.000000 -0.015226
v -0.002500 -0.000000 -0.015767
v -0.002500 -0.000000 -0.016267
v -0.002500 -0.000000 -0.016710
vn 0.9801 -0.0000 0.1984
vn 1.0000 -0.0000 -0.0000
vn 0.9800 0.1989 -0.0000
vn 0.4076 0.9131 -0.0000
vn 0.4024 0.9154 -0.0000
vn 0.4585 0.8887 -0.0000
vn 0.4704 0.8824 -0.0000
vn 0.5533 0.8330 -0.0000
vn 0.5746 0.8185 -0.0000
vn 0.3870 0.9221 -0.0000
vn 0.3867 0.9222 -0.0000
vn 0.6775 0.7356 -0.0000
vn 0.7052 0.7090 -0.0001
vn 0.8154 0.5788 -0.0000
vn 0.7959 0.6055 -0.0000
vn 0.8700 0.4931 -0.0000
vn 0.8807 0.4737 -0.0000
vn 0.9075 0.4200 -0.0000
vn 0.9118 0.4107 -0.0000
vn 0.9769 0.1509 0.1511
vn 0.4724 -0.0000 0.8814
vn 0.5769 -0.0000 0.8168
vn 0.5770 -0.0005 0.8167
vn 0.4727 -0.0005 0.8812
vn 0.5768 0.0005 0.8169
vn 0.7065 0.0005 0.7077
vn 0.7065 -0.0000 0.7077
vn 0.4096 -0.0000 0.9123
vn 0.4097 -0.0007 0.9122
vn 0.8163 0.0002 0.5777
vn 0.8162 -0.0000 0.5778
vn 0.8809 -0.0000 0.4733
vn 0.9120 -0.0000 0.4102
vn 0.8164 -0.0002 0.5775
vn 0.4092 0.0009 0.9124
vn 0.4097 0.0003 0.9122
vn 0.4727 0.0003 0.8812
vn 0.4718 0.0006 0.8817
vn 0.5769 0.0002 0.8168
vn 0.5764 0.0006 0.8172
vn 0.3870 0.0003 0.9221
vn 0.4081 0.0003 0.9129
vn 0.4028 0.0003 0.9153
vn 0.3873 0.0003 0.9220
vn 0.5753 0.0002 0.8179
vn 0.7056 0.0002 0.7086
vn 0.6778 0.0002 0.7352
vn 0.5539 0.0002 0.8326
vn 0.8160 0.0001 0.5781
vn 0.8162 0.0001 0.5778
vn 0.8808 -0.0000 0.4734
vn 0.8807 -0.0000 0.4736
vn 0.8155 0.0002 0.5788
vn 0.7957 0.0001 0.6057
vn 0.9119 -0.0001 0.4105
vn 0.9801 0.0001 0.1985
vn 0.9074 -0.0001 0.4203
vn 0.5747 0.8184 -0.0000
vn 0.5747 0.8183 -0.0001
vn 0.7052 0.7090 -0.0000
vn 0.7052 0.7090 0.0004
vn 0.5748 0.8183 -0.0000
vn 0.8155 0.5787 -0.0001
vn 0.8156 0.5786 -0.0000
vn 0.9119 0.4104 -0.0000
vn 0.8155 0.5788 -0.0000
vn -0.0000 -0.9808 -0.1950
vn -0.0000 -0.9239 -0.3826
vn -0.0000 -0.7071 -0.7071
vn -0.0000 -0.8315 -0.5555
vn -0.0000 -0.9988 -0.0494
vn -0.0000 -0.1951 -0.9808
vn -0.0000 -0.3826 -0.9239
vn -0.0000 -0.5558 -0.8313
vn -0.0000 -0.0489 -0.9988
vn -0.0000 -1.0000 -0.0000
vn 0.4096 -0.0000 -0.9123
vn 0.4097 0.0007 -0.9122
vn 0.3887 0.0008 -0.9214
vn 0.3886 -0.0000 -0.9214
vn 0.8163 -0.0000 0.5777
vn 0.8162 -0.0002 0.5778
vn 0.7067 0.0001 0.7075
vn 0.7070 0.0002 0.7072
vn 0.7069 -0.0000 0.7074
vn 0.7068 -0.0005 0.7074
vn 0.7066 -0.0004 0.7076
vn 0.4099 0.0002 0.9121
vn 0.4100 -0.0002 0.9121
vn 0.4731 -0.0002 0.8810
vn 0.4731 0.0002 0.8810
vn 0.4099 -0.0009 0.9121
vn 0.4725 -0.0007 0.8813
vn 0.5771 -0.0001 0.8167
vn 0.5770 0.0001 0.8168
vn 0.5772 -0.0006 0.8166
vn 0.3889 0.0003 0.9213
vn 0.3891 0.0002 0.9212
vn 0.3893 -0.0001 0.9211
vn 0.3892 -0.0010 0.9212
vn 0.3887 -0.0008 0.9214
vn -0.0000 -0.0000 -1.0000
vn -0.0000 -0.9988 0.0492
vn 0.9801 -0.0000 -0.1984
vn 0.5536 0.8328 -0.0000
vn 0.6777 0.7353 -0.0000
vn 0.7955 0.6059 -0.0000
vn 0.9769 0.1509 -0.1511
vn 0.4724 -0.0000 -0.8814
vn 0.4727 -0.0005 -0.8812
vn 0.5768 -0.0005 -0.8169
vn 0.5769 -0.0000 -0.8168
vn 0.7065 -0.0000 -0.7077
vn 0.7066 0.0004 -0.7076
vn 0.5770 0.0005 -0.8167
vn 0.4097 -0.0007 -0.9122
vn 0.8162 -0.0000 -0.5778
vn 0.8164 0.0002 -0.5775
vn 0.8809 -0.0000 -0.4733
vn 0.9120 -0.0000 -0.4102
vn 0.8163 -0.0002 -0.5777
vn 0.4092 0.0009 -0.9124
vn 0.4721 0.0007 -0.8815
vn 0.4727 0.0003 -0.8812
vn 0.4097 0.0003 -0.9122
vn 0.5765 0.0006 -0.8171
vn 0.5765 0.0002 -0.8171
vn 0.3870 0.0003 -0.9221
vn 0.3873 0.0003 -0.9220
vn 0.4028 0.0003 -0.9153
vn 0.4081 0.0003 -0.9129
vn 0.5750 0.0002 -0.8182
vn 0.5539 0.0002 -0.8326
vn 0.6778 0.0002 -0.7353
vn 0.7055 0.0002 -0.7087
vn 0.8162 0.0001 -0.5778
vn 0.8807 -0.0000 -0.4736
vn 0.8808 -0.0000 -0.4734
vn 0.8164 0.0001 -0.5775
vn 0.7957 0.0001 -0.6057
vn 0.8157 0.0002 -0.5785
vn 0.9119 -0.0001 -0.4105
vn 0.9074 -0.0000 -0.4203
vn 0.9801 0.0001 -0.1985
vn -0.0000 -0.9808 0.1951
vn -0.0000 -0.9239 0.3826
vn -0.0000 -0.8315 0.5555
vn -0.0000 -0.7071 0.7071
vn -0.0000 -0.1951 0.9808
vn -0.0000 -0.3827 0.9239
vn -0.0000 -0.5558 0.8313
vn -0.0000 -0.0489 0.9988
vn 0.8810 -0.0000 -0.4730
vn 0.8164 -0.0002 -0.5775
vn 0.7066 0.0001 -0.7076
vn 0.7071 0.0002 -0.7071
vn 0.7070 -0.0000 -0.7072
vn 0.7067 -0.0005 -0.7075
vn 0.7065 -0.0005 -0.7077
vn 0.4099 0.0002 -0.9121
vn 0.4731 0.0002 -0.8810
vn 0.4731 -0.0002 -0.8810
vn 0.4100 -0.0002 -0.9121
vn 0.4726 -0.0007 -0.8813
vn 0.4099 -0.0009 -0.9121
vn 0.5769 0.0001 -0.8168
vn 0.5770 -0.0001 -0.8168
vn 0.5769 -0.0006 -0.8168
vn 0.3890 0.0003 -0.9212
vn 0.3892 0.0002 -0.9212
vn 0.3893 -0.0001 -0.9211
vn 0.3889 -0.0010 -0.9213
vn 0.3887 -0.0008 -0.9214
vn -0.0000 -0.0000 1.0000
vn -0.0000 0.0489 0.9988
vn 0.9118 -0.0000 -0.4105
vn 0.7064 0.0004 -0.7078
vn 0.7060 0.0004 -0.7082
vn 0.8160 0.0001 -0.5780
vn 0.8807 -0.0000 -0.4737
vn 0.8159 0.0001 -0.5782
vn 0.5760 0.0005 -0.8174
vn 0.3884 0.0010 -0.9215
vn 0.3882 0.0010 -0.9216
vn 0.4088 0.0008 -0.9126
vn 0.4715 0.0002 -0.8818
vn 0.5755 0.0003 -0.8178
vn 0.4716 0.0007 -0.8818
vn 0.4086 0.0002 -0.9127
vn 0.9118 -0.0000 0.4105
vn 0.7065 0.0004 0.7077
vn 0.8158 0.0001 0.5783
vn 0.7061 0.0004 0.7081
vn 0.8807 -0.0000 0.4737
vn 0.8157 0.0001 0.5785
vn 0.5760 0.0006 0.8175
vn 0.3881 0.0010 0.9216
vn 0.4088 0.0008 0.9126
vn 0.3883 0.0010 0.9215
vn 0.4711 0.0002 0.8821
vn 0.4716 0.0007 0.8818
vn 0.5758 0.0003 0.8176
vn 0.4086 0.0002 0.9127
vn 0.4710 0.0003 0.8821
vn 0.4586 0.0003 0.8886
vn 0.8806 0.0002 0.4739
vn 0.8700 0.0001 0.4930
vn 0.4589 0.0003 -0.8885
vn 0.4710 0.0003 -0.8821
vn 0.8701 -0.0000 -0.4929
vn 0.8806 0.0002 -0.4739
vn 0.7055 0.0001 -0.7087
vn 0.5754 0.0002 -0.8179
vn 0.3872 0.0003 -0.9220
vn 0.4083 0.0002 -0.9129
vn 0.7055 0.0001 0.7087
vn 0.8158 0.0001 0.5784
vn 0.5755 0.0001 0.8178
vn 0.3872 0.0003 0.9220
vn 0.4083 0.0002 0.9129
vn 0.3876 0.0002 0.9218
vn 0.3875 0.0003 0.9219
vn 0.4085 0.0003 0.9128
vn 0.3874 0.0003 0.9219
vn 0.4084 0.0002 0.9128
vn 0.3878 0.0003 0.9217
vn 0.7058 0.0002 0.7084
vn 0.7057 0.0002 0.7085
vn 0.5759 0.0001 0.8175
vn 0.7057 0.0001 0.7085
vn 0.5758 0.0002 0.8176
vn 0.7059 0.0001 0.7083
vn 0.5756 0.0002 0.8177
vn 0.8155 0.0001 0.5787
vn 0.8155 -0.0000 0.5788
vn 0.3879 0.0003 -0.9217
vn 0.3875 0.0003 -0.9219
vn 0.3874 0.0003 -0.9219
vn 0.4085 0.0003 -0.9128
vn 0.4084 0.0002 -0.9128
vn 0.7058 0.0002 -0.7084
vn 0.5759 0.0003 -0.8175
vn 0.7057 0.0002 -0.7085
vn 0.5755 0.0002 -0.8178
vn 0.7056 0.0001 -0.7086
vn 0.5757 0.0002 -0.8177
vn 0.7057 0.0001 -0.7085
vn 0.8158 0.0001 -0.5784
vn 0.8157 -0.0000 -0.5785
vn -0.0000 -0.3822 -0.9241
vn -0.0000 -0.1361 -0.9907
vn -0.0000 -0.5706 -0.8212
vn -0.0000 -0.7068 -0.7075
vn -0.0000 0.3830 0.9238
vn -0.0000 0.1361 0.9907
vn -0.0000 -0.1361 0.9907
vn -0.0000 -0.7067 0.7075
vn -0.0000 -0.8205 0.5716
vn -0.0000 -0.5706 0.8212
vn -0.0000 -0.9236 0.3834
vn -0.0000 0.5705 -0.8213
vn -0.0000 0.7068 -0.7075
vn -0.0000 0.8206 0.5715
vn -0.0000 0.7067 0.7075
vn -0.0000 -0.9906 0.1365
vn -0.0000 0.5704 0.8214
vn -0.0000 0.8207 -0.5713
vn -0.0000 0.9235 0.3835
vn 0.4713 0.0002 0.8820
vn 0.4715 0.0002 0.8819
vn 0.8806 0.0001 0.4738
vn 0.4713 0.0002 -0.8820
vn 0.4710 0.0002 -0.8821
vn 0.4711 0.0002 -0.8821
vn 0.4715 0.0002 -0.8819
vn 0.8806 0.0001 -0.4738
vn -0.0000 -0.9906 -0.1367
vn -0.0000 0.9907 0.1364
vn -0.0000 -0.8206 -0.5715
vn -0.0000 -0.9236 -0.3833
vn -0.0000 0.9907 -0.1363
vn -0.0000 0.3825 -0.9240
vn -0.0000 0.1361 -0.9907
vn -0.0000 0.9236 -0.3834
vn 0.9800 -0.1989 -0.0000
vn 0.4076 -0.9131 -0.0000
vn 0.4704 -0.8824 -0.0000
vn 0.4585 -0.8887 -0.0000
vn 0.4024 -0.9154 -0.0000
vn 0.5748 -0.8183 -0.0000
vn 0.5536 -0.8328 -0.0000
vn 0.3867 -0.9222 -0.0000
vn 0.7052 -0.7090 -0.0000
vn 0.6777 -0.7353 -0.0000
vn 0.8155 -0.5788 -0.0000
vn 0.8807 -0.4737 -0.0000
vn 0.8700 -0.4931 -0.0000
vn 0.7955 -0.6059 -0.0000
vn 0.9119 -0.4104 -0.0000
vn 0.9075 -0.4200 -0.0000
vn 0.9769 -0.1509 0.1511
vn 0.4092 -0.0009 0.9124
vn 0.4721 -0.0007 0.8815
vn 0.4727 -0.0003 0.8812
vn 0.4097 -0.0003 0.9122
vn 0.5765 -0.0006 0.8171
vn 0.5765 -0.0002 0.8171
vn 0.3870 -0.0003 0.9221
vn 0.3873 -0.0003 0.9220
vn 0.4028 -0.0003 0.9153
vn 0.4081 -0.0003 0.9129
vn 0.5750 -0.0002 0.8182
vn 0.5539 -0.0002 0.8326
vn 0.6778 -0.0002 0.7353
vn 0.7055 -0.0002 0.7087
vn 0.8162 -0.0001 0.5778
vn 0.8164 -0.0001 0.5775
vn 0.7957 -0.0001 0.6057
vn 0.8157 -0.0002 0.5785
vn 0.9119 0.0001 0.4105
vn 0.9074 -0.0000 0.4203
vn 0.9801 -0.0001 0.1985
vn 0.9118 -0.4107 -0.0000
vn -0.0000 0.9808 -0.1951
vn -0.0000 0.9239 -0.3826
vn -0.0000 0.7071 -0.7071
vn -0.0000 0.8315 -0.5555
vn -0.0000 0.9988 -0.0492
vn -0.0000 0.1951 -0.9808
vn -0.0000 0.3827 -0.9239
vn -0.0000 0.5558 -0.8313
vn -0.0000 0.0489 -0.9988
vn -0.0000 1.0000 -0.0000
vn 0.8810 -0.0000 0.4730
vn 0.8164 0.0002 0.5775
vn 0.7066 -0.0001 0.7076
vn 0.7071 -0.0002 0.7071
vn 0.7070 -0.0000 0.7072
vn 0.7067 0.0005 0.7075
vn 0.4099 -0.0002 0.9121
vn 0.4100 0.0002 0.9121
vn 0.4726 0.0007 0.8813
vn 0.4099 0.0009 0.9121
vn 0.5769 -0.0001 0.8168
vn 0.5769 0.0006 0.8168
vn 0.3890 -0.0003 0.9212
vn 0.3892 -0.0002 0.9212
vn 0.3893 0.0001 0.9211
vn 0.3889 0.0010 0.9213
vn 0.4097 0.0007 0.9122
vn 0.3887 0.0008 0.9214
vn 0.4727 0.0005 0.8812
vn -0.0000 0.9988 0.0494
vn 0.5533 -0.8330 -0.0000
vn 0.5746 -0.8185 -0.0000
vn 0.3870 -0.9221 -0.0000
vn 0.6775 -0.7356 -0.0000
vn 0.7052 -0.7090 0.0001
vn 0.8154 -0.5788 -0.0000
vn 0.7959 -0.6055 -0.0000
vn 0.9769 -0.1509 -0.1511
vn 0.4092 -0.0009 -0.9124
vn 0.4097 -0.0003 -0.9122
vn 0.4727 -0.0003 -0.8812
vn 0.4718 -0.0006 -0.8817
vn 0.5769 -0.0002 -0.8168
vn 0.5764 -0.0006 -0.8172
vn 0.3870 -0.0003 -0.9221
vn 0.4081 -0.0003 -0.9129
vn 0.4028 -0.0003 -0.9153
vn 0.3873 -0.0003 -0.9220
vn 0.5753 -0.0002 -0.8179
vn 0.7056 -0.0002 -0.7086
vn 0.6778 -0.0002 -0.7352
vn 0.5539 -0.0002 -0.8326
vn 0.8160 -0.0001 -0.5781
vn 0.8162 -0.0001 -0.5778
vn 0.8155 -0.0002 -0.5788
vn 0.7957 -0.0001 -0.6057
vn 0.9119 0.0001 -0.4105
vn 0.9801 -0.0001 -0.1985
vn 0.9074 0.0001 -0.4203
vn 0.5747 -0.8184 -0.0000
vn 0.5747 -0.8183 0.0001
vn 0.7052 -0.7090 -0.0004
vn 0.8155 -0.5787 0.0001
vn 0.8156 -0.5786 -0.0000
vn -0.0000 0.9808 0.1950
vn -0.0000 0.9239 0.3826
vn -0.0000 0.8315 0.5555
vn -0.0000 0.7071 0.7071
vn -0.0000 0.1951 0.9808
vn -0.0000 0.3826 0.9239
vn -0.0000 0.5558 0.8313
vn 0.8163 -0.0000 -0.5777
vn 0.8162 0.0002 -0.5778
vn 0.7067 -0.0001 -0.7075
vn 0.7070 -0.0002 -0.7072
vn 0.7069 -0.0000 -0.7074
vn 0.7068 0.0005 -0.7074
vn 0.4099 -0.0002 -0.9121
vn 0.4100 0.0002 -0.9121
vn 0.4099 0.0009 -0.9121
vn 0.4725 0.0007 -0.8813
vn 0.5771 0.0001 -0.8167
vn 0.5772 0.0006 -0.8166
vn 0.3889 -0.0003 -0.9213
vn 0.3891 -0.0002 -0.9212
vn 0.3893 0.0001 -0.9211
vn 0.3892 0.0010 -0.9212
vn 0.4727 0.0005 -0.8812
vn 0.7065 -0.0004 -0.7077
vn 0.8158 -0.0001 -0.5783
vn 0.7061 -0.0004 -0.7081
vn 0.8157 -0.0001 -0.5785
vn 0.5760 -0.0006 -0.8175
vn 0.3881 -0.0010 -0.9216
vn 0.4088 -0.0008 -0.9126
vn 0.3883 -0.0010 -0.9215
vn 0.4711 -0.0002 -0.8821
vn 0.4716 -0.0007 -0.8818
vn 0.5758 -0.0003 -0.8176
vn 0.4086 -0.0002 -0.9127
vn 0.7064 -0.0004 0.7078
vn 0.7060 -0.0004 0.7082
vn 0.8160 -0.0001 0.5780
vn 0.8159 -0.0001 0.5782
vn 0.5760 -0.0005 0.8174
vn 0.3884 -0.0010 0.9215
vn 0.3882 -0.0010 0.9216
vn 0.4088 -0.0008 0.9126
vn 0.4715 -0.0002 0.8818
vn 0.5755 -0.0003 0.8178
vn 0.4716 -0.0007 0.8818
vn 0.4086 -0.0002 0.9127
vn 0.4589 -0.0003 0.8885
vn 0.4710 -0.0003 0.8821
vn 0.8701 -0.0000 0.4929
vn 0.8806 -0.0002 0.4739
vn 0.4710 -0.0003 -0.8821
vn 0.4586 -0.0003 -0.8886
vn 0.8806 -0.0002 -0.4739
vn 0.8700 -0.0001 -0.4930
vn 0.7055 -0.0001 -0.7087
vn 0.8158 -0.0001 -0.5784
vn 0.5755 -0.0001 -0.8178
vn 0.3872 -0.0003 -0.9220
vn 0.4083 -0.0002 -0.9129
vn 0.7055 -0.0001 0.7087
vn 0.5754 -0.0002 0.8179
vn 0.3872 -0.0003 0.9220
vn 0.4083 -0.0002 0.9129
vn 0.3879 -0.0003 0.9217
vn 0.3875 -0.0003 0.9219
vn 0.3874 -0.0003 0.9219
vn 0.4085 -0.0003 0.9128
vn 0.4084 -0.0002 0.9128
vn 0.7058 -0.0002 0.7084
vn 0.5759 -0.0003 0.8175
vn 0.7057 -0.0002 0.7085
vn 0.5755 -0.0002 0.8178
vn 0.7056 -0.0001 0.7086
vn 0.5757 -0.0002 0.8177
vn 0.7057 -0.0001 0.7085
vn 0.8158 -0.0001 0.5784
vn 0.8157 -0.0000 0.5785
vn 0.3876 -0.0002 -0.9218
vn 0.3875 -0.0003 -0.9219
vn 0.4085 -0.0003 -0.9128
vn 0.3874 -0.0003 -0.9219
vn 0.4084 -0.0002 -0.9128
vn 0.3878 -0.0003 -0.9217
vn 0.7058 -0.0002 -0.7084
vn 0.7057 -0.0002 -0.7085
vn 0.5759 -0.0001 -0.8175
vn 0.7057 -0.0001 -0.7085
vn 0.5758 -0.0002 -0.8176
vn 0.7059 -0.0001 -0.7083
vn 0.5756 -0.0002 -0.8177
vn 0.8155 -0.0001 -0.5787
vn 0.8155 -0.0000 -0.5788
vn -0.0000 0.3822 -0.9241
vn -0.0000 0.5706 -0.8212
vn -0.0000 -0.3830 0.9238
vn -0.0000 0.3827 0.9239
vn -0.0000 0.8205 0.5716
vn -0.0000 0.5706 0.8212
vn -0.0000 0.9236 0.3834
vn -0.0000 -0.5705 -0.8213
vn -0.0000 -0.8206 0.5715
vn -0.0000 0.9906 0.1365
vn -0.0000 -0.5704 0.8214
vn -0.0000 -0.8207 -0.5713
vn -0.0000 -0.9235 0.3835
vn 0.4713 -0.0002 0.8820
vn 0.4710 -0.0002 0.8821
vn 0.4711 -0.0002 0.8821
vn 0.4715 -0.0002 0.8819
vn 0.8806 -0.0001 0.4738
vn 0.4713 -0.0002 -0.8820
vn 0.4715 -0.0002 -0.8819
vn 0.8806 -0.0001 -0.4738
vn -0.0000 0.9906 -0.1367
vn -0.0000 -0.9907 0.1364
vn -0.0000 0.8206 -0.5715
vn -0.0000 0.9236 -0.3833
vn -0.0000 -0.9907 -0.1363
vn -0.0000 -0.3825 -0.9240
vn -0.0000 -0.9236 -0.3834
vn 0.3886 -0.0000 0.9214
vt 0.116165 0.056888
vt 0.157078 0.056883
vt 0.180161 0.145869
vt 0.116175 0.141533
vt 0.188905 0.141193
vt 0.185701 0.142166
vt 0.181962 0.056879
vt 0.188593 0.057171
vt 0.170502 0.056881
vt 0.182749 0.143745
vt 0.192237 0.056880
vt 0.192237 0.140864
vt 0.064340 0.154469
vt 0.056916 0.154418
vt 0.056916 0.146110
vt 0.064340 0.147437
vt 0.056915 0.138336
vt 0.064339 0.140868
vt 0.116176 0.157952
vt 0.116176 0.154568
vt 0.175488 0.154615
vt 0.175160 0.157948
vt 0.116175 0.145931
vt 0.178037 0.148458
vt 0.015354 0.123537
vt 0.015343 0.027049
vt 0.021428 0.029653
vt 0.021439 0.123970
vt 0.027336 0.032675
vt 0.027347 0.124473
vt 0.009149 0.024654
vt 0.009161 0.123138
vt 0.033084 0.036322
vt 0.033095 0.125081
vt 0.038832 0.125816
vt 0.038822 0.040735
vt 0.044704 0.045774
vt 0.044714 0.126655
vt 0.050753 0.051231
vt 0.050762 0.127564
vt 0.056905 0.056896
vt 0.056914 0.128508
vt 0.394372 0.021469
vt 0.394372 0.027350
vt 0.192251 0.027347
vt 0.192251 0.021466
vt 0.596492 0.027352
vt 0.596493 0.033079
vt 0.394371 0.033077
vt 0.394371 0.015415
vt 0.192250 0.015411
vt 0.596497 0.038805
vt 0.394371 0.038803
vt 0.394371 0.044680
vt 0.394371 0.050729
vt 0.192239 0.050729
vt 0.192242 0.044678
vt 0.596503 0.050730
vt 0.596505 0.056882
vt 0.394371 0.056881
vt 0.192246 0.038801
vt 0.596504 0.140866
vt 0.394371 0.140865
vt 0.116158 0.015395
vt 0.152096 0.015412
vt 0.152531 0.021466
vt 0.116160 0.021457
vt 0.153036 0.027348
vt 0.116161 0.027345
vt 0.064321 0.009173
vt 0.064322 0.015358
vt 0.027047 0.015342
vt 0.024649 0.009149
vt 0.064325 0.027336
vt 0.064326 0.033080
vt 0.036326 0.033080
vt 0.032676 0.027333
vt 0.116163 0.038810
vt 0.154381 0.038807
vt 0.155222 0.044684
vt 0.116164 0.044689
vt 0.156133 0.050731
vt 0.116164 0.050736
vt 0.064327 0.038815
vt 0.040740 0.038817
vt 0.064329 0.050743
vt 0.064330 0.056895
vt 0.051239 0.050745
vt 0.015358 0.154343
vt 0.015357 0.145492
vt 0.021442 0.145546
vt 0.021443 0.154350
vt 0.015356 0.136241
vt 0.021441 0.136423
vt 0.027349 0.145608
vt 0.027350 0.154357
vt 0.027348 0.136635
vt 0.009165 0.157960
vt 0.009165 0.154338
vt 0.015358 0.157960
vt 0.009164 0.145443
vt 0.009163 0.136073
vt 0.033096 0.136891
vt 0.033097 0.145684
vt 0.033098 0.154366
vt 0.027350 0.157959
vt 0.033098 0.157958
vt 0.021443 0.157959
vt 0.038835 0.154377
vt 0.038834 0.145775
vt 0.044715 0.145880
vt 0.044716 0.154390
vt 0.038834 0.137201
vt 0.044715 0.137555
vt 0.050764 0.145993
vt 0.050764 0.154403
vt 0.050763 0.137938
vt 0.038835 0.157958
vt 0.050765 0.157957
vt 0.056917 0.157956
vt 0.044716 0.157957
vt 0.070015 0.696244
vt 0.070015 0.692896
vt 0.102445 0.692896
vt 0.102445 0.696244
vt 0.070015 0.686201
vt 0.102445 0.686201
vt 0.102445 0.689549
vt 0.070015 0.689549
vt 0.102445 0.699592
vt 0.070015 0.699592
vt 0.927880 0.881044
vt 0.960310 0.881044
vt 0.960310 0.884391
vt 0.927880 0.884391
vt 0.960310 0.887739
vt 0.927880 0.887739
vt 0.960310 0.877696
vt 0.927880 0.877696
vt 0.960310 0.891087
vt 0.927880 0.891087
vt 0.070015 0.766685
vt 0.102445 0.766685
vt 0.394369 0.487892
vt 0.596491 0.487893
vt 0.596491 0.494054
vt 0.394369 0.494053
vt 0.169361 0.038805
vt 0.181617 0.038803
vt 0.181726 0.044679
vt 0.169717 0.044682
vt 0.188553 0.039045
vt 0.188565 0.044943
vt 0.181843 0.050727
vt 0.170102 0.050729
vt 0.188579 0.051004
vt 0.153645 0.033079
vt 0.169049 0.033078
vt 0.181522 0.033078
vt 0.188541 0.033289
vt 0.192250 0.033076
vt 0.168397 0.015419
vt 0.181335 0.015424
vt 0.181386 0.021475
vt 0.168580 0.021471
vt 0.188519 0.015550
vt 0.188525 0.021620
vt 0.181446 0.027352
vt 0.168792 0.027351
vt 0.188532 0.027527
vt 0.151695 0.009252
vt 0.168228 0.009262
vt 0.181289 0.009267
vt 0.188514 0.009384
vt 0.192249 0.009250
vt 0.960310 0.675562
vt 0.927880 0.675562
vt 0.102445 0.818579
vt 0.070015 0.818579
vt 0.070015 0.811166
vt 0.102445 0.811166
vt 0.102445 0.886991
vt 0.070015 0.886991
vt 0.033102 0.225049
vt 0.038839 0.225048
vt 0.050768 0.276941
vt 0.050765 0.345351
vt 0.044717 0.345350
vt 0.044720 0.276941
vt 0.050768 0.225048
vt 0.056920 0.225048
vt 0.038836 0.345350
vt 0.038839 0.276940
vt 0.009169 0.225050
vt 0.015362 0.225049
vt 0.027354 0.276940
vt 0.027351 0.345349
vt 0.021443 0.345349
vt 0.021447 0.276940
vt 0.027354 0.225049
vt 0.015358 0.345348
vt 0.015362 0.276940
vt 0.108433 0.232803
vt 0.175163 0.225044
vt 0.116166 0.446418
vt 0.116175 0.361775
vt 0.180160 0.357438
vt 0.157078 0.446423
vt 0.188904 0.362114
vt 0.188591 0.446136
vt 0.181961 0.446427
vt 0.185700 0.361141
vt 0.182748 0.359563
vt 0.170501 0.446425
vt 0.192236 0.362443
vt 0.192236 0.446427
vt 0.064340 0.348839
vt 0.064340 0.355870
vt 0.056916 0.357197
vt 0.056916 0.348890
vt 0.064339 0.362439
vt 0.056915 0.364972
vt 0.116176 0.345356
vt 0.175159 0.345360
vt 0.175487 0.348692
vt 0.116176 0.348739
vt 0.116175 0.357377
vt 0.178036 0.354850
vt 0.015355 0.379771
vt 0.021440 0.379338
vt 0.021429 0.473654
vt 0.015344 0.476258
vt 0.027347 0.378835
vt 0.027337 0.470633
vt 0.009150 0.478654
vt 0.009162 0.380170
vt 0.033095 0.378227
vt 0.033085 0.466985
vt 0.038833 0.377492
vt 0.044714 0.376653
vt 0.044705 0.457533
vt 0.038823 0.462572
vt 0.050762 0.375744
vt 0.050754 0.452077
vt 0.056914 0.374800
vt 0.056906 0.446412
vt 0.394369 0.481838
vt 0.192248 0.481837
vt 0.192249 0.475957
vt 0.394369 0.475958
vt 0.394369 0.470231
vt 0.596491 0.470232
vt 0.596489 0.475959
vt 0.192247 0.487891
vt 0.394369 0.464504
vt 0.596494 0.464506
vt 0.394369 0.458628
vt 0.192240 0.458626
vt 0.192237 0.452578
vt 0.394369 0.452578
vt 0.394369 0.446427
vt 0.596503 0.446427
vt 0.596501 0.452579
vt 0.192244 0.464503
vt 0.394369 0.362443
vt 0.596503 0.362443
vt 0.116160 0.487911
vt 0.116161 0.481849
vt 0.152532 0.481839
vt 0.152097 0.487893
vt 0.116162 0.475961
vt 0.153037 0.475957
vt 0.064322 0.494134
vt 0.024650 0.494159
vt 0.027048 0.487966
vt 0.064324 0.487949
vt 0.064326 0.475971
vt 0.032678 0.475975
vt 0.036327 0.470228
vt 0.064327 0.470228
vt 0.116164 0.464496
vt 0.116164 0.458618
vt 0.155222 0.458622
vt 0.154382 0.464499
vt 0.116165 0.452570
vt 0.156133 0.452575
vt 0.040741 0.464491
vt 0.064328 0.464492
vt 0.064330 0.452564
vt 0.051240 0.452563
vt 0.064330 0.446412
vt 0.015358 0.348965
vt 0.021443 0.348958
vt 0.021442 0.357762
vt 0.015357 0.357816
vt 0.021441 0.366884
vt 0.015356 0.367067
vt 0.027350 0.348951
vt 0.027350 0.357699
vt 0.027349 0.366673
vt 0.009165 0.345348
vt 0.009165 0.348970
vt 0.009164 0.357865
vt 0.009163 0.367235
vt 0.033096 0.366417
vt 0.033097 0.357624
vt 0.033098 0.348942
vt 0.033098 0.345350
vt 0.038835 0.348931
vt 0.044716 0.348918
vt 0.044716 0.357428
vt 0.038835 0.357532
vt 0.044715 0.365753
vt 0.038834 0.366107
vt 0.050765 0.348904
vt 0.050764 0.357315
vt 0.050763 0.365370
vt 0.056917 0.345351
vt 0.070015 0.890339
vt 0.102445 0.890339
vt 0.102445 0.893687
vt 0.070015 0.893687
vt 0.102445 0.897034
vt 0.102445 0.900382
vt 0.070015 0.900382
vt 0.070015 0.897034
vt 0.908031 0.881044
vt 0.908031 0.884391
vt 0.875601 0.884391
vt 0.875601 0.881044
vt 0.908031 0.887739
vt 0.875601 0.887739
vt 0.875601 0.877696
vt 0.908031 0.877696
vt 0.908031 0.891087
vt 0.875601 0.891087
vt 0.467099 0.514855
vt 0.262489 0.514853
vt 0.264961 0.512457
vt 0.467099 0.512460
vt 0.169360 0.464500
vt 0.169716 0.458623
vt 0.181725 0.458626
vt 0.181616 0.464502
vt 0.188564 0.458362
vt 0.188551 0.464259
vt 0.170101 0.452577
vt 0.181842 0.452579
vt 0.188577 0.452302
vt 0.153645 0.470227
vt 0.169049 0.470226
vt 0.181521 0.470227
vt 0.188540 0.470016
vt 0.192248 0.470230
vt 0.168397 0.487884
vt 0.168580 0.481833
vt 0.181385 0.481829
vt 0.181334 0.487878
vt 0.188523 0.481684
vt 0.188517 0.487753
vt 0.168792 0.475954
vt 0.181445 0.475952
vt 0.188530 0.475777
vt 0.151697 0.494053
vt 0.168229 0.494041
vt 0.181289 0.494035
vt 0.188513 0.493917
vt 0.192247 0.494051
vt 0.875601 0.675562
vt 0.875601 0.473428
vt 0.908031 0.473428
vt 0.908031 0.675562
vt 0.009170 0.232463
vt 0.015362 0.232462
vt 0.009169 0.276939
vt 0.044720 0.225048
vt 0.027354 0.269527
vt 0.021447 0.269527
vt 0.027354 0.232462
vt 0.033102 0.232462
vt 0.033102 0.276940
vt 0.021447 0.225049
vt 0.015362 0.269527
vt 0.111177 0.236039
vt 0.175164 0.232459
vt 0.108433 0.269186
vt 0.175163 0.276945
vt 0.044720 0.269527
vt 0.038839 0.269527
vt 0.056920 0.276941
vt 0.050768 0.232461
vt 0.056920 0.232461
vt 0.050768 0.269527
vt 0.038839 0.232462
vt 0.101367 0.345355
vt 0.100382 0.274631
vt 0.105197 0.271924
vt 0.108773 0.345355
vt 0.108762 0.452570
vt 0.108762 0.446418
vt 0.116163 0.470226
vt 0.108760 0.470230
vt 0.108760 0.464497
vt 0.101356 0.458617
vt 0.101356 0.452569
vt 0.108761 0.458617
vt 0.101355 0.464496
vt 0.108759 0.475969
vt 0.116158 0.494079
vt 0.108755 0.494111
vt 0.108756 0.487935
vt 0.101352 0.481866
vt 0.101353 0.475970
vt 0.108758 0.481865
vt 0.101350 0.487937
vt 0.101366 0.360331
vt 0.108772 0.359910
vt 0.108771 0.366118
vt 0.101366 0.366841
vt 0.108773 0.348790
vt 0.101367 0.348798
vt 0.116176 0.353219
vt 0.108772 0.354546
vt 0.101357 0.446417
vt 0.100382 0.227358
vt 0.101367 0.157953
vt 0.108773 0.157952
vt 0.105197 0.230065
vt 0.108762 0.056889
vt 0.108761 0.050737
vt 0.116162 0.033080
vt 0.108759 0.038810
vt 0.108759 0.033076
vt 0.101355 0.044690
vt 0.108760 0.044689
vt 0.101355 0.050738
vt 0.101354 0.038810
vt 0.108758 0.027337
vt 0.116156 0.009227
vt 0.108754 0.015372
vt 0.108753 0.009195
vt 0.101350 0.021441
vt 0.108756 0.021442
vt 0.101352 0.027337
vt 0.101349 0.015370
vt 0.101366 0.142976
vt 0.101366 0.136466
vt 0.108771 0.137190
vt 0.108772 0.143398
vt 0.101367 0.154509
vt 0.108773 0.154517
vt 0.116176 0.150089
vt 0.108772 0.148762
vt 0.101356 0.056890
vt 0.102445 0.774098
vt 0.070015 0.774098
vt 0.033102 0.269527
vt 0.033102 0.262114
vt 0.038839 0.262114
vt 0.033102 0.254701
vt 0.038840 0.254701
vt 0.033102 0.247288
vt 0.038840 0.247288
vt 0.033102 0.239875
vt 0.038839 0.239875
vt 0.044720 0.232462
vt 0.050769 0.239875
vt 0.044720 0.239875
vt 0.050769 0.247288
vt 0.044720 0.247288
vt 0.050769 0.254701
vt 0.044720 0.254701
vt 0.050769 0.262114
vt 0.044720 0.262114
vt 0.056920 0.269528
vt 0.056920 0.262114
vt 0.056920 0.254701
vt 0.056920 0.247288
vt 0.056920 0.239875
vt 0.111177 0.265950
vt 0.175164 0.269531
vt 0.113892 0.261133
vt 0.175164 0.262116
vt 0.115716 0.254635
vt 0.175164 0.254702
vt 0.115716 0.247354
vt 0.175164 0.247287
vt 0.113892 0.240856
vt 0.175164 0.239873
vt 0.021447 0.232462
vt 0.021447 0.239875
vt 0.015363 0.239875
vt 0.021447 0.247288
vt 0.015363 0.247288
vt 0.021447 0.254701
vt 0.015363 0.254701
vt 0.021447 0.262114
vt 0.015363 0.262114
vt 0.027355 0.262114
vt 0.027355 0.254701
vt 0.027355 0.247288
vt 0.027355 0.239875
vt 0.009170 0.269526
vt 0.009170 0.262114
vt 0.009170 0.254701
vt 0.009170 0.247288
vt 0.009170 0.239875
vt 0.102445 0.781512
vt 0.070015 0.781512
vt 0.102445 0.788925
vt 0.070015 0.788925
vt 0.102445 0.796339
vt 0.070015 0.796339
vt 0.102445 0.803752
vt 0.070015 0.803752
vt 0.069348 0.236039
vt 0.066633 0.240857
vt 0.064809 0.247354
vt 0.064809 0.254635
vt 0.066633 0.261132
vt 0.069348 0.265950
vt 0.072091 0.269185
vt 0.064338 0.132850
vt 0.064341 0.157956
vt 0.064324 0.021435
vt 0.029653 0.021426
vt 0.064328 0.044695
vt 0.045781 0.044697
vt 0.072091 0.232803
vt 0.064339 0.370457
vt 0.064341 0.345352
vt 0.029654 0.481882
vt 0.064325 0.481872
vt 0.045782 0.458610
vt 0.064329 0.458612
vt 0.071735 0.452565
vt 0.071736 0.446413
vt 0.071732 0.470228
vt 0.071733 0.464493
vt 0.071731 0.475971
vt 0.071727 0.494130
vt 0.071729 0.487947
vt 0.071745 0.355649
vt 0.071745 0.362018
vt 0.071746 0.348831
vt 0.071734 0.050742
vt 0.071735 0.056894
vt 0.071731 0.033079
vt 0.071732 0.038814
vt 0.071730 0.027336
vt 0.071726 0.009177
vt 0.071727 0.015360
vt 0.071745 0.147658
vt 0.071745 0.141290
vt 0.071746 0.154477
vt 0.101367 0.148541
vt 0.093962 0.154501
vt 0.093961 0.148320
vt 0.086556 0.154493
vt 0.086556 0.148100
vt 0.079151 0.154485
vt 0.079150 0.147879
vt 0.093961 0.142555
vt 0.086555 0.142133
vt 0.079150 0.141712
vt 0.101347 0.009192
vt 0.093943 0.015367
vt 0.093942 0.009188
vt 0.086538 0.015365
vt 0.086536 0.009185
vt 0.079133 0.015363
vt 0.079131 0.009181
vt 0.101353 0.033077
vt 0.093947 0.033077
vt 0.093946 0.027337
vt 0.086542 0.033078
vt 0.086541 0.027337
vt 0.079137 0.033079
vt 0.079135 0.027337
vt 0.093948 0.038811
vt 0.086543 0.038812
vt 0.079138 0.038813
vt 0.093951 0.056891
vt 0.093950 0.050739
vt 0.086545 0.056892
vt 0.086545 0.050740
vt 0.079140 0.056893
vt 0.079139 0.050741
vt 0.101367 0.354767
vt 0.093961 0.354987
vt 0.093962 0.348807
vt 0.086556 0.355208
vt 0.086556 0.348815
vt 0.079151 0.355429
vt 0.079151 0.348823
vt 0.093961 0.360753
vt 0.086555 0.361174
vt 0.079150 0.361596
vt 0.101349 0.494115
vt 0.093943 0.494119
vt 0.093945 0.487939
vt 0.086538 0.494122
vt 0.086540 0.487942
vt 0.079133 0.494126
vt 0.079134 0.487944
vt 0.101354 0.470230
vt 0.093948 0.475970
vt 0.093948 0.470229
vt 0.086542 0.475970
vt 0.086543 0.470229
vt 0.079137 0.475971
vt 0.079138 0.470228
vt 0.093949 0.464496
vt 0.086544 0.464495
vt 0.079139 0.464494
vt 0.093951 0.452568
vt 0.093952 0.446416
vt 0.086545 0.452567
vt 0.086546 0.446415
vt 0.079140 0.452566
vt 0.079141 0.446414
vt 0.300364 0.181848
vt 0.306850 0.180031
vt 0.308600 0.186277
vt 0.302113 0.188094
vt 0.294120 0.185146
vt 0.298935 0.182440
vt 0.297298 0.190800
vt 0.289871 0.188588
vt 0.293108 0.185849
vt 0.294061 0.193540
vt 0.324100 0.241613
vt 0.317614 0.243430
vt 0.315864 0.237185
vt 0.322351 0.235368
vt 0.315864 0.243671
vt 0.308600 0.243671
vt 0.308600 0.237185
vt 0.306850 0.243431
vt 0.300364 0.241614
vt 0.302113 0.235368
vt 0.289114 0.234117
vt 0.286370 0.230882
vt 0.291317 0.226687
vt 0.294061 0.229922
vt 0.298935 0.241022
vt 0.294120 0.238316
vt 0.297298 0.232662
vt 0.285666 0.229870
vt 0.282952 0.225053
vt 0.288603 0.221869
vt 0.293108 0.237613
vt 0.289871 0.234874
vt 0.331355 0.185850
vt 0.334592 0.188588
vt 0.330402 0.193539
vt 0.327166 0.190801
vt 0.338092 0.230882
vt 0.335349 0.234118
vt 0.330402 0.229923
vt 0.333146 0.226687
vt 0.282358 0.223622
vt 0.280534 0.217124
vt 0.286779 0.215371
vt 0.334592 0.234874
vt 0.331355 0.237612
vt 0.327165 0.232661
vt 0.335349 0.189344
vt 0.338092 0.192580
vt 0.333146 0.196775
vt 0.341511 0.225053
vt 0.338797 0.229871
vt 0.335860 0.221869
vt 0.071744 0.133573
vt 0.079149 0.134297
vt 0.086555 0.135020
vt 0.093960 0.135743
vt 0.071746 0.157955
vt 0.079151 0.157955
vt 0.086557 0.157954
vt 0.093962 0.157954
vt 0.071729 0.021436
vt 0.079134 0.021437
vt 0.086540 0.021438
vt 0.093945 0.021440
vt 0.071733 0.044694
vt 0.079138 0.044693
vt 0.086544 0.044692
vt 0.093949 0.044691
vt 0.075329 0.230064
vt 0.080143 0.227358
vt 0.086630 0.225541
vt 0.093895 0.225541
vt 0.071744 0.369734
vt 0.079149 0.369011
vt 0.086555 0.368288
vt 0.093960 0.367564
vt 0.071746 0.345352
vt 0.079151 0.345353
vt 0.086557 0.345354
vt 0.093962 0.345354
vt 0.071730 0.481871
vt 0.079136 0.481870
vt 0.086541 0.481869
vt 0.093946 0.481867
vt 0.071734 0.458613
vt 0.079139 0.458614
vt 0.086545 0.458615
vt 0.093950 0.458616
vt 0.280293 0.215371
vt 0.280293 0.208091
vt 0.286779 0.208091
vt 0.343929 0.217124
vt 0.342105 0.223622
vt 0.337684 0.215371
vt 0.286370 0.192580
vt 0.289114 0.189345
vt 0.291317 0.196775
vt 0.280534 0.206338
vt 0.282358 0.199840
vt 0.288603 0.201593
vt 0.344170 0.208091
vt 0.344170 0.215371
vt 0.337684 0.208091
vt 0.075329 0.271925
vt 0.080144 0.274631
vt 0.086630 0.276448
vt 0.093895 0.276448
vt 0.282952 0.198409
vt 0.285666 0.193592
vt 0.325529 0.182440
vt 0.330344 0.185147
vt 0.322351 0.188094
vt 0.317614 0.180032
vt 0.324100 0.181849
vt 0.315864 0.186277
vt 0.342105 0.199840
vt 0.343929 0.206338
vt 0.335860 0.201593
vt 0.330344 0.238315
vt 0.325529 0.241022
vt 0.308600 0.179791
vt 0.315864 0.179791
vt 0.176459 0.151411
vt 0.176459 0.351896
vt 0.338797 0.193591
vt 0.341511 0.198409
vt 0.321787 0.195788
vt 0.328157 0.195788
vt 0.321787 0.227674
vt 0.328157 0.227674
vt 0.321787 0.221297
vt 0.328157 0.221297
vt 0.321787 0.214920
vt 0.328157 0.214920
vt 0.321787 0.208542
vt 0.328157 0.208542
vt 0.321787 0.202165
vt 0.328157 0.202165
vt 0.296307 0.195788
vt 0.296307 0.202165
vt 0.302677 0.195788
vt 0.302677 0.202165
vt 0.309047 0.195788
vt 0.309047 0.202165
vt 0.315417 0.195788
vt 0.315417 0.202165
vt 0.296307 0.208542
vt 0.302677 0.208542
vt 0.309047 0.208542
vt 0.315417 0.208542
vt 0.296307 0.214920
vt 0.302677 0.214920
vt 0.309047 0.214920
vt 0.315417 0.214920
vt 0.296307 0.221297
vt 0.302677 0.221297
vt 0.309047 0.221297
vt 0.315417 0.221297
vt 0.296307 0.227674
vt 0.302677 0.227674
vt 0.309047 0.227674
vt 0.315417 0.227674
vt 0.672574 0.056891
vt 0.672565 0.141534
vt 0.608580 0.145870
vt 0.631662 0.056886
vt 0.599836 0.141195
vt 0.600149 0.057173
vt 0.606780 0.056881
vt 0.603040 0.142167
vt 0.605992 0.143746
vt 0.618239 0.056884
vt 0.724399 0.154470
vt 0.724399 0.147439
vt 0.731824 0.146112
vt 0.731823 0.154419
vt 0.724400 0.140870
vt 0.731824 0.138337
vt 0.672563 0.157953
vt 0.613581 0.157949
vt 0.613253 0.154617
vt 0.672564 0.154569
vt 0.672564 0.145932
vt 0.610704 0.148459
vt 0.773384 0.123538
vt 0.767299 0.123971
vt 0.767311 0.029656
vt 0.773396 0.027052
vt 0.761392 0.124474
vt 0.761403 0.032677
vt 0.779589 0.024656
vt 0.779577 0.123139
vt 0.755644 0.125082
vt 0.755654 0.036325
vt 0.749906 0.125817
vt 0.744025 0.126656
vt 0.744035 0.045776
vt 0.749916 0.040737
vt 0.737977 0.127565
vt 0.737986 0.051233
vt 0.731825 0.128509
vt 0.731833 0.056898
vt 0.672580 0.015398
vt 0.672579 0.021460
vt 0.636208 0.021470
vt 0.636643 0.015416
vt 0.672578 0.027348
vt 0.635704 0.027352
vt 0.724418 0.009175
vt 0.764091 0.009150
vt 0.761693 0.015343
vt 0.724416 0.015360
vt 0.724414 0.027338
vt 0.756063 0.027335
vt 0.752414 0.033082
vt 0.724413 0.033082
vt 0.672576 0.038813
vt 0.672576 0.044691
vt 0.633518 0.044688
vt 0.634358 0.038810
vt 0.672575 0.050739
vt 0.632607 0.050734
vt 0.747999 0.038819
vt 0.724412 0.038817
vt 0.724410 0.050745
vt 0.737500 0.050747
vt 0.724409 0.056897
vt 0.773381 0.154344
vt 0.767296 0.154351
vt 0.767297 0.145547
vt 0.773382 0.145493
vt 0.767298 0.136425
vt 0.773383 0.136242
vt 0.761389 0.154358
vt 0.761390 0.145610
vt 0.761391 0.136636
vt 0.779574 0.157961
vt 0.773381 0.157961
vt 0.779574 0.154339
vt 0.779575 0.145444
vt 0.779576 0.136074
vt 0.755643 0.136892
vt 0.755642 0.145685
vt 0.755641 0.154367
vt 0.761389 0.157960
vt 0.755641 0.157959
vt 0.767296 0.157960
vt 0.749904 0.154378
vt 0.744023 0.154391
vt 0.744024 0.145881
vt 0.749905 0.145776
vt 0.744024 0.137556
vt 0.749905 0.137202
vt 0.737975 0.154404
vt 0.737975 0.145994
vt 0.737976 0.137939
vt 0.749904 0.157959
vt 0.737974 0.157958
vt 0.731822 0.157957
vt 0.744023 0.157958
vt 0.703086 0.946735
vt 0.735516 0.946735
vt 0.735516 0.950082
vt 0.703086 0.950082
vt 0.703086 0.956778
vt 0.703086 0.953430
vt 0.735516 0.953430
vt 0.735516 0.956778
vt 0.703086 0.943387
vt 0.735516 0.943387
vt 0.927880 0.470080
vt 0.927880 0.466732
vt 0.960310 0.466732
vt 0.960310 0.470080
vt 0.927880 0.463384
vt 0.960310 0.463384
vt 0.960310 0.473428
vt 0.927880 0.473428
vt 0.927880 0.460037
vt 0.960310 0.460037
vt 0.703086 0.876294
vt 0.735516 0.876294
vt 0.619380 0.038809
vt 0.619024 0.044686
vt 0.607015 0.044683
vt 0.607124 0.038807
vt 0.600177 0.044946
vt 0.600190 0.039049
vt 0.618639 0.050732
vt 0.606899 0.050730
vt 0.600163 0.051006
vt 0.635095 0.033082
vt 0.619691 0.033083
vt 0.607220 0.033082
vt 0.600201 0.033293
vt 0.596501 0.044682
vt 0.620343 0.015425
vt 0.620160 0.021476
vt 0.607356 0.021481
vt 0.607406 0.015431
vt 0.600218 0.021626
vt 0.600224 0.015557
vt 0.619948 0.027355
vt 0.607296 0.027357
vt 0.600210 0.027533
vt 0.637043 0.009257
vt 0.620511 0.009268
vt 0.607452 0.009274
vt 0.600228 0.009392
vt 0.596493 0.015419
vt 0.596494 0.009258
vt 0.596492 0.021472
vt 0.735516 0.824399
vt 0.735516 0.831813
vt 0.703086 0.831813
vt 0.703086 0.824399
vt 0.703086 0.755988
vt 0.735516 0.755988
vt 0.755637 0.225049
vt 0.749900 0.225049
vt 0.737971 0.276941
vt 0.744019 0.276941
vt 0.744022 0.345351
vt 0.737974 0.345351
vt 0.737971 0.225049
vt 0.731819 0.225049
vt 0.749900 0.276941
vt 0.749903 0.345350
vt 0.779569 0.225050
vt 0.773377 0.225050
vt 0.761385 0.276940
vt 0.767292 0.276940
vt 0.767296 0.345349
vt 0.761389 0.345349
vt 0.761385 0.225049
vt 0.773377 0.276940
vt 0.773381 0.345348
vt 0.680306 0.232804
vt 0.613577 0.225045
vt 0.672574 0.446419
vt 0.631661 0.446424
vt 0.608579 0.357438
vt 0.672564 0.361775
vt 0.599834 0.362114
vt 0.603038 0.361141
vt 0.606778 0.446428
vt 0.600147 0.446136
vt 0.618238 0.446426
vt 0.605991 0.359563
vt 0.724399 0.348839
vt 0.731823 0.348890
vt 0.731823 0.357197
vt 0.724399 0.355870
vt 0.731824 0.364972
vt 0.724400 0.362439
vt 0.672563 0.345356
vt 0.672563 0.348739
vt 0.613252 0.348692
vt 0.613580 0.345360
vt 0.672564 0.357377
vt 0.610702 0.354850
vt 0.773384 0.379771
vt 0.773396 0.476258
vt 0.767311 0.473654
vt 0.767299 0.379338
vt 0.761402 0.470633
vt 0.761392 0.378835
vt 0.779589 0.478653
vt 0.779577 0.380170
vt 0.755654 0.466985
vt 0.755644 0.378227
vt 0.749906 0.377492
vt 0.749916 0.462572
vt 0.744035 0.457533
vt 0.744025 0.376653
vt 0.737986 0.452077
vt 0.737977 0.375744
vt 0.731833 0.446412
vt 0.731825 0.374800
vt 0.672580 0.487912
vt 0.636643 0.487895
vt 0.636208 0.481840
vt 0.672579 0.481850
vt 0.635703 0.475958
vt 0.672577 0.475962
vt 0.724418 0.494134
vt 0.724416 0.487949
vt 0.761692 0.487966
vt 0.764090 0.494158
vt 0.724414 0.475971
vt 0.724412 0.470228
vt 0.752413 0.470227
vt 0.756062 0.475974
vt 0.672576 0.464497
vt 0.634358 0.464500
vt 0.633517 0.458623
vt 0.672575 0.458618
vt 0.632606 0.452575
vt 0.672574 0.452571
vt 0.724412 0.464492
vt 0.747998 0.464491
vt 0.724410 0.452564
vt 0.724409 0.446413
vt 0.737500 0.452563
vt 0.773381 0.348965
vt 0.773382 0.357816
vt 0.767297 0.357762
vt 0.767296 0.348958
vt 0.773383 0.367067
vt 0.767298 0.366884
vt 0.761389 0.357699
vt 0.761389 0.348951
vt 0.761390 0.366673
vt 0.779574 0.345348
vt 0.779574 0.348970
vt 0.779575 0.357865
vt 0.779576 0.367235
vt 0.755643 0.366417
vt 0.755642 0.357624
vt 0.755641 0.348942
vt 0.755641 0.345350
vt 0.749904 0.348931
vt 0.749905 0.357533
vt 0.744023 0.357428
vt 0.744023 0.348918
vt 0.749905 0.366107
vt 0.744024 0.365753
vt 0.737975 0.357315
vt 0.737974 0.348904
vt 0.737976 0.365370
vt 0.731822 0.345351
vt 0.703086 0.752640
vt 0.703086 0.749292
vt 0.735516 0.749292
vt 0.735516 0.752640
vt 0.735516 0.745944
vt 0.703086 0.745944
vt 0.703086 0.742597
vt 0.735516 0.742597
vt 0.908031 0.470080
vt 0.875601 0.470080
vt 0.875601 0.466732
vt 0.908031 0.466732
vt 0.875601 0.463384
vt 0.908031 0.463384
vt 0.908031 0.460037
vt 0.875601 0.460037
vt 0.619379 0.464501
vt 0.607122 0.464504
vt 0.607013 0.458628
vt 0.619023 0.458625
vt 0.600187 0.464262
vt 0.600175 0.458364
vt 0.606897 0.452580
vt 0.618637 0.452578
vt 0.600161 0.452303
vt 0.635094 0.470228
vt 0.619690 0.470228
vt 0.607218 0.470229
vt 0.600199 0.470018
vt 0.596498 0.458629
vt 0.620342 0.487886
vt 0.607404 0.487881
vt 0.607354 0.481831
vt 0.620159 0.481835
vt 0.600222 0.487755
vt 0.600216 0.481686
vt 0.607294 0.475954
vt 0.619947 0.475956
vt 0.600208 0.475779
vt 0.637043 0.494054
vt 0.620510 0.494043
vt 0.607450 0.494038
vt 0.600226 0.493920
vt 0.596490 0.481839
vt 0.779569 0.232463
vt 0.773376 0.232463
vt 0.779570 0.276939
vt 0.744019 0.225049
vt 0.761384 0.269527
vt 0.767292 0.269527
vt 0.761384 0.232462
vt 0.755637 0.232462
vt 0.755637 0.276941
vt 0.767292 0.225050
vt 0.773376 0.269527
vt 0.677562 0.236039
vt 0.613576 0.232459
vt 0.613576 0.276945
vt 0.680306 0.269186
vt 0.744019 0.269528
vt 0.749900 0.269528
vt 0.731819 0.276941
vt 0.737971 0.232462
vt 0.731819 0.232462
vt 0.737971 0.269528
vt 0.749900 0.232462
vt 0.687372 0.345355
vt 0.679966 0.345355
vt 0.683543 0.271925
vt 0.688358 0.274631
vt 0.679977 0.446418
vt 0.679978 0.452570
vt 0.672577 0.470227
vt 0.679979 0.464497
vt 0.679980 0.470231
vt 0.687384 0.458617
vt 0.679979 0.458618
vt 0.687383 0.452569
vt 0.687385 0.464497
vt 0.679981 0.475970
vt 0.672582 0.494080
vt 0.679984 0.487935
vt 0.679986 0.494112
vt 0.687388 0.481867
vt 0.679982 0.481865
vt 0.687387 0.475970
vt 0.687390 0.487937
vt 0.687373 0.360331
vt 0.687373 0.366841
vt 0.679968 0.366118
vt 0.679967 0.359910
vt 0.687372 0.348799
vt 0.679967 0.348791
vt 0.672563 0.353219
vt 0.679967 0.354546
vt 0.687383 0.446417
vt 0.688358 0.227358
vt 0.683543 0.230065
vt 0.679967 0.157953
vt 0.687372 0.157954
vt 0.679978 0.050740
vt 0.679978 0.056892
vt 0.672577 0.033083
vt 0.679980 0.033079
vt 0.679980 0.038812
vt 0.687384 0.044692
vt 0.687384 0.050740
vt 0.679979 0.044692
vt 0.687385 0.038813
vt 0.679981 0.027340
vt 0.672582 0.009230
vt 0.679985 0.009198
vt 0.679984 0.015374
vt 0.687388 0.021443
vt 0.687387 0.027339
vt 0.679982 0.021444
vt 0.687389 0.015372
vt 0.687373 0.142978
vt 0.679968 0.143399
vt 0.679968 0.137191
vt 0.687374 0.136468
vt 0.679967 0.154518
vt 0.687372 0.154510
vt 0.672564 0.150090
vt 0.679968 0.148763
vt 0.687383 0.056892
vt 0.735516 0.868880
vt 0.703086 0.868880
vt 0.755637 0.269527
vt 0.749899 0.262114
vt 0.755637 0.262114
vt 0.749899 0.254701
vt 0.755637 0.254701
vt 0.749899 0.247288
vt 0.755637 0.247288
vt 0.749900 0.239875
vt 0.755637 0.239875
vt 0.744019 0.232462
vt 0.744019 0.239875
vt 0.737971 0.239875
vt 0.744019 0.247288
vt 0.737970 0.247288
vt 0.744019 0.254701
vt 0.737970 0.254701
vt 0.744019 0.262115
vt 0.737970 0.262115
vt 0.731819 0.269528
vt 0.731819 0.262115
vt 0.731819 0.254701
vt 0.731819 0.247288
vt 0.731819 0.239875
vt 0.613576 0.269530
vt 0.677562 0.265951
vt 0.613576 0.262116
vt 0.674848 0.261133
vt 0.613576 0.254702
vt 0.673023 0.254635
vt 0.613576 0.247287
vt 0.673023 0.247354
vt 0.613576 0.239873
vt 0.674848 0.240857
vt 0.767292 0.232463
vt 0.773376 0.239876
vt 0.767292 0.239876
vt 0.773376 0.247288
vt 0.767291 0.247288
vt 0.773376 0.254701
vt 0.767291 0.254701
vt 0.773376 0.262114
vt 0.767292 0.262114
vt 0.761384 0.262114
vt 0.761384 0.254701
vt 0.761384 0.247288
vt 0.761384 0.239875
vt 0.779569 0.269527
vt 0.779569 0.262114
vt 0.779568 0.254701
vt 0.779568 0.247289
vt 0.779569 0.239876
vt 0.735516 0.861467
vt 0.703086 0.861467
vt 0.735516 0.854053
vt 0.703086 0.854053
vt 0.735516 0.846640
vt 0.703086 0.846640
vt 0.735516 0.839226
vt 0.703086 0.839226
vt 0.722106 0.240857
vt 0.719392 0.236039
vt 0.723930 0.247355
vt 0.723930 0.254635
vt 0.722106 0.261133
vt 0.719391 0.265950
vt 0.716648 0.269186
vt 0.724401 0.132852
vt 0.724398 0.157957
vt 0.759087 0.021428
vt 0.724415 0.021437
vt 0.742958 0.044699
vt 0.724411 0.044697
vt 0.716648 0.232804
vt 0.724400 0.370457
vt 0.724398 0.345352
vt 0.724415 0.481872
vt 0.759086 0.481881
vt 0.724411 0.458612
vt 0.742958 0.458610
vt 0.717005 0.452565
vt 0.717004 0.446413
vt 0.717007 0.470228
vt 0.717006 0.464493
vt 0.717008 0.475971
vt 0.717013 0.494130
vt 0.717011 0.487947
vt 0.716994 0.355650
vt 0.716994 0.362018
vt 0.716993 0.348831
vt 0.717005 0.050744
vt 0.717004 0.056896
vt 0.717008 0.033081
vt 0.717007 0.038816
vt 0.717009 0.027338
vt 0.717013 0.009179
vt 0.717011 0.015362
vt 0.716994 0.147659
vt 0.716995 0.141291
vt 0.716994 0.154478
vt 0.687373 0.148542
vt 0.694778 0.148321
vt 0.694778 0.154502
vt 0.702184 0.148101
vt 0.702183 0.154494
vt 0.709589 0.147880
vt 0.709588 0.154486
vt 0.694779 0.142556
vt 0.702184 0.142134
vt 0.709589 0.141713
vt 0.687391 0.009194
vt 0.694797 0.009190
vt 0.694795 0.015370
vt 0.702202 0.009187
vt 0.702200 0.015367
vt 0.709607 0.009183
vt 0.709606 0.015365
vt 0.687386 0.033079
vt 0.694792 0.027339
vt 0.694791 0.033080
vt 0.702198 0.027339
vt 0.702197 0.033080
vt 0.709603 0.027339
vt 0.709602 0.033081
vt 0.694790 0.038814
vt 0.702196 0.038814
vt 0.709601 0.038815
vt 0.694789 0.050741
vt 0.694788 0.056893
vt 0.702194 0.050742
vt 0.702194 0.056894
vt 0.709600 0.050743
vt 0.709599 0.056895
vt 0.687372 0.354767
vt 0.694777 0.348807
vt 0.694778 0.354987
vt 0.702183 0.348815
vt 0.702183 0.355208
vt 0.709588 0.348823
vt 0.709589 0.355429
vt 0.694778 0.360753
vt 0.702184 0.361175
vt 0.709589 0.361596
vt 0.687391 0.494115
vt 0.694795 0.487940
vt 0.694797 0.494119
vt 0.702200 0.487942
vt 0.702202 0.494123
vt 0.709606 0.487945
vt 0.709607 0.494126
vt 0.687386 0.470230
vt 0.694791 0.470230
vt 0.694792 0.475970
vt 0.702197 0.470229
vt 0.702198 0.475971
vt 0.709602 0.470229
vt 0.709603 0.475971
vt 0.694790 0.464496
vt 0.702196 0.464495
vt 0.709601 0.464494
vt 0.694788 0.446416
vt 0.694789 0.452568
vt 0.702193 0.446415
vt 0.702194 0.452567
vt 0.709599 0.446414
vt 0.709599 0.452566
vt 0.416014 0.242152
vt 0.414264 0.248398
vt 0.407778 0.246581
vt 0.409527 0.240335
vt 0.422258 0.245450
vt 0.419079 0.251104
vt 0.417443 0.242744
vt 0.426506 0.248892
vt 0.422317 0.253843
vt 0.423269 0.246153
vt 0.392277 0.301917
vt 0.394027 0.295672
vt 0.400514 0.297489
vt 0.398764 0.303734
vt 0.400513 0.303975
vt 0.407778 0.297489
vt 0.407778 0.303975
vt 0.409527 0.303735
vt 0.414265 0.295672
vt 0.416014 0.301918
vt 0.427264 0.294421
vt 0.422317 0.290226
vt 0.425061 0.286991
vt 0.430007 0.291186
vt 0.417443 0.301326
vt 0.419080 0.292966
vt 0.422258 0.298619
vt 0.430712 0.290174
vt 0.427775 0.282173
vt 0.433426 0.285356
vt 0.423269 0.297917
vt 0.426507 0.295177
vt 0.385022 0.246154
vt 0.389212 0.251105
vt 0.385976 0.253843
vt 0.381786 0.248892
vt 0.378285 0.291186
vt 0.383232 0.286991
vt 0.385976 0.290227
vt 0.381029 0.294422
vt 0.434020 0.283926
vt 0.429599 0.275675
vt 0.435844 0.277428
vt 0.381786 0.295178
vt 0.389212 0.292965
vt 0.385023 0.297916
vt 0.381029 0.249648
vt 0.383232 0.257079
vt 0.378285 0.252884
vt 0.374867 0.285357
vt 0.380518 0.282173
vt 0.377581 0.290175
vt 0.716995 0.133575
vt 0.709590 0.134298
vt 0.702185 0.135021
vt 0.694779 0.135744
vt 0.716993 0.157956
vt 0.709588 0.157956
vt 0.702183 0.157955
vt 0.694778 0.157955
vt 0.717010 0.021438
vt 0.709604 0.021439
vt 0.702199 0.021441
vt 0.694793 0.021442
vt 0.717006 0.044696
vt 0.709601 0.044695
vt 0.702195 0.044694
vt 0.694790 0.044693
vt 0.713411 0.230065
vt 0.708596 0.227358
vt 0.702109 0.225541
vt 0.694845 0.225541
vt 0.716995 0.369734
vt 0.709590 0.369011
vt 0.702184 0.368288
vt 0.694779 0.367564
vt 0.716993 0.345353
vt 0.709588 0.345353
vt 0.702182 0.345354
vt 0.694777 0.345354
vt 0.717010 0.481871
vt 0.709604 0.481870
vt 0.702199 0.481869
vt 0.694793 0.481868
vt 0.717005 0.458613
vt 0.709600 0.458614
vt 0.702195 0.458615
vt 0.694790 0.458616
vt 0.436085 0.275675
vt 0.429599 0.268395
vt 0.436085 0.268395
vt 0.372449 0.277429
vt 0.378693 0.275675
vt 0.374273 0.283927
vt 0.430007 0.252884
vt 0.425061 0.257079
vt 0.427263 0.249648
vt 0.435844 0.266642
vt 0.427775 0.261897
vt 0.434019 0.260144
vt 0.372207 0.268395
vt 0.378693 0.268395
vt 0.372207 0.275676
vt 0.713410 0.271925
vt 0.708596 0.274631
vt 0.702109 0.276448
vt 0.694844 0.276448
vt 0.433426 0.258713
vt 0.430712 0.253895
vt 0.390848 0.242744
vt 0.394027 0.248398
vt 0.386034 0.245451
vt 0.398764 0.240336
vt 0.400513 0.246581
vt 0.392277 0.242153
vt 0.374273 0.260144
vt 0.380518 0.261897
vt 0.372449 0.266642
vt 0.386034 0.298619
vt 0.390849 0.301326
vt 0.407777 0.240095
vt 0.400513 0.240095
vt 0.612281 0.151412
vt 0.612280 0.351896
vt 0.377581 0.253895
vt 0.374867 0.258713
vt 0.394590 0.256092
vt 0.388220 0.256092
vt 0.388220 0.287978
vt 0.394591 0.287978
vt 0.388220 0.281601
vt 0.394591 0.281601
vt 0.388220 0.275224
vt 0.394591 0.275224
vt 0.388220 0.268846
vt 0.394590 0.268846
vt 0.388220 0.262469
vt 0.394590 0.262469
vt 0.420071 0.262469
vt 0.420071 0.256092
vt 0.413701 0.262469
vt 0.413701 0.256092
vt 0.407331 0.262469
vt 0.407331 0.256092
vt 0.400960 0.262469
vt 0.400960 0.256092
vt 0.420071 0.268846
vt 0.413701 0.268846
vt 0.407331 0.268846
vt 0.400961 0.268846
vt 0.420071 0.275223
vt 0.413701 0.275223
vt 0.407331 0.275224
vt 0.400961 0.275224
vt 0.420071 0.281601
vt 0.413701 0.281601
vt 0.407331 0.281601
vt 0.400961 0.281601
vt 0.420071 0.287978
vt 0.413701 0.287978
vt 0.407331 0.287978
vt 0.400961 0.287978
vt 0.678721 0.515338
vt 0.681308 0.517461
vt 0.678320 0.516033
vt 0.675770 0.513762
vt 0.683432 0.520047
vt 0.680414 0.518775
vt 0.685010 0.522999
vt 0.681970 0.521888
vt 0.685982 0.526202
vt 0.682929 0.525258
vt 0.686311 0.529534
vt 0.683253 0.528760
vt 0.686312 0.596628
vt 0.683253 0.596025
vt 0.686312 0.604042
vt 0.683253 0.603611
vt 0.686311 0.611456
vt 0.683253 0.611197
vt 0.686311 0.618869
vt 0.683253 0.618783
vt 0.686311 0.626282
vt 0.683253 0.626368
vt 0.686311 0.633694
vt 0.683253 0.633952
vt 0.686311 0.641107
vt 0.683253 0.641537
vt 0.686311 0.648520
vt 0.683253 0.649123
vt 0.686312 0.716933
vt 0.683254 0.717707
vt 0.685983 0.720265
vt 0.682930 0.721209
vt 0.685011 0.723468
vt 0.681971 0.724579
vt 0.683433 0.726419
vt 0.680415 0.727692
vt 0.681309 0.729006
vt 0.678322 0.730434
vt 0.678723 0.731129
vt 0.675772 0.732706
vt 0.675079 0.515154
vt 0.672568 0.512791
vt 0.677140 0.517991
vt 0.678672 0.521204
vt 0.679615 0.524676
vt 0.679934 0.528283
vt 0.679935 0.595654
vt 0.679935 0.603346
vt 0.679935 0.611038
vt 0.679935 0.618730
vt 0.679935 0.626420
vt 0.679935 0.634111
vt 0.679935 0.641802
vt 0.679935 0.649493
vt 0.679935 0.718184
vt 0.679617 0.721791
vt 0.678673 0.725263
vt 0.677142 0.728476
vt 0.675081 0.731314
vt 0.672570 0.733679
vt 0.671709 0.514857
vt 0.669237 0.512462
vt 0.673736 0.517726
vt 0.675243 0.520973
vt 0.676170 0.524479
vt 0.676483 0.528122
vt 0.676484 0.595529
vt 0.676483 0.603257
vt 0.676484 0.610985
vt 0.676484 0.618712
vt 0.676484 0.626438
vt 0.676484 0.634165
vt 0.676484 0.641892
vt 0.676484 0.649619
vt 0.676484 0.718345
vt 0.676171 0.721988
vt 0.675244 0.725494
vt 0.673737 0.728741
vt 0.671710 0.731610
vt 0.669234 0.734009
vt 0.467098 0.517725
vt 0.260460 0.517724
vt 0.467098 0.520972
vt 0.258953 0.520972
vt 0.467097 0.524479
vt 0.258024 0.524480
vt 0.467097 0.528122
vt 0.257711 0.528123
vt 0.467097 0.595530
vt 0.257711 0.595530
vt 0.467097 0.603257
vt 0.257711 0.603258
vt 0.467097 0.610985
vt 0.257711 0.610985
vt 0.467097 0.618712
vt 0.257711 0.618713
vt 0.467097 0.626439
vt 0.257711 0.626440
vt 0.467097 0.634166
vt 0.257711 0.634167
vt 0.467097 0.641893
vt 0.257711 0.641895
vt 0.467097 0.649620
vt 0.257711 0.649622
vt 0.467098 0.718347
vt 0.257712 0.718349
vt 0.467098 0.721990
vt 0.258025 0.721991
vt 0.467099 0.725497
vt 0.258953 0.725499
vt 0.467099 0.728744
vt 0.260461 0.728747
vt 0.467100 0.731614
vt 0.262490 0.731619
vt 0.467098 0.734011
vt 0.259116 0.515150
vt 0.261629 0.512785
vt 0.257054 0.517989
vt 0.255522 0.521203
vt 0.254579 0.524676
vt 0.254260 0.528284
vt 0.254260 0.595655
vt 0.254260 0.603347
vt 0.254260 0.611039
vt 0.254260 0.618730
vt 0.254260 0.626422
vt 0.254260 0.634114
vt 0.254260 0.641805
vt 0.254260 0.649497
vt 0.254261 0.718188
vt 0.254579 0.721795
vt 0.255523 0.725268
vt 0.257055 0.728482
vt 0.259117 0.731321
vt 0.264961 0.734014
vt 0.261630 0.733686
vt 0.255873 0.516030
vt 0.258425 0.513757
vt 0.253779 0.518774
vt 0.252223 0.521888
vt 0.251265 0.525258
vt 0.250941 0.528761
vt 0.250942 0.596026
vt 0.250942 0.603612
vt 0.250942 0.611198
vt 0.250941 0.618783
vt 0.250941 0.626369
vt 0.250941 0.633955
vt 0.250941 0.641541
vt 0.250941 0.649126
vt 0.250942 0.717711
vt 0.251266 0.721213
vt 0.252224 0.724584
vt 0.253780 0.727698
vt 0.255874 0.730441
vt 0.258426 0.732714
vt 0.252885 0.517459
vt 0.255473 0.515335
vt 0.250761 0.520047
vt 0.249183 0.523000
vt 0.248211 0.526203
vt 0.247883 0.529535
vt 0.247883 0.596629
vt 0.247883 0.604042
vt 0.247883 0.611456
vt 0.247883 0.618869
vt 0.247883 0.626283
vt 0.247883 0.633697
vt 0.247883 0.641110
vt 0.247883 0.648524
vt 0.247884 0.716936
vt 0.248212 0.720268
vt 0.249184 0.723472
vt 0.250762 0.726424
vt 0.252886 0.729012
vt 0.255474 0.731136
vt 0.394371 0.009254
s 1
usemtl lightswitch
f 557/1/1 7/2/1 3/3/2 558/4/2
f 57/5/2 56/6/2 50/7/1 49/8/1
f 7/2/1 51/9/1 55/10/2 3/3/2
f 56/6/2 55/10/2 51/9/1 50/7/1
f 49/8/1 16/11/1 13/12/2 57/5/2
f 359/13/2 75/14/3 74/15/3 358/16/2
f 358/16/2 74/15/3 73/17/3 357/18/2
f 539/19/2 561/20/2 28/21/2 17/22/2
f 559/23/2 558/4/2 3/3/2 30/24/2
f 24/25/4 25/26/5 26/27/6 23/28/7
f 23/28/7 26/27/6 27/29/8 22/30/9
f 1/31/10 25/26/5 24/25/4 2/32/11
f 27/29/8 6/33/12 11/34/13 22/30/9
f 36/35/14 37/36/15 38/37/16 35/38/17
f 35/38/17 38/37/16 39/39/18 34/40/19
f 6/33/12 37/36/15 36/35/14 11/34/13
f 39/39/18 5/41/20 10/42/3 34/40/19
f 1391/43/21 1390/44/22 63/45/23 62/46/24
f 1390/44/22 701/47/25 653/48/26 1388/49/27
f 1392/50/28 1391/43/21 62/46/24 61/51/29
f 1388/49/27 653/48/26 696/52/30 1395/53/31
f 1394/54/32 1393/55/33 60/56/33 59/57/32
f 1393/55/33 698/58/33 654/59/1 1389/60/1
f 1395/53/31 1394/54/32 59/57/32 58/61/34
f 1389/60/1 654/59/1 651/62/2 1386/63/2
f 542/64/35 42/65/36 41/66/37 541/67/38
f 541/67/38 41/66/37 40/68/39 540/69/40
f 353/70/41 370/71/42 25/72/43 1/73/44
f 368/74/45 354/75/46 6/76/47 27/77/48
f 545/78/49 48/79/50 47/80/51 544/81/52
f 544/81/52 47/80/51 46/82/33 543/83/33
f 354/75/46 373/84/53 37/85/54 6/76/47
f 371/86/55 355/87/56 5/41/20 39/88/57
f 82/89/4 83/90/4 86/91/7 85/92/7
f 83/90/4 84/93/4 87/94/7 86/91/7
f 85/92/7 86/91/7 89/95/58 88/96/59
f 86/91/7 87/94/7 90/97/58 89/95/58
f 18/98/11 66/99/11 82/89/4 79/100/4
f 66/99/11 65/101/11 83/90/4 82/89/4
f 65/101/11 64/102/11 84/93/4 83/90/4
f 64/102/11 2/32/11 24/25/4 84/93/4
f 84/93/4 24/25/4 23/28/7 87/94/7
f 87/94/7 23/28/7 22/30/9 90/97/58
f 90/97/58 22/30/9 11/34/13 70/103/60
f 89/95/58 90/97/58 70/103/60 71/104/60
f 88/96/59 89/95/58 71/104/60 72/105/61
f 81/106/62 88/96/59 72/105/61 20/107/60
f 80/108/7 85/92/7 88/96/59 81/106/62
f 79/100/4 82/89/4 85/92/7 80/108/7
f 91/109/63 92/110/64 95/111/17 94/112/17
f 92/110/64 93/113/64 96/114/17 95/111/17
f 94/112/17 95/111/17 98/115/65 97/116/19
f 95/111/17 96/114/17 99/117/19 98/115/65
f 20/107/60 72/105/61 91/109/63 76/118/66
f 72/105/61 71/104/60 92/110/64 91/109/63
f 71/104/60 70/103/60 93/113/64 92/110/64
f 70/103/60 11/34/13 36/35/14 93/113/64
f 93/113/64 36/35/14 35/38/17 96/114/17
f 96/114/17 35/38/17 34/40/19 99/117/19
f 99/117/19 34/40/19 10/42/3 73/17/3
f 98/115/65 99/117/19 73/17/3 74/15/3
f 97/116/19 98/115/65 74/15/3 75/14/3
f 78/119/19 97/116/19 75/14/3 21/120/3
f 77/121/17 94/112/17 97/116/19 78/119/19
f 76/118/66 91/109/63 94/112/17 77/121/17
f 28/122/67 29/123/68 68/124/68 69/125/67
f 3/126/69 4/127/69 67/128/70 30/129/70
f 29/123/68 30/129/70 67/128/70 68/124/68
f 69/125/67 19/130/71 17/131/71 28/122/67
f 57/132/72 54/133/72 53/134/73 56/135/73
f 56/135/73 53/134/73 52/136/74 55/137/74
f 12/138/75 54/133/72 57/132/72 13/139/75
f 52/136/74 4/140/69 3/141/69 55/137/74
f 170/142/76 17/131/71 19/130/71 175/143/76
f 1403/144/77 826/145/78 770/146/79 1398/147/80
f 100/148/81 101/149/81 104/150/32 103/151/32
f 101/149/81 102/152/82 105/153/32 104/150/32
f 103/151/32 104/150/32 107/154/33 106/155/33
f 104/150/32 105/153/32 108/156/33 107/154/33
f 9/157/83 45/158/84 100/148/81 48/79/50
f 45/158/84 44/159/85 101/149/81 100/148/81
f 44/159/85 43/160/86 102/152/82 101/149/81
f 43/160/86 15/161/87 58/61/34 102/152/82
f 102/152/82 58/61/34 59/57/32 105/153/32
f 105/153/32 59/57/32 60/56/33 108/156/33
f 108/156/33 60/56/33 16/11/1 49/8/1
f 107/154/33 108/156/33 49/8/1 50/7/1
f 106/155/33 107/154/33 50/7/1 51/9/1
f 46/82/33 106/155/33 51/9/1 7/2/1
f 47/80/51 103/151/32 106/155/33 46/82/33
f 48/79/50 100/148/81 103/151/32 47/80/51
f 109/162/88 110/163/89 113/164/90 112/165/91
f 110/163/89 111/166/92 114/167/93 113/164/90
f 112/165/91 113/164/90 116/168/94 115/169/95
f 113/164/90 114/167/93 117/170/96 116/168/94
f 8/171/97 33/172/98 109/162/88 42/65/36
f 33/172/98 32/173/99 110/163/89 109/162/88
f 32/173/99 31/174/100 111/166/92 110/163/89
f 31/174/100 14/175/101 61/51/29 111/166/92
f 111/166/92 61/51/29 62/46/24 114/167/93
f 114/167/93 62/46/24 63/45/23 117/170/96
f 117/170/96 63/45/23 15/161/87 43/160/86
f 116/168/94 117/170/96 43/160/86 44/159/85
f 115/169/95 116/168/94 44/159/85 45/158/84
f 40/68/39 115/169/95 45/158/84 9/157/83
f 41/66/37 112/165/91 115/169/95 40/68/39
f 42/65/36 109/162/88 112/165/91 41/66/37
f 1385/176/102 12/138/75 13/139/75 1386/177/102
f 176/178/76 129/179/76 292/180/76 335/181/76
f 176/178/76 137/182/103 135/183/103 129/179/76
f 173/184/60 20/107/60 76/118/66 249/185/66
f 246/186/19 205/187/65 204/188/17 248/189/17
f 245/190/19 78/119/19 21/120/3 171/191/3
f 248/189/17 204/188/17 203/192/66 250/193/66
f 177/194/11 18/98/11 79/100/4 255/195/4
f 252/196/62 208/197/62 207/198/7 254/199/7
f 251/200/62 81/106/62 20/107/60 173/184/60
f 254/199/7 207/198/7 206/201/4 256/202/4
f 554/203/2 539/19/2 17/22/2 170/204/2
f 564/205/104 565/206/2 120/207/2 124/208/104
f 184/209/2 167/210/104 168/211/104 183/212/2
f 124/208/104 120/207/2 182/213/2 169/214/104
f 183/212/2 168/211/104 169/214/104 182/213/2
f 167/210/104 184/209/2 131/215/2 134/216/104
f 366/217/2 365/218/2 201/219/3 202/220/3
f 365/218/2 364/221/2 200/222/3 201/219/3
f 546/223/2 135/224/2 146/225/2 568/226/2
f 566/227/2 148/228/2 120/207/2 565/206/2
f 142/229/4 141/230/7 144/231/6 143/232/5
f 141/230/7 140/233/62 145/234/105 144/231/6
f 118/235/11 119/236/11 142/229/4 143/232/5
f 145/234/105 140/233/62 128/237/60 123/238/106
f 154/239/66 153/240/17 156/241/16 155/242/107
f 153/240/17 152/243/65 157/244/18 156/241/16
f 123/238/106 128/237/60 154/239/66 155/242/107
f 157/244/18 152/243/65 127/245/3 122/246/108
f 1402/247/109 189/248/110 190/249/111 1401/250/112
f 1399/251/113 771/252/114 828/253/115 1401/250/112
f 1403/144/77 188/254/116 189/248/110 1402/247/109
f 1406/255/117 823/256/118 771/252/114 1399/251/113
f 1405/257/119 186/258/119 187/259/120 1404/260/120
f 1400/261/104 772/262/104 825/263/120 1404/260/120
f 1406/255/117 185/264/121 186/258/119 1405/257/119
f 1397/265/2 769/266/2 772/262/104 1400/261/104
f 549/267/122 548/268/123 159/269/124 160/270/125
f 548/268/123 547/271/126 158/272/127 159/269/124
f 360/273/128 118/274/129 143/275/130 377/276/131
f 375/277/132 145/278/133 123/279/134 361/280/135
f 552/281/136 551/282/137 165/283/138 166/284/139
f 551/282/137 550/285/120 164/286/120 165/283/138
f 361/280/135 123/279/134 155/287/140 380/288/141
f 378/289/142 157/290/143 122/246/108 362/291/144
f 209/292/4 212/293/7 213/294/7 210/295/4
f 210/295/4 213/294/7 214/296/7 211/297/4
f 212/293/7 215/298/62 216/299/62 213/294/7
f 213/294/7 216/299/62 217/300/62 214/296/7
f 136/301/11 206/201/4 209/292/4 193/302/11
f 193/302/11 209/292/4 210/295/4 192/303/11
f 192/303/11 210/295/4 211/297/4 191/304/11
f 191/304/11 211/297/4 142/229/4 119/236/11
f 211/297/4 214/296/7 141/230/7 142/229/4
f 214/296/7 217/300/62 140/233/62 141/230/7
f 217/300/62 197/305/60 128/237/60 140/233/62
f 216/299/62 198/306/60 197/305/60 217/300/62
f 215/298/62 199/307/60 198/306/60 216/299/62
f 208/197/62 138/308/60 199/307/60 215/298/62
f 207/198/7 208/197/62 215/298/62 212/293/7
f 206/201/4 207/198/7 212/293/7 209/292/4
f 218/309/66 221/310/17 222/311/17 219/312/66
f 219/312/66 222/311/17 223/313/17 220/314/66
f 221/310/17 224/315/65 225/316/19 222/311/17
f 222/311/17 225/316/19 226/317/19 223/313/17
f 138/308/60 203/192/66 218/309/66 199/307/60
f 199/307/60 218/309/66 219/312/66 198/306/60
f 198/306/60 219/312/66 220/314/66 197/305/60
f 197/305/60 220/314/66 154/239/66 128/237/60
f 220/314/66 223/313/17 153/240/17 154/239/66
f 223/313/17 226/317/19 152/243/65 153/240/17
f 226/317/19 200/222/3 127/245/3 152/243/65
f 225/316/19 201/219/3 200/222/3 226/317/19
f 224/315/65 202/220/3 201/219/3 225/316/19
f 205/187/65 139/318/3 202/220/3 224/315/65
f 204/188/17 205/187/65 224/315/65 221/310/17
f 203/192/66 204/188/17 221/310/17 218/309/66
f 146/319/145 196/320/145 195/321/146 147/322/146
f 194/323/147 121/324/148 120/325/148 148/326/147
f 147/322/146 195/321/146 194/323/147 148/326/147
f 135/183/103 137/182/103 196/320/145 146/319/145
f 184/327/149 183/328/150 180/329/150 181/330/149
f 183/328/150 182/331/151 179/332/151 180/329/150
f 181/330/149 130/333/152 131/334/152 184/327/149
f 120/335/148 121/336/148 179/332/151 182/331/151
f 1407/337/2 1280/338/2 12/339/2 1385/340/2
f 227/341/117 230/342/119 231/343/153 228/344/117
f 228/344/117 231/343/153 232/345/119 229/346/154
f 230/342/119 233/347/120 234/348/120 231/343/153
f 231/343/153 234/348/120 235/349/120 232/345/119
f 126/350/155 166/284/139 227/341/117 163/351/156
f 163/351/156 227/341/117 228/344/117 162/352/157
f 162/352/157 228/344/117 229/346/154 161/353/158
f 161/353/158 229/346/154 185/264/121 133/354/159
f 229/346/154 232/345/119 186/258/119 185/264/121
f 232/345/119 235/349/120 187/259/120 186/258/119
f 235/349/120 167/210/104 134/216/104 187/259/120
f 234/348/120 168/211/104 167/210/104 235/349/120
f 233/347/120 169/214/104 168/211/104 234/348/120
f 164/286/120 124/208/104 169/214/104 233/347/120
f 165/283/138 164/286/120 233/347/120 230/342/119
f 166/284/139 165/283/138 230/342/119 227/341/117
f 236/355/160 239/356/161 240/357/162 237/358/163
f 237/358/163 240/357/162 241/359/164 238/360/165
f 239/356/161 242/361/166 243/362/167 240/357/162
f 240/357/162 243/362/167 244/363/168 241/359/164
f 125/364/169 160/270/125 236/355/160 151/365/170
f 151/365/170 236/355/160 237/358/163 150/366/171
f 150/366/171 237/358/163 238/360/165 149/367/172
f 149/367/172 238/360/165 188/254/116 132/368/173
f 238/360/165 241/359/164 189/248/110 188/254/116
f 241/359/164 244/363/168 190/249/111 189/248/110
f 244/363/168 161/353/158 133/354/159 190/249/111
f 243/362/167 162/352/157 161/353/158 244/363/168
f 242/361/166 163/351/156 162/352/157 243/362/167
f 158/272/127 126/350/155 163/351/156 242/361/166
f 159/269/124 158/272/127 242/361/166 239/356/161
f 160/270/125 159/269/124 239/356/161 236/355/160
f 1396/369/174 768/370/175 769/371/175 1397/372/174
f 352/373/11 177/194/11 255/195/4 293/374/4
f 136/301/11 178/375/11 256/202/4 206/201/4
f 77/121/17 247/376/17 249/185/66 76/118/66
f 310/377/62 252/196/62 254/199/7 304/378/7
f 305/379/62 251/200/62 173/184/60 346/380/60
f 208/197/62 252/196/62 174/381/60 138/308/60
f 81/106/62 251/200/62 253/382/7 80/108/7
f 304/378/7 254/199/7 256/202/4 298/383/4
f 574/384/2 554/203/2 170/204/2 287/385/2
f 546/223/2 553/386/2 129/387/2 135/224/2
f 80/108/7 253/382/7 255/195/4 79/100/4
f 322/388/17 248/189/17 250/193/66 316/389/66
f 205/187/65 246/186/19 172/390/3 139/318/3
f 323/391/19 245/190/19 171/191/3 334/392/3
f 78/119/19 245/190/19 247/376/17 77/121/17
f 328/393/19 246/186/19 248/189/17 322/388/17
f 138/308/60 174/381/60 250/193/66 203/192/66
f 346/380/60 173/184/60 249/185/66 311/394/66
f 428/395/2 463/396/2 285/397/2 275/398/2
f 550/285/120 282/399/176 273/400/104 564/205/104
f 563/401/177 272/402/178 284/403/179 552/281/136
f 453/404/180 448/405/120 282/399/176 283/406/180
f 458/407/181 453/404/180 283/406/180 284/403/179
f 547/271/126 279/408/182 272/402/178 563/401/177
f 562/409/183 271/410/184 281/411/185 549/267/122
f 438/412/186 433/413/187 279/408/182 280/414/188
f 443/415/189 438/412/186 280/414/188 281/411/185
f 524/416/2 276/417/2 274/418/2 519/419/2
f 428/395/2 275/398/2 278/420/2 534/421/2
f 567/422/2 566/227/2 276/417/2 277/423/2
f 568/226/2 567/422/2 277/423/2 278/420/2
f 514/424/104 519/419/2 274/418/2 273/400/104
f 468/425/2 393/426/2 261/427/2 286/428/2
f 543/83/33 557/1/1 259/429/1 268/430/190
f 556/431/191 545/78/49 270/432/192 258/433/193
f 418/434/194 269/435/194 268/430/190 413/436/33
f 423/437/195 270/432/192 269/435/194 418/434/194
f 540/69/40 556/431/191 258/433/193 265/438/196
f 555/439/197 542/64/35 267/440/198 257/441/199
f 403/442/200 266/443/201 265/438/196 398/444/202
f 408/445/203 267/440/198 266/443/201 403/442/200
f 489/446/2 484/447/2 260/448/2 262/449/2
f 393/426/2 499/450/2 264/451/2 261/427/2
f 560/452/2 263/453/2 262/449/2 559/23/2
f 561/20/2 264/451/2 263/453/2 560/452/2
f 479/454/1 259/429/1 260/448/2 484/447/2
f 340/455/76 287/456/76 170/142/76 175/143/76
f 174/381/60 341/457/60 316/389/66 250/193/66
f 341/457/60 342/458/60 315/459/66 316/389/66
f 342/458/60 343/460/60 314/461/66 315/459/66
f 343/460/60 344/462/60 313/463/66 314/461/66
f 344/462/60 345/464/60 312/465/66 313/463/66
f 345/464/60 346/380/60 311/394/66 312/465/66
f 245/190/19 323/391/19 317/466/17 247/376/17
f 323/391/19 324/467/65 318/468/17 317/466/17
f 324/467/65 325/469/19 319/470/17 318/468/17
f 325/469/19 326/471/19 320/472/17 319/470/17
f 326/471/19 327/473/19 321/474/17 320/472/17
f 327/473/19 328/393/19 322/388/17 321/474/17
f 246/186/19 328/393/19 329/475/3 172/390/3
f 328/393/19 327/473/19 330/476/3 329/475/3
f 327/473/19 326/471/19 331/477/3 330/476/3
f 326/471/19 325/469/19 332/478/3 331/477/3
f 325/469/19 324/467/65 333/479/3 332/478/3
f 324/467/65 323/391/19 334/392/3 333/479/3
f 247/376/17 317/466/17 311/394/66 249/185/66
f 317/466/17 318/468/17 312/465/66 311/394/66
f 318/468/17 319/470/17 313/463/66 312/465/66
f 319/470/17 320/472/17 314/461/66 313/463/66
f 320/472/17 321/474/17 315/459/66 314/461/66
f 321/474/17 322/388/17 316/389/66 315/459/66
f 553/386/2 569/480/2 292/481/2 129/387/2
f 569/480/2 570/482/2 291/483/2 292/481/2
f 570/482/2 571/484/2 290/485/2 291/483/2
f 571/484/2 572/486/2 289/487/2 290/485/2
f 572/486/2 573/488/2 288/489/2 289/487/2
f 573/488/2 574/384/2 287/385/2 288/489/2
f 253/382/7 299/490/7 293/374/4 255/195/4
f 299/490/7 300/491/7 294/492/4 293/374/4
f 300/491/7 301/493/7 295/494/4 294/492/4
f 301/493/7 302/495/7 296/496/4 295/494/4
f 302/495/7 303/497/7 297/498/4 296/496/4
f 303/497/7 304/378/7 298/383/4 297/498/4
f 252/196/62 310/377/62 341/457/60 174/381/60
f 310/377/62 309/499/62 342/458/60 341/457/60
f 309/499/62 308/500/62 343/460/60 342/458/60
f 308/500/62 307/501/62 344/462/60 343/460/60
f 307/501/62 306/502/62 345/464/60 344/462/60
f 306/502/62 305/379/62 346/380/60 345/464/60
f 251/200/62 305/379/62 299/490/7 253/382/7
f 305/379/62 306/502/62 300/491/7 299/490/7
f 306/502/62 307/501/62 301/493/7 300/491/7
f 307/501/62 308/500/62 302/495/7 301/493/7
f 308/500/62 309/499/62 303/497/7 302/495/7
f 309/499/62 310/377/62 304/378/7 303/497/7
f 178/375/11 347/503/11 298/383/4 256/202/4
f 347/503/11 348/504/11 297/498/4 298/383/4
f 348/504/11 349/505/11 296/496/4 297/498/4
f 349/505/11 350/506/11 295/494/4 296/496/4
f 350/506/11 351/507/11 294/492/4 295/494/4
f 351/507/11 352/373/11 293/374/4 294/492/4
f 339/508/76 288/509/76 287/456/76 340/455/76
f 338/510/76 289/511/76 288/509/76 339/508/76
f 337/512/76 290/513/76 289/511/76 338/510/76
f 336/514/76 291/515/76 290/513/76 337/512/76
f 335/181/76 292/180/76 291/515/76 336/514/76
f 333/479/3 334/392/3 388/516/2 387/517/2
f 332/478/3 333/479/3 387/517/2 386/518/2
f 331/477/3 332/478/3 386/518/2 385/519/2
f 330/476/3 331/477/3 385/519/2 384/520/2
f 329/475/3 330/476/3 384/520/2 383/521/2
f 172/390/3 329/475/3 383/521/2 381/522/2
f 5/41/20 355/87/56 356/523/2 10/42/3
f 21/120/3 75/14/3 359/13/2 367/524/2
f 73/17/3 10/42/3 356/523/2 357/18/2
f 25/72/43 370/71/42 369/525/204 26/526/205
f 26/526/205 369/525/204 368/74/45 27/77/48
f 37/85/54 373/84/53 372/527/206 38/528/207
f 38/528/207 372/527/206 371/86/55 39/88/57
f 171/191/3 21/120/3 367/524/2 382/529/2
f 122/246/108 127/245/3 363/530/2 362/291/144
f 139/318/3 374/531/2 366/217/2 202/220/3
f 200/222/3 364/221/2 363/530/2 127/245/3
f 143/275/130 144/532/208 376/533/209 377/276/131
f 144/532/208 145/278/133 375/277/132 376/533/209
f 155/287/140 156/534/210 379/535/211 380/288/141
f 156/534/210 157/290/143 378/289/142 379/535/211
f 334/392/3 171/191/3 382/529/2 388/516/2
f 139/318/3 172/390/3 381/522/2 374/531/2
f 444/536/120 378/289/142 362/291/144 518/537/104
f 513/538/212 361/280/135 380/288/141 454/539/141
f 429/540/213 375/277/132 361/280/135 513/538/212
f 508/541/214 360/273/128 377/276/131 439/542/215
f 533/543/2 528/544/2 364/221/2 365/218/2
f 538/545/2 533/543/2 365/218/2 366/217/2
f 409/546/33 483/547/1 355/87/56 371/86/55
f 478/548/216 419/549/217 373/84/53 354/75/46
f 394/550/218 478/548/216 354/75/46 368/74/45
f 473/551/219 404/552/220 370/71/42 353/70/41
f 498/553/2 358/16/2 357/18/2 493/554/2
f 503/555/2 359/13/2 358/16/2 498/553/2
f 264/451/2 499/450/2 494/556/2 263/453/2
f 499/450/2 500/557/2 495/558/2 494/556/2
f 500/557/2 501/559/2 496/560/2 495/558/2
f 501/559/2 502/561/2 497/562/2 496/560/2
f 502/561/2 503/555/2 498/553/2 497/562/2
f 263/453/2 494/556/2 489/446/2 262/449/2
f 494/556/2 495/558/2 490/563/2 489/446/2
f 495/558/2 496/560/2 491/564/2 490/563/2
f 496/560/2 497/562/2 492/565/2 491/564/2
f 497/562/2 498/553/2 493/554/2 492/565/2
f 257/441/199 267/440/198 408/445/203 469/566/221
f 469/566/221 408/445/203 407/567/203 470/568/222
f 470/568/222 407/567/203 406/569/223 471/570/224
f 471/570/224 406/569/223 405/571/225 472/572/226
f 472/572/226 405/571/225 404/552/220 473/551/219
f 265/438/196 258/433/193 474/573/227 398/444/202
f 398/444/202 474/573/227 475/574/228 397/575/229
f 397/575/229 475/574/228 476/576/230 396/577/231
f 396/577/231 476/576/230 477/578/232 395/579/233
f 395/579/233 477/578/232 478/548/216 394/550/218
f 258/433/193 270/432/192 423/437/195 474/573/227
f 474/573/227 423/437/195 422/580/234 475/574/228
f 475/574/228 422/580/234 421/581/235 476/576/230
f 476/576/230 421/581/235 420/582/235 477/578/232
f 477/578/232 420/582/235 419/549/217 478/548/216
f 268/430/190 259/429/1 479/454/1 413/436/33
f 413/436/33 479/454/1 480/583/1 412/584/33
f 412/584/33 480/583/1 481/585/1 411/586/33
f 411/586/33 481/585/1 482/587/1 410/588/190
f 410/588/190 482/587/1 483/547/1 409/546/33
f 278/420/2 277/423/2 529/589/2 534/421/2
f 534/421/2 529/589/2 530/590/2 535/591/2
f 535/591/2 530/590/2 531/592/2 536/593/2
f 536/593/2 531/592/2 532/594/2 537/595/2
f 537/595/2 532/594/2 533/543/2 538/545/2
f 277/423/2 276/417/2 524/416/2 529/589/2
f 529/589/2 524/416/2 525/596/2 530/590/2
f 530/590/2 525/596/2 526/597/2 531/592/2
f 531/592/2 526/597/2 527/598/2 532/594/2
f 532/594/2 527/598/2 528/544/2 533/543/2
f 271/410/184 504/599/236 443/415/189 281/411/185
f 504/599/236 505/600/237 442/601/189 443/415/189
f 505/600/237 506/602/238 441/603/239 442/601/189
f 506/602/238 507/604/238 440/605/240 441/603/239
f 507/604/238 508/541/214 439/542/215 440/605/240
f 279/408/182 433/413/187 509/606/241 272/402/178
f 433/413/187 432/607/242 510/608/243 509/606/241
f 432/607/242 431/609/244 511/610/245 510/608/243
f 431/609/244 430/611/246 512/612/247 511/610/245
f 430/611/246 429/540/213 513/538/212 512/612/247
f 272/402/178 509/606/241 458/407/181 284/403/179
f 509/606/241 510/608/243 457/613/248 458/407/181
f 510/608/243 511/610/245 456/614/249 457/613/248
f 511/610/245 512/612/247 455/615/249 456/614/249
f 512/612/247 513/538/212 454/539/141 455/615/249
f 282/399/176 448/405/120 514/424/104 273/400/104
f 448/405/120 447/616/176 515/617/104 514/424/104
f 447/616/176 446/618/120 516/619/104 515/617/104
f 446/618/120 445/620/176 517/621/104 516/619/104
f 445/620/176 444/536/120 518/537/104 517/621/104
f 465/622/250 466/623/251 605/624/251 604/625/250
f 464/626/252 465/627/250 604/625/250 603/628/252
f 382/629/253 464/630/252 603/628/252 598/631/253
f 463/632/254 462/633/255 602/634/255 575/635/254
f 462/636/255 461/637/256 601/638/256 602/634/255
f 461/639/256 460/640/150 600/641/150 601/638/256
f 381/642/257 383/643/258 596/644/258 597/645/257
f 460/646/150 459/647/259 599/648/259 600/641/150
f 383/649/258 384/650/260 595/651/260 596/644/258
f 459/652/259 381/653/257 597/645/257 599/648/259
f 286/654/261 554/655/262 632/656/262 578/657/261
f 569/658/263 553/659/264 631/660/264 633/661/263
f 384/662/260 385/663/265 594/664/265 595/651/260
f 553/665/264 285/666/266 576/667/266 631/660/264
f 554/668/262 574/669/267 638/670/267 632/656/262
f 570/671/268 569/672/263 633/661/263 634/673/268
f 355/87/56 483/547/1 488/674/2 356/523/2
f 483/547/1 482/587/1 487/675/2 488/674/2
f 482/587/1 481/585/1 486/676/2 487/675/2
f 481/585/1 480/583/1 485/677/2 486/676/2
f 480/583/1 479/454/1 484/447/2 485/677/2
f 367/524/2 359/13/2 503/555/2 389/678/2
f 389/678/2 503/555/2 502/561/2 390/679/2
f 390/679/2 502/561/2 501/559/2 391/680/2
f 391/680/2 501/559/2 500/557/2 392/681/2
f 392/681/2 500/557/2 499/450/2 393/426/2
f 357/18/2 356/523/2 488/674/2 493/554/2
f 493/554/2 488/674/2 487/675/2 492/565/2
f 492/565/2 487/675/2 486/676/2 491/564/2
f 491/564/2 486/676/2 485/677/2 490/563/2
f 490/563/2 485/677/2 484/447/2 489/446/2
f 370/71/42 404/552/220 399/682/269 369/525/204
f 404/552/220 405/571/225 400/683/269 399/682/269
f 405/571/225 406/569/223 401/684/200 400/683/269
f 406/569/223 407/567/203 402/685/270 401/684/200
f 407/567/203 408/445/203 403/442/200 402/685/270
f 369/525/204 399/682/269 394/550/218 368/74/45
f 399/682/269 400/683/269 395/579/233 394/550/218
f 400/683/269 401/684/200 396/577/231 395/579/233
f 401/684/200 402/685/270 397/575/229 396/577/231
f 402/685/270 403/442/200 398/444/202 397/575/229
f 373/84/53 419/549/217 414/686/271 372/527/206
f 419/549/217 420/582/235 415/687/194 414/686/271
f 420/582/235 421/581/235 416/688/194 415/687/194
f 421/581/235 422/580/234 417/689/194 416/688/194
f 422/580/234 423/437/195 418/434/194 417/689/194
f 372/527/206 414/686/271 409/546/33 371/86/55
f 414/686/271 415/687/194 410/588/190 409/546/33
f 415/687/194 416/688/194 411/586/33 410/588/190
f 416/688/194 417/689/194 412/584/33 411/586/33
f 417/689/194 418/434/194 413/436/33 412/584/33
f 382/529/2 367/524/2 389/678/2 464/690/2
f 464/690/2 389/678/2 390/679/2 465/691/2
f 465/691/2 390/679/2 391/680/2 466/692/2
f 466/692/2 391/680/2 392/681/2 467/693/2
f 467/693/2 392/681/2 393/426/2 468/425/2
f 362/291/144 363/530/2 523/694/2 518/537/104
f 518/537/104 523/694/2 522/695/2 517/621/104
f 517/621/104 522/695/2 521/696/2 516/619/104
f 516/619/104 521/696/2 520/697/2 515/617/104
f 515/617/104 520/697/2 519/419/2 514/424/104
f 374/531/2 424/698/2 538/545/2 366/217/2
f 424/698/2 425/699/2 537/595/2 538/545/2
f 425/699/2 426/700/2 536/593/2 537/595/2
f 426/700/2 427/701/2 535/591/2 536/593/2
f 427/701/2 428/395/2 534/421/2 535/591/2
f 364/221/2 528/544/2 523/694/2 363/530/2
f 528/544/2 527/598/2 522/695/2 523/694/2
f 527/598/2 526/597/2 521/696/2 522/695/2
f 526/597/2 525/596/2 520/697/2 521/696/2
f 525/596/2 524/416/2 519/419/2 520/697/2
f 377/276/131 376/533/209 434/702/272 439/542/215
f 439/542/215 434/702/272 435/703/273 440/605/240
f 440/605/240 435/703/273 436/704/274 441/603/239
f 441/603/239 436/704/274 437/705/275 442/601/189
f 442/601/189 437/705/275 438/412/186 443/415/189
f 376/533/209 375/277/132 429/540/213 434/702/272
f 434/702/272 429/540/213 430/611/246 435/703/273
f 435/703/273 430/611/246 431/609/244 436/704/274
f 436/704/274 431/609/244 432/607/242 437/705/275
f 437/705/275 432/607/242 433/413/187 438/412/186
f 380/288/141 379/535/211 449/706/276 454/539/141
f 454/539/141 449/706/276 450/707/180 455/615/249
f 455/615/249 450/707/180 451/708/180 456/614/249
f 456/614/249 451/708/180 452/709/180 457/613/248
f 457/613/248 452/709/180 453/404/180 458/407/181
f 379/535/211 378/289/142 444/536/120 449/706/276
f 449/706/276 444/536/120 445/620/176 450/707/180
f 450/707/180 445/620/176 446/618/120 451/708/180
f 451/708/180 446/618/120 447/616/176 452/709/180
f 452/709/180 447/616/176 448/405/120 453/404/180
f 385/710/265 386/711/277 593/712/277 594/664/265
f 571/713/278 570/714/268 634/673/268 635/715/278
f 388/716/279 382/717/253 598/631/253 591/718/279
f 386/719/277 387/720/280 592/721/280 593/712/277
f 572/722/281 571/723/278 635/715/278 636/724/281
f 374/531/2 381/522/2 459/725/2 424/698/2
f 424/698/2 459/725/2 460/726/2 425/699/2
f 425/699/2 460/726/2 461/727/2 426/700/2
f 426/700/2 461/727/2 462/728/2 427/701/2
f 427/701/2 462/728/2 463/396/2 428/395/2
f 387/729/280 388/730/279 591/718/279 592/721/280
f 468/731/282 286/732/261 578/657/261 577/733/282
f 467/734/283 468/735/282 577/733/282 606/736/283
f 573/737/284 572/738/281 636/724/281 637/739/284
f 285/740/266 463/741/254 575/635/254 576/667/266
f 466/742/251 467/743/283 606/736/283 605/624/251
f 28/21/2 561/20/2 560/452/2 29/744/2
f 29/744/2 560/452/2 559/23/2 30/24/2
f 8/171/97 42/65/36 542/64/35 555/439/197
f 40/68/39 9/157/83 556/431/191 540/69/40
f 9/157/83 48/79/50 545/78/49 556/431/191
f 46/82/33 7/2/1 557/1/1 543/83/33
f 146/225/2 147/745/2 567/422/2 568/226/2
f 147/745/2 148/228/2 566/227/2 567/422/2
f 125/364/169 562/409/183 549/267/122 160/270/125
f 158/272/127 547/271/126 563/401/177 126/350/155
f 126/350/155 563/401/177 552/281/136 166/284/139
f 164/286/120 550/285/120 564/205/104 124/208/104
f 275/398/2 285/397/2 553/386/2 546/223/2
f 574/746/267 573/747/284 637/739/284 638/670/267
f 283/406/180 282/399/176 550/285/120 551/282/137
f 284/403/179 283/406/180 551/282/137 552/281/136
f 280/414/188 279/408/182 547/271/126 548/268/123
f 281/411/185 280/414/188 548/268/123 549/267/122
f 276/417/2 566/227/2 565/206/2 274/418/2
f 275/398/2 546/223/2 568/226/2 278/420/2
f 273/400/104 274/418/2 565/206/2 564/205/104
f 286/428/2 261/427/2 539/19/2 554/203/2
f 269/435/194 544/81/52 543/83/33 268/430/190
f 270/432/192 545/78/49 544/81/52 269/435/194
f 266/443/201 541/67/38 540/69/40 265/438/196
f 267/440/198 542/64/35 541/67/38 266/443/201
f 262/449/2 260/448/2 558/4/2 559/23/2
f 261/427/2 264/451/2 561/20/2 539/19/2
f 259/429/1 557/1/1 558/4/2 260/448/2
f 590/748/2 577/733/2 578/657/2 580/749/2
f 575/635/2 585/750/2 579/751/2 576/667/2
f 585/750/2 586/752/2 584/753/2 579/751/2
f 586/752/2 587/754/2 583/755/2 584/753/2
f 587/754/2 588/756/2 582/757/2 583/755/2
f 588/756/2 589/758/2 581/759/2 582/757/2
f 589/758/2 590/748/2 580/749/2 581/759/2
f 592/721/2 591/718/2 627/760/2 623/761/2
f 623/761/2 627/760/2 628/762/2 624/763/2
f 624/763/2 628/762/2 629/764/2 625/765/2
f 625/765/2 629/764/2 630/766/2 626/767/2
f 626/767/2 630/766/2 590/748/2 589/758/2
f 593/712/2 592/721/2 623/761/2 619/768/2
f 619/768/2 623/761/2 624/763/2 620/769/2
f 620/769/2 624/763/2 625/765/2 621/770/2
f 621/770/2 625/765/2 626/767/2 622/771/2
f 622/771/2 626/767/2 589/758/2 588/756/2
f 594/664/2 593/712/2 619/768/2 615/772/2
f 615/772/2 619/768/2 620/769/2 616/773/2
f 616/773/2 620/769/2 621/770/2 617/774/2
f 617/774/2 621/770/2 622/771/2 618/775/2
f 618/775/2 622/771/2 588/756/2 587/754/2
f 595/651/2 594/664/2 615/772/2 611/776/2
f 611/776/2 615/772/2 616/773/2 612/777/2
f 612/777/2 616/773/2 617/774/2 613/778/2
f 613/778/2 617/774/2 618/775/2 614/779/2
f 614/779/2 618/775/2 587/754/2 586/752/2
f 596/644/2 595/651/2 611/776/2 607/780/2
f 607/780/2 611/776/2 612/777/2 608/781/2
f 608/781/2 612/777/2 613/778/2 609/782/2
f 609/782/2 613/778/2 614/779/2 610/783/2
f 610/783/2 614/779/2 586/752/2 585/750/2
f 597/645/2 596/644/2 607/780/2 599/648/2
f 599/648/2 607/780/2 608/781/2 600/641/2
f 600/641/2 608/781/2 609/782/2 601/638/2
f 601/638/2 609/782/2 610/783/2 602/634/2
f 602/634/2 610/783/2 585/750/2 575/635/2
f 591/718/2 598/631/2 603/628/2 627/760/2
f 627/760/2 603/628/2 604/625/2 628/762/2
f 628/762/2 604/625/2 605/624/2 629/764/2
f 629/764/2 605/624/2 606/736/2 630/766/2
f 630/766/2 606/736/2 577/733/2 590/748/2
f 581/759/2 580/749/2 638/670/2 637/739/2
f 582/757/2 581/759/2 637/739/2 636/724/2
f 583/755/2 582/757/2 636/724/2 635/715/2
f 584/753/2 583/755/2 635/715/2 634/673/2
f 579/751/2 584/753/2 634/673/2 633/661/2
f 576/667/2 579/751/2 633/661/2 631/660/2
f 580/749/2 578/657/2 632/656/2 638/670/2
f 1195/784/1 1196/785/2 641/786/2 645/787/1
f 695/788/2 687/789/1 688/790/1 694/791/2
f 645/787/1 641/786/2 693/792/2 689/793/1
f 694/791/2 688/790/1 689/793/1 693/792/2
f 687/789/1 695/788/2 651/62/2 654/59/1
f 997/794/2 996/795/2 712/796/285 713/797/285
f 996/795/2 995/798/2 711/799/285 712/796/285
f 1177/800/2 655/801/2 666/802/2 1199/803/2
f 1197/804/2 668/805/2 641/786/2 1196/785/2
f 662/806/286 661/807/287 664/808/288 663/809/289
f 661/807/287 660/810/290 665/811/291 664/808/288
f 639/812/292 640/813/292 662/806/286 663/809/289
f 665/811/291 660/810/290 649/814/293 644/815/294
f 674/816/295 673/817/296 676/818/297 675/819/298
f 673/817/296 672/820/299 677/821/300 676/818/297
f 644/815/294 649/814/293 674/816/295 675/819/298
f 677/821/300 672/820/299 648/822/285 643/823/301
f 1180/824/302 1179/825/303 679/826/304 680/827/305
f 1179/825/303 1178/828/306 678/829/307 679/826/304
f 991/830/308 639/831/309 663/832/310 1008/833/311
f 1006/834/312 665/835/313 644/836/314 992/837/315
f 1183/838/316 1182/839/52 685/840/51 686/841/317
f 1182/839/52 1181/842/33 684/843/33 685/840/51
f 992/837/315 644/836/314 675/844/318 1011/845/319
f 1009/846/320 677/847/321 643/823/301 993/848/322
f 720/849/286 723/850/287 724/851/287 721/852/286
f 721/852/286 724/851/287 725/853/287 722/854/286
f 723/850/287 726/855/290 727/856/290 724/851/287
f 724/851/287 727/856/290 728/857/290 725/853/287
f 656/858/292 717/859/286 720/849/286 704/860/292
f 704/860/292 720/849/286 721/852/286 703/861/292
f 703/861/292 721/852/286 722/854/286 702/862/292
f 702/862/292 722/854/286 662/806/286 640/813/292
f 722/854/286 725/853/287 661/807/287 662/806/286
f 725/853/287 728/857/290 660/810/290 661/807/287
f 728/857/290 708/863/293 649/814/293 660/810/290
f 727/856/290 709/864/293 708/863/293 728/857/290
f 726/855/290 710/865/293 709/864/293 727/856/290
f 719/866/290 658/867/293 710/865/293 726/855/290
f 718/868/287 719/866/290 726/855/290 723/850/287
f 717/859/286 718/868/287 723/850/287 720/849/286
f 729/869/295 732/870/296 733/871/296 730/872/295
f 730/872/295 733/871/296 734/873/296 731/874/295
f 732/870/296 735/875/299 736/876/323 733/871/296
f 733/871/296 736/876/323 737/877/323 734/873/296
f 658/867/293 714/878/295 729/869/295 710/865/293
f 710/865/293 729/869/295 730/872/295 709/864/293
f 709/864/293 730/872/295 731/874/295 708/863/293
f 708/863/293 731/874/295 674/816/295 649/814/293
f 731/874/295 734/873/296 673/817/296 674/816/295
f 734/873/296 737/877/323 672/820/299 673/817/296
f 737/877/323 711/799/285 648/822/285 672/820/299
f 736/876/323 712/796/285 711/799/285 737/877/323
f 735/875/299 713/797/285 712/796/285 736/876/323
f 716/879/299 659/880/285 713/797/285 735/875/299
f 715/881/296 716/879/299 735/875/299 732/870/296
f 714/878/295 715/881/296 732/870/296 729/869/295
f 666/882/324 707/883/324 706/884/325 667/885/325
f 641/886/326 668/887/327 705/888/327 642/889/326
f 667/885/325 706/884/325 705/888/327 668/887/327
f 707/883/324 666/882/324 655/890/328 657/891/328
f 695/892/329 694/893/330 691/894/330 692/895/329
f 694/893/330 693/896/331 690/897/331 691/894/330
f 650/898/332 651/899/332 695/892/329 692/895/329
f 690/897/331 693/896/331 641/900/326 642/901/326
f 808/902/333 813/903/333 657/891/328 655/890/328
f 738/904/31 741/905/32 742/906/334 739/907/31
f 739/907/31 742/906/334 743/908/32 740/909/335
f 741/905/32 744/910/33 745/911/33 742/906/334
f 742/906/334 745/911/33 746/912/33 743/908/32
f 647/913/336 686/841/317 738/904/31 683/914/337
f 683/914/337 738/904/31 739/907/31 682/915/338
f 682/915/338 739/907/31 740/909/335 681/916/339
f 681/916/339 740/909/335 696/52/30 653/48/26
f 740/909/335 743/908/32 697/917/32 696/52/30
f 743/908/32 746/912/33 698/58/33 697/917/32
f 746/912/33 687/789/1 654/59/1 698/58/33
f 745/911/33 688/790/1 687/789/1 746/912/33
f 744/910/33 689/793/1 688/790/1 745/911/33
f 684/843/33 645/787/1 689/793/1 744/910/33
f 685/840/51 684/843/33 744/910/33 741/905/32
f 686/841/317 685/840/51 741/905/32 738/904/31
f 747/918/340 750/919/90 751/920/91 748/921/341
f 748/921/341 751/920/91 752/922/342 749/923/343
f 750/919/90 753/924/344 754/925/95 751/920/91
f 751/920/91 754/925/95 755/926/345 752/922/342
f 646/927/346 680/827/305 747/918/340 671/928/347
f 671/928/347 747/918/340 748/921/341 670/929/348
f 670/929/348 748/921/341 749/923/343 669/930/349
f 669/930/349 749/923/343 699/931/350 652/932/351
f 749/923/343 752/922/342 700/933/352 699/931/350
f 752/922/342 755/926/345 701/47/25 700/933/352
f 755/926/345 681/916/339 653/48/26 701/47/25
f 754/925/95 682/915/338 681/916/339 755/926/345
f 753/924/344 683/914/337 682/915/338 754/925/95
f 678/829/307 647/913/336 683/914/337 753/924/344
f 679/826/304 678/829/307 753/924/344 750/919/90
f 680/827/305 679/826/304 750/919/90 747/918/340
f 814/934/333 973/935/333 930/936/333 767/937/333
f 814/934/333 767/937/333 773/938/353 775/939/353
f 811/940/293 887/941/295 714/878/295 658/867/293
f 884/942/323 886/943/296 842/944/296 843/945/323
f 883/946/323 809/947/285 659/880/285 716/879/299
f 886/943/296 888/948/295 841/949/295 842/944/296
f 815/950/292 893/951/286 717/859/286 656/858/292
f 890/952/290 892/953/287 845/954/287 846/955/290
f 889/956/290 811/940/293 658/867/293 719/866/290
f 892/953/287 894/957/286 844/958/286 845/954/287
f 1192/959/2 808/960/2 655/801/2 1177/800/2
f 1202/961/104 762/962/104 758/963/2 1203/964/2
f 822/965/2 821/966/2 806/967/104 805/968/104
f 762/962/104 807/969/104 820/970/2 758/963/2
f 821/966/2 820/970/2 807/969/104 806/967/104
f 805/968/104 772/262/104 769/266/2 822/965/2
f 1004/971/2 840/972/285 839/973/285 1003/974/2
f 1003/974/2 839/973/285 838/975/285 1002/976/2
f 1184/977/2 1206/978/2 784/979/2 773/980/2
f 1204/981/2 1203/964/2 758/963/2 786/982/2
f 780/983/286 781/984/289 782/985/288 779/986/287
f 779/986/287 782/985/288 783/987/354 778/988/355
f 756/989/356 781/984/289 780/983/286 757/990/292
f 783/987/354 761/991/357 766/992/358 778/988/355
f 792/993/359 793/994/360 794/995/297 791/996/296
f 791/996/296 794/995/297 795/997/300 790/998/323
f 761/991/357 793/994/360 792/993/359 766/992/358
f 795/997/300 760/999/361 765/1000/285 790/998/323
f 1187/1001/362 798/1002/363 797/1003/364 1186/1004/365
f 1186/1004/365 797/1003/364 796/1005/366 1185/1006/367
f 998/1007/368 1015/1008/369 781/1009/370 756/1010/371
f 1013/1011/372 999/1012/373 761/1013/374 783/1014/375
f 1190/1015/376 804/1016/377 803/1017/138 1189/1018/137
f 1189/1018/137 803/1017/138 802/1019/120 1188/1020/120
f 999/1012/373 1018/1021/378 793/1022/379 761/1013/374
f 1016/1023/380 1000/1024/381 760/999/361 795/1025/382
f 847/1026/286 848/1027/286 851/1028/287 850/1029/287
f 848/1027/286 849/1030/286 852/1031/287 851/1028/287
f 850/1029/287 851/1028/287 854/1032/383 853/1033/384
f 851/1028/287 852/1031/287 855/1034/383 854/1032/383
f 774/1035/292 831/1036/292 847/1026/286 844/958/286
f 831/1036/292 830/1037/292 848/1027/286 847/1026/286
f 830/1037/292 829/1038/292 849/1030/286 848/1027/286
f 829/1038/292 757/990/292 780/983/286 849/1030/286
f 849/1030/286 780/983/286 779/986/287 852/1031/287
f 852/1031/287 779/986/287 778/988/355 855/1034/383
f 855/1034/383 778/988/355 766/992/358 835/1039/293
f 854/1032/383 855/1034/383 835/1039/293 836/1040/293
f 853/1033/384 854/1032/383 836/1040/293 837/1041/385
f 846/955/290 853/1033/384 837/1041/385 776/1042/293
f 845/954/287 850/1029/287 853/1033/384 846/955/290
f 844/958/286 847/1026/286 850/1029/287 845/954/287
f 856/1043/386 857/1044/387 860/1045/296 859/1046/296
f 857/1044/387 858/1047/387 861/1048/296 860/1045/296
f 859/1046/296 860/1045/296 863/1049/299 862/1050/323
f 860/1045/296 861/1048/296 864/1051/323 863/1049/299
f 776/1042/293 837/1041/385 856/1043/386 841/949/295
f 837/1041/385 836/1040/293 857/1044/387 856/1043/386
f 836/1040/293 835/1039/293 858/1047/387 857/1044/387
f 835/1039/293 766/992/358 792/993/359 858/1047/387
f 858/1047/387 792/993/359 791/996/296 861/1048/296
f 861/1048/296 791/996/296 790/998/323 864/1051/323
f 864/1051/323 790/998/323 765/1000/285 838/975/285
f 863/1049/299 864/1051/323 838/975/285 839/973/285
f 862/1050/323 863/1049/299 839/973/285 840/972/285
f 843/945/323 862/1050/323 840/972/285 777/1052/285
f 842/944/296 859/1046/296 862/1050/323 843/945/323
f 841/949/295 856/1043/386 859/1046/296 842/944/296
f 784/1053/388 785/1054/389 833/1055/389 834/1056/388
f 832/1057/390 786/1058/390 758/1059/391 759/1060/391
f 785/1054/389 786/1058/390 832/1057/390 833/1055/389
f 773/938/353 784/1053/388 834/1056/388 775/939/353
f 822/1061/392 819/1062/392 818/1063/393 821/1064/393
f 821/1064/393 818/1063/393 817/1065/394 820/1066/394
f 819/1062/392 822/1061/392 769/371/175 768/370/175
f 758/1067/391 820/1066/394 817/1065/394 759/1068/391
f 865/1069/395 866/1070/395 869/1071/119 868/1072/119
f 866/1070/395 867/1073/396 870/1074/119 869/1071/119
f 868/1072/119 869/1071/119 872/1075/120 871/1076/120
f 869/1071/119 870/1074/119 873/1077/120 872/1075/120
f 764/1078/397 801/1079/398 865/1069/395 804/1016/377
f 801/1079/398 800/1080/399 866/1070/395 865/1069/395
f 800/1080/399 799/1081/400 867/1073/396 866/1070/395
f 799/1081/400 771/252/114 823/256/118 867/1073/396
f 867/1073/396 823/256/118 824/1082/119 870/1074/119
f 870/1074/119 824/1082/119 825/263/120 873/1077/120
f 873/1077/120 825/263/120 772/262/104 805/968/104
f 872/1075/120 873/1077/120 805/968/104 806/967/104
f 871/1076/120 872/1075/120 806/967/104 807/969/104
f 802/1019/120 871/1076/120 807/969/104 762/962/104
f 803/1017/138 868/1072/119 871/1076/120 802/1019/120
f 804/1016/377 865/1069/395 868/1072/119 803/1017/138
f 874/1083/401 875/1084/402 878/1085/161 877/1086/162
f 875/1084/402 876/1087/403 879/1088/404 878/1085/161
f 877/1086/162 878/1085/161 881/1089/405 880/1090/167
f 878/1085/161 879/1088/404 882/1091/406 881/1089/405
f 763/1092/407 789/1093/408 874/1083/401 798/1002/363
f 789/1093/408 788/1094/409 875/1084/402 874/1083/401
f 788/1094/409 787/1095/410 876/1087/403 875/1084/402
f 787/1095/410 770/146/79 826/145/78 876/1087/403
f 876/1087/403 826/145/78 827/1096/411 879/1088/404
f 879/1088/404 827/1096/411 828/253/115 882/1091/406
f 882/1091/406 828/253/115 771/252/114 799/1081/400
f 881/1089/405 882/1091/406 799/1081/400 800/1080/399
f 880/1090/167 881/1089/405 800/1080/399 801/1079/398
f 796/1005/366 880/1090/167 801/1079/398 764/1078/397
f 797/1003/364 877/1086/162 880/1090/167 796/1005/366
f 798/1002/363 874/1083/401 877/1086/162 797/1003/364
f 990/1097/292 931/1098/286 893/951/286 815/950/292
f 774/1035/292 844/958/286 894/957/286 816/1099/292
f 715/881/296 714/878/295 887/941/295 885/1100/296
f 948/1101/290 942/1102/287 892/953/287 890/952/290
f 943/1103/290 984/1104/293 811/940/293 889/956/290
f 846/955/290 776/1042/293 812/1105/293 890/952/290
f 719/866/290 718/868/287 891/1106/287 889/956/290
f 942/1102/287 936/1107/286 894/957/286 892/953/287
f 1212/1108/2 925/1109/2 808/960/2 1192/959/2
f 1184/977/2 773/980/2 767/1110/2 1191/1111/2
f 718/868/287 717/859/286 893/951/286 891/1106/287
f 960/1112/296 954/1113/295 888/948/295 886/943/296
f 843/945/323 777/1052/285 810/1114/285 884/942/323
f 961/1115/323 972/1116/285 809/947/285 883/946/323
f 716/879/299 715/881/296 885/1100/296 883/946/323
f 966/1117/323 960/1112/296 886/943/296 884/942/323
f 776/1042/293 841/949/295 888/948/295 812/1105/293
f 984/1104/293 949/1118/295 887/941/295 811/940/293
f 1066/1119/2 913/1120/2 923/1121/2 1101/1122/2
f 1188/1020/120 1202/961/104 911/1123/104 920/1124/176
f 1201/1125/412 1190/1015/376 922/1126/413 910/1127/414
f 1091/1128/180 921/1129/180 920/1124/176 1086/1130/120
f 1096/1131/415 922/1126/413 921/1129/180 1091/1128/180
f 1185/1006/367 1201/1125/412 910/1127/414 917/1132/416
f 1200/1133/417 1187/1001/362 919/1134/418 909/1135/419
f 1076/1136/420 918/1137/421 917/1132/416 1071/1138/422
f 1081/1139/423 919/1134/418 918/1137/421 1076/1136/420
f 1162/1140/2 1157/1141/2 912/1142/2 914/1143/2
f 1066/1119/2 1172/1144/2 916/1145/2 913/1120/2
f 1205/1146/2 915/1147/2 914/1143/2 1204/981/2
f 1206/978/2 916/1145/2 915/1147/2 1205/1146/2
f 1152/1148/104 911/1123/104 912/1142/2 1157/1141/2
f 1106/1149/2 924/1150/2 899/1151/2 1031/1152/2
f 1181/842/33 906/1153/190 897/1154/1 1195/784/1
f 1194/1155/424 896/1156/425 908/1157/426 1183/838/316
f 1056/1158/194 1051/1159/33 906/1153/190 907/1160/194
f 1061/1161/427 1056/1158/194 907/1160/194 908/1157/426
f 1178/828/306 903/1162/428 896/1156/425 1194/1155/424
f 1193/1163/429 895/1164/430 905/1165/431 1180/824/302
f 1041/1166/432 1036/1167/433 903/1162/428 904/1168/434
f 1046/1169/435 1041/1166/432 904/1168/434 905/1165/431
f 1127/1170/2 900/1171/2 898/1172/2 1122/1173/2
f 1031/1152/2 899/1151/2 902/1174/2 1137/1175/2
f 1198/1176/2 1197/804/2 900/1171/2 901/1177/2
f 1199/803/2 1198/1176/2 901/1177/2 902/1174/2
f 1117/1178/1 1122/1173/2 898/1172/2 897/1154/1
f 978/1179/333 813/903/333 808/902/333 925/1180/333
f 812/1105/293 888/948/295 954/1113/295 979/1181/293
f 979/1181/293 954/1113/295 953/1182/295 980/1183/293
f 980/1183/293 953/1182/295 952/1184/295 981/1185/293
f 981/1185/293 952/1184/295 951/1186/295 982/1187/293
f 982/1187/293 951/1186/295 950/1188/295 983/1189/293
f 983/1189/293 950/1188/295 949/1118/295 984/1104/293
f 883/946/323 885/1100/296 955/1190/296 961/1115/323
f 961/1115/323 955/1190/296 956/1191/296 962/1192/323
f 962/1192/323 956/1191/296 957/1193/296 963/1194/323
f 963/1194/323 957/1193/296 958/1195/296 964/1196/323
f 964/1196/323 958/1195/296 959/1197/296 965/1198/323
f 965/1198/323 959/1197/296 960/1112/296 966/1117/323
f 884/942/323 810/1114/285 967/1199/285 966/1117/323
f 966/1117/323 967/1199/285 968/1200/285 965/1198/323
f 965/1198/323 968/1200/285 969/1201/285 964/1196/323
f 964/1196/323 969/1201/285 970/1202/285 963/1194/323
f 963/1194/323 970/1202/285 971/1203/285 962/1192/323
f 962/1192/323 971/1203/285 972/1116/285 961/1115/323
f 885/1100/296 887/941/295 949/1118/295 955/1190/296
f 955/1190/296 949/1118/295 950/1188/295 956/1191/296
f 956/1191/296 950/1188/295 951/1186/295 957/1193/296
f 957/1193/296 951/1186/295 952/1184/295 958/1195/296
f 958/1195/296 952/1184/295 953/1182/295 959/1197/296
f 959/1197/296 953/1182/295 954/1113/295 960/1112/296
f 1191/1111/2 767/1110/2 930/1204/2 1207/1205/2
f 1207/1205/2 930/1204/2 929/1206/2 1208/1207/2
f 1208/1207/2 929/1206/2 928/1208/2 1209/1209/2
f 1209/1209/2 928/1208/2 927/1210/2 1210/1211/2
f 1210/1211/2 927/1210/2 926/1212/2 1211/1213/2
f 1211/1213/2 926/1212/2 925/1109/2 1212/1108/2
f 891/1106/287 893/951/286 931/1098/286 937/1214/287
f 937/1214/287 931/1098/286 932/1215/286 938/1216/287
f 938/1216/287 932/1215/286 933/1217/286 939/1218/287
f 939/1218/287 933/1217/286 934/1219/286 940/1220/287
f 940/1220/287 934/1219/286 935/1221/286 941/1222/287
f 941/1222/287 935/1221/286 936/1107/286 942/1102/287
f 890/952/290 812/1105/293 979/1181/293 948/1101/290
f 948/1101/290 979/1181/293 980/1183/293 947/1223/290
f 947/1223/290 980/1183/293 981/1185/293 946/1224/290
f 946/1224/290 981/1185/293 982/1187/293 945/1225/290
f 945/1225/290 982/1187/293 983/1189/293 944/1226/290
f 944/1226/290 983/1189/293 984/1104/293 943/1103/290
f 889/956/290 891/1106/287 937/1214/287 943/1103/290
f 943/1103/290 937/1214/287 938/1216/287 944/1226/290
f 944/1226/290 938/1216/287 939/1218/287 945/1225/290
f 945/1225/290 939/1218/287 940/1220/287 946/1224/290
f 946/1224/290 940/1220/287 941/1222/287 947/1223/290
f 947/1223/290 941/1222/287 942/1102/287 948/1101/290
f 816/1099/292 894/957/286 936/1107/286 985/1227/292
f 985/1227/292 936/1107/286 935/1221/286 986/1228/292
f 986/1228/292 935/1221/286 934/1219/286 987/1229/292
f 987/1229/292 934/1219/286 933/1217/286 988/1230/292
f 988/1230/292 933/1217/286 932/1215/286 989/1231/292
f 989/1231/292 932/1215/286 931/1098/286 990/1097/292
f 977/1232/333 978/1179/333 925/1180/333 926/1233/333
f 976/1234/333 977/1232/333 926/1233/333 927/1235/333
f 975/1236/333 976/1234/333 927/1235/333 928/1237/333
f 974/1238/333 975/1236/333 928/1237/333 929/1239/333
f 973/935/333 974/1238/333 929/1239/333 930/936/333
f 971/1203/285 1025/1240/2 1026/1241/2 972/1116/285
f 970/1202/285 1024/1242/2 1025/1240/2 971/1203/285
f 969/1201/285 1023/1243/2 1024/1242/2 970/1202/285
f 968/1200/285 1022/1244/2 1023/1243/2 969/1201/285
f 967/1199/285 1021/1245/2 1022/1244/2 968/1200/285
f 810/1114/285 1019/1246/2 1021/1245/2 967/1199/285
f 643/823/301 648/822/285 994/1247/2 993/848/322
f 659/880/285 1005/1248/2 997/794/2 713/797/285
f 711/799/285 995/798/2 994/1247/2 648/822/285
f 663/832/310 664/1249/436 1007/1250/437 1008/833/311
f 664/1249/436 665/835/313 1006/834/312 1007/1250/437
f 675/844/318 676/1251/438 1010/1252/439 1011/845/319
f 676/1251/438 677/847/321 1009/846/320 1010/1252/439
f 809/947/285 1020/1253/2 1005/1248/2 659/880/285
f 760/999/361 1000/1024/381 1001/1254/2 765/1000/285
f 777/1052/285 840/972/285 1004/971/2 1012/1255/2
f 838/975/285 765/1000/285 1001/1254/2 1002/976/2
f 781/1009/370 1015/1008/369 1014/1256/440 782/1257/441
f 782/1257/441 1014/1256/440 1013/1011/372 783/1014/375
f 793/1022/379 1018/1021/378 1017/1258/442 794/1259/443
f 794/1259/443 1017/1258/442 1016/1023/380 795/1025/382
f 972/1116/285 1026/1241/2 1020/1253/2 809/947/285
f 777/1052/285 1012/1255/2 1019/1246/2 810/1114/285
f 1082/1260/120 1156/1261/104 1000/1024/381 1016/1023/380
f 1151/1262/444 1092/1263/445 1018/1021/378 999/1012/373
f 1067/1264/446 1151/1262/444 999/1012/373 1013/1011/372
f 1146/1265/447 1077/1266/448 1015/1008/369 998/1007/368
f 1171/1267/2 1003/974/2 1002/976/2 1166/1268/2
f 1176/1269/2 1004/971/2 1003/974/2 1171/1267/2
f 1047/1270/33 1009/846/320 993/848/322 1121/1271/1
f 1116/1272/449 992/837/315 1011/845/319 1057/1273/319
f 1032/1274/450 1006/834/312 992/837/315 1116/1272/449
f 1111/1275/451 991/830/308 1008/833/311 1042/1276/452
f 1136/1277/2 1131/1278/2 995/798/2 996/795/2
f 1141/1279/2 1136/1277/2 996/795/2 997/794/2
f 902/1174/2 901/1177/2 1132/1280/2 1137/1175/2
f 1137/1175/2 1132/1280/2 1133/1281/2 1138/1282/2
f 1138/1282/2 1133/1281/2 1134/1283/2 1139/1284/2
f 1139/1284/2 1134/1283/2 1135/1285/2 1140/1286/2
f 1140/1286/2 1135/1285/2 1136/1277/2 1141/1279/2
f 901/1177/2 900/1171/2 1127/1170/2 1132/1280/2
f 1132/1280/2 1127/1170/2 1128/1287/2 1133/1281/2
f 1133/1281/2 1128/1287/2 1129/1288/2 1134/1283/2
f 1134/1283/2 1129/1288/2 1130/1289/2 1135/1285/2
f 1135/1285/2 1130/1289/2 1131/1278/2 1136/1277/2
f 895/1164/430 1107/1290/453 1046/1169/435 905/1165/431
f 1107/1290/453 1108/1291/454 1045/1292/435 1046/1169/435
f 1108/1291/454 1109/1293/455 1044/1294/456 1045/1292/435
f 1109/1293/455 1110/1295/455 1043/1296/457 1044/1294/456
f 1110/1295/455 1111/1275/451 1042/1276/452 1043/1296/457
f 903/1162/428 1036/1167/433 1112/1297/458 896/1156/425
f 1036/1167/433 1035/1298/459 1113/1299/460 1112/1297/458
f 1035/1298/459 1034/1300/461 1114/1301/462 1113/1299/460
f 1034/1300/461 1033/1302/463 1115/1303/464 1114/1301/462
f 1033/1302/463 1032/1274/450 1116/1272/449 1115/1303/464
f 896/1156/425 1112/1297/458 1061/1161/427 908/1157/426
f 1112/1297/458 1113/1299/460 1060/1304/465 1061/1161/427
f 1113/1299/460 1114/1301/462 1059/1305/466 1060/1304/465
f 1114/1301/462 1115/1303/464 1058/1306/466 1059/1305/466
f 1115/1303/464 1116/1272/449 1057/1273/319 1058/1306/466
f 906/1153/190 1051/1159/33 1117/1178/1 897/1154/1
f 1051/1159/33 1050/1307/190 1118/1308/1 1117/1178/1
f 1050/1307/190 1049/1309/33 1119/1310/1 1118/1308/1
f 1049/1309/33 1048/1311/190 1120/1312/1 1119/1310/1
f 1048/1311/190 1047/1270/33 1121/1271/1 1120/1312/1
f 916/1145/2 1172/1144/2 1167/1313/2 915/1147/2
f 1172/1144/2 1173/1314/2 1168/1315/2 1167/1313/2
f 1173/1314/2 1174/1316/2 1169/1317/2 1168/1315/2
f 1174/1316/2 1175/1318/2 1170/1319/2 1169/1317/2
f 1175/1318/2 1176/1269/2 1171/1267/2 1170/1319/2
f 915/1147/2 1167/1313/2 1162/1140/2 914/1143/2
f 1167/1313/2 1168/1315/2 1163/1320/2 1162/1140/2
f 1168/1315/2 1169/1317/2 1164/1321/2 1163/1320/2
f 1169/1317/2 1170/1319/2 1165/1322/2 1164/1321/2
f 1170/1319/2 1171/1267/2 1166/1268/2 1165/1322/2
f 909/1135/419 919/1134/418 1081/1139/423 1142/1323/467
f 1142/1323/467 1081/1139/423 1080/1324/423 1143/1325/468
f 1143/1325/468 1080/1324/423 1079/1326/469 1144/1327/470
f 1144/1327/470 1079/1326/469 1078/1328/471 1145/1329/472
f 1145/1329/472 1078/1328/471 1077/1266/448 1146/1265/447
f 917/1132/416 910/1127/414 1147/1330/473 1071/1138/422
f 1071/1138/422 1147/1330/473 1148/1331/474 1070/1332/475
f 1070/1332/475 1148/1331/474 1149/1333/476 1069/1334/477
f 1069/1334/477 1149/1333/476 1150/1335/478 1068/1336/479
f 1068/1336/479 1150/1335/478 1151/1262/444 1067/1264/446
f 910/1127/414 922/1126/413 1096/1131/415 1147/1330/473
f 1147/1330/473 1096/1131/415 1095/1337/480 1148/1331/474
f 1148/1331/474 1095/1337/480 1094/1338/481 1149/1333/476
f 1149/1333/476 1094/1338/481 1093/1339/481 1150/1335/478
f 1150/1335/478 1093/1339/481 1092/1263/445 1151/1262/444
f 920/1124/176 911/1123/104 1152/1148/104 1086/1130/120
f 1086/1130/120 1152/1148/104 1153/1340/104 1085/1341/120
f 1085/1341/120 1153/1340/104 1154/1342/104 1084/1343/120
f 1084/1343/120 1154/1342/104 1155/1344/104 1083/1345/176
f 1083/1345/176 1155/1344/104 1156/1261/104 1082/1260/120
f 1103/1346/482 1242/1347/482 1243/1348/283 1104/1349/283
f 1102/1350/483 1241/1351/483 1242/1347/482 1103/1352/482
f 1020/1353/262 1236/1354/262 1241/1351/483 1102/1355/483
f 1101/1356/484 1213/1357/484 1240/1358/256 1100/1359/256
f 1100/1360/256 1240/1358/256 1239/1361/255 1099/1362/255
f 1099/1363/255 1239/1361/255 1238/1364/485 1098/1365/485
f 1019/1366/264 1235/1367/264 1234/1368/486 1021/1369/486
f 1098/1370/485 1238/1364/485 1237/1371/487 1097/1372/487
f 1021/1373/486 1234/1368/486 1233/1374/488 1022/1375/488
f 1097/1376/487 1237/1371/487 1235/1367/264 1019/1377/264
f 924/1378/489 1216/1379/489 1270/1380/253 1192/1381/253
f 1207/1382/490 1271/1383/490 1269/1384/257 1191/1385/257
f 1022/1386/488 1233/1374/488 1232/1387/491 1023/1388/491
f 1191/1389/257 1269/1384/257 1214/1390/492 923/1391/492
f 1192/1392/253 1270/1380/253 1276/1393/493 1212/1394/493
f 1208/1395/494 1272/1396/494 1271/1383/490 1207/1397/490
f 993/848/322 994/1247/2 1126/1398/2 1121/1271/1
f 1121/1271/1 1126/1398/2 1125/1399/2 1120/1312/1
f 1120/1312/1 1125/1399/2 1124/1400/2 1119/1310/1
f 1119/1310/1 1124/1400/2 1123/1401/2 1118/1308/1
f 1118/1308/1 1123/1401/2 1122/1173/2 1117/1178/1
f 1005/1248/2 1027/1402/2 1141/1279/2 997/794/2
f 1027/1402/2 1028/1403/2 1140/1286/2 1141/1279/2
f 1028/1403/2 1029/1404/2 1139/1284/2 1140/1286/2
f 1029/1404/2 1030/1405/2 1138/1282/2 1139/1284/2
f 1030/1405/2 1031/1152/2 1137/1175/2 1138/1282/2
f 995/798/2 1131/1278/2 1126/1398/2 994/1247/2
f 1131/1278/2 1130/1289/2 1125/1399/2 1126/1398/2
f 1130/1289/2 1129/1288/2 1124/1400/2 1125/1399/2
f 1129/1288/2 1128/1287/2 1123/1401/2 1124/1400/2
f 1128/1287/2 1127/1170/2 1122/1173/2 1123/1401/2
f 1008/833/311 1007/1250/437 1037/1406/495 1042/1276/452
f 1042/1276/452 1037/1406/495 1038/1407/496 1043/1296/457
f 1043/1296/457 1038/1407/496 1039/1408/497 1044/1294/456
f 1044/1294/456 1039/1408/497 1040/1409/498 1045/1292/435
f 1045/1292/435 1040/1409/498 1041/1166/432 1046/1169/435
f 1007/1250/437 1006/834/312 1032/1274/450 1037/1406/495
f 1037/1406/495 1032/1274/450 1033/1302/463 1038/1407/496
f 1038/1407/496 1033/1302/463 1034/1300/461 1039/1408/497
f 1039/1408/497 1034/1300/461 1035/1298/459 1040/1409/498
f 1040/1409/498 1035/1298/459 1036/1167/433 1041/1166/432
f 1011/845/319 1010/1252/439 1052/1410/499 1057/1273/319
f 1057/1273/319 1052/1410/499 1053/1411/194 1058/1306/466
f 1058/1306/466 1053/1411/194 1054/1412/194 1059/1305/466
f 1059/1305/466 1054/1412/194 1055/1413/194 1060/1304/465
f 1060/1304/465 1055/1413/194 1056/1158/194 1061/1161/427
f 1010/1252/439 1009/846/320 1047/1270/33 1052/1410/499
f 1052/1410/499 1047/1270/33 1048/1311/190 1053/1411/194
f 1053/1411/194 1048/1311/190 1049/1309/33 1054/1412/194
f 1054/1412/194 1049/1309/33 1050/1307/190 1055/1413/194
f 1055/1413/194 1050/1307/190 1051/1159/33 1056/1158/194
f 1020/1253/2 1102/1414/2 1027/1402/2 1005/1248/2
f 1102/1414/2 1103/1415/2 1028/1403/2 1027/1402/2
f 1103/1415/2 1104/1416/2 1029/1404/2 1028/1403/2
f 1104/1416/2 1105/1417/2 1030/1405/2 1029/1404/2
f 1105/1417/2 1106/1149/2 1031/1152/2 1030/1405/2
f 1000/1024/381 1156/1261/104 1161/1418/2 1001/1254/2
f 1156/1261/104 1155/1344/104 1160/1419/2 1161/1418/2
f 1155/1344/104 1154/1342/104 1159/1420/2 1160/1419/2
f 1154/1342/104 1153/1340/104 1158/1421/2 1159/1420/2
f 1153/1340/104 1152/1148/104 1157/1141/2 1158/1421/2
f 1012/1255/2 1004/971/2 1176/1269/2 1062/1422/2
f 1062/1422/2 1176/1269/2 1175/1318/2 1063/1423/2
f 1063/1423/2 1175/1318/2 1174/1316/2 1064/1424/2
f 1064/1424/2 1174/1316/2 1173/1314/2 1065/1425/2
f 1065/1425/2 1173/1314/2 1172/1144/2 1066/1119/2
f 1002/976/2 1001/1254/2 1161/1418/2 1166/1268/2
f 1166/1268/2 1161/1418/2 1160/1419/2 1165/1322/2
f 1165/1322/2 1160/1419/2 1159/1420/2 1164/1321/2
f 1164/1321/2 1159/1420/2 1158/1421/2 1163/1320/2
f 1163/1320/2 1158/1421/2 1157/1141/2 1162/1140/2
f 1015/1008/369 1077/1266/448 1072/1426/500 1014/1256/440
f 1077/1266/448 1078/1328/471 1073/1427/500 1072/1426/500
f 1078/1328/471 1079/1326/469 1074/1428/420 1073/1427/500
f 1079/1326/469 1080/1324/423 1075/1429/501 1074/1428/420
f 1080/1324/423 1081/1139/423 1076/1136/420 1075/1429/501
f 1014/1256/440 1072/1426/500 1067/1264/446 1013/1011/372
f 1072/1426/500 1073/1427/500 1068/1336/479 1067/1264/446
f 1073/1427/500 1074/1428/420 1069/1334/477 1068/1336/479
f 1074/1428/420 1075/1429/501 1070/1332/475 1069/1334/477
f 1075/1429/501 1076/1136/420 1071/1138/422 1070/1332/475
f 1018/1021/378 1092/1263/445 1087/1430/502 1017/1258/442
f 1092/1263/445 1093/1339/481 1088/1431/180 1087/1430/502
f 1093/1339/481 1094/1338/481 1089/1432/180 1088/1431/180
f 1094/1338/481 1095/1337/480 1090/1433/180 1089/1432/180
f 1095/1337/480 1096/1131/415 1091/1128/180 1090/1433/180
f 1017/1258/442 1087/1430/502 1082/1260/120 1016/1023/380
f 1087/1430/502 1088/1431/180 1083/1345/176 1082/1260/120
f 1088/1431/180 1089/1432/180 1084/1343/120 1083/1345/176
f 1089/1432/180 1090/1433/180 1085/1341/120 1084/1343/120
f 1090/1433/180 1091/1128/180 1086/1130/120 1085/1341/120
f 1023/1434/491 1232/1387/491 1231/1435/503 1024/1436/503
f 1209/1437/504 1273/1438/504 1272/1396/494 1208/1439/494
f 1026/1440/505 1229/1441/505 1236/1354/262 1020/1442/262
f 1024/1443/503 1231/1435/503 1230/1444/506 1025/1445/506
f 1210/1446/507 1274/1447/507 1273/1438/504 1209/1448/504
f 1012/1255/2 1062/1422/2 1097/1449/2 1019/1246/2
f 1062/1422/2 1063/1423/2 1098/1450/2 1097/1449/2
f 1063/1423/2 1064/1424/2 1099/1451/2 1098/1450/2
f 1064/1424/2 1065/1425/2 1100/1452/2 1099/1451/2
f 1065/1425/2 1066/1119/2 1101/1122/2 1100/1452/2
f 1025/1453/506 1230/1444/506 1229/1441/505 1026/1454/505
f 1106/1455/508 1215/1456/508 1216/1379/489 924/1457/489
f 1105/1458/251 1244/1459/251 1215/1456/508 1106/1460/508
f 1211/1461/509 1275/1462/509 1274/1447/507 1210/1463/507
f 923/1464/492 1214/1390/492 1213/1357/484 1101/1465/484
f 1104/1466/283 1243/1348/283 1244/1459/251 1105/1467/251
f 666/802/2 667/1468/2 1198/1176/2 1199/803/2
f 667/1468/2 668/805/2 1197/804/2 1198/1176/2
f 646/927/346 1193/1163/429 1180/824/302 680/827/305
f 678/829/307 1178/828/306 1194/1155/424 647/913/336
f 647/913/336 1194/1155/424 1183/838/316 686/841/317
f 684/843/33 1181/842/33 1195/784/1 645/787/1
f 784/979/2 1206/978/2 1205/1146/2 785/1469/2
f 785/1469/2 1205/1146/2 1204/981/2 786/982/2
f 763/1092/407 798/1002/363 1187/1001/362 1200/1133/417
f 796/1005/366 764/1078/397 1201/1125/412 1185/1006/367
f 764/1078/397 804/1016/377 1190/1015/376 1201/1125/412
f 802/1019/120 762/962/104 1202/961/104 1188/1020/120
f 913/1120/2 1184/977/2 1191/1111/2 923/1121/2
f 1212/1470/493 1276/1393/493 1275/1462/509 1211/1471/509
f 921/1129/180 1189/1018/137 1188/1020/120 920/1124/176
f 922/1126/413 1190/1015/376 1189/1018/137 921/1129/180
f 918/1137/421 1186/1004/365 1185/1006/367 917/1132/416
f 919/1134/418 1187/1001/362 1186/1004/365 918/1137/421
f 914/1143/2 912/1142/2 1203/964/2 1204/981/2
f 913/1120/2 916/1145/2 1206/978/2 1184/977/2
f 911/1123/104 1202/961/104 1203/964/2 912/1142/2
f 924/1150/2 1192/959/2 1177/800/2 899/1151/2
f 907/1160/194 906/1153/190 1181/842/33 1182/839/52
f 908/1157/426 907/1160/194 1182/839/52 1183/838/316
f 904/1168/434 903/1162/428 1178/828/306 1179/825/303
f 905/1165/431 904/1168/434 1179/825/303 1180/824/302
f 900/1171/2 1197/804/2 1196/785/2 898/1172/2
f 899/1151/2 1177/800/2 1199/803/2 902/1174/2
f 897/1154/1 898/1172/2 1196/785/2 1195/784/1
f 1228/1472/2 1218/1473/2 1216/1379/2 1215/1456/2
f 1213/1357/2 1214/1390/2 1217/1474/2 1223/1475/2
f 1223/1475/2 1217/1474/2 1222/1476/2 1224/1477/2
f 1224/1477/2 1222/1476/2 1221/1478/2 1225/1479/2
f 1225/1479/2 1221/1478/2 1220/1480/2 1226/1481/2
f 1226/1481/2 1220/1480/2 1219/1482/2 1227/1483/2
f 1227/1483/2 1219/1482/2 1218/1473/2 1228/1472/2
f 1230/1444/2 1261/1484/2 1265/1485/2 1229/1441/2
f 1261/1484/2 1262/1486/2 1266/1487/2 1265/1485/2
f 1262/1486/2 1263/1488/2 1267/1489/2 1266/1487/2
f 1263/1488/2 1264/1490/2 1268/1491/2 1267/1489/2
f 1264/1490/2 1227/1483/2 1228/1472/2 1268/1491/2
f 1231/1435/2 1257/1492/2 1261/1484/2 1230/1444/2
f 1257/1492/2 1258/1493/2 1262/1486/2 1261/1484/2
f 1258/1493/2 1259/1494/2 1263/1488/2 1262/1486/2
f 1259/1494/2 1260/1495/2 1264/1490/2 1263/1488/2
f 1260/1495/2 1226/1481/2 1227/1483/2 1264/1490/2
f 1232/1387/2 1253/1496/2 1257/1492/2 1231/1435/2
f 1253/1496/2 1254/1497/2 1258/1493/2 1257/1492/2
f 1254/1497/2 1255/1498/2 1259/1494/2 1258/1493/2
f 1255/1498/2 1256/1499/2 1260/1495/2 1259/1494/2
f 1256/1499/2 1225/1479/2 1226/1481/2 1260/1495/2
f 1233/1374/2 1249/1500/2 1253/1496/2 1232/1387/2
f 1249/1500/2 1250/1501/2 1254/1497/2 1253/1496/2
f 1250/1501/2 1251/1502/2 1255/1498/2 1254/1497/2
f 1251/1502/2 1252/1503/2 1256/1499/2 1255/1498/2
f 1252/1503/2 1224/1477/2 1225/1479/2 1256/1499/2
f 1234/1368/2 1245/1504/2 1249/1500/2 1233/1374/2
f 1245/1504/2 1246/1505/2 1250/1501/2 1249/1500/2
f 1246/1505/2 1247/1506/2 1251/1502/2 1250/1501/2
f 1247/1506/2 1248/1507/2 1252/1503/2 1251/1502/2
f 1248/1507/2 1223/1475/2 1224/1477/2 1252/1503/2
f 1235/1367/2 1237/1371/2 1245/1504/2 1234/1368/2
f 1237/1371/2 1238/1364/2 1246/1505/2 1245/1504/2
f 1238/1364/2 1239/1361/2 1247/1506/2 1246/1505/2
f 1239/1361/2 1240/1358/2 1248/1507/2 1247/1506/2
f 1240/1358/2 1213/1357/2 1223/1475/2 1248/1507/2
f 1229/1441/2 1265/1485/2 1241/1351/2 1236/1354/2
f 1265/1485/2 1266/1487/2 1242/1347/2 1241/1351/2
f 1266/1487/2 1267/1489/2 1243/1348/2 1242/1347/2
f 1267/1489/2 1268/1491/2 1244/1459/2 1243/1348/2
f 1268/1491/2 1228/1472/2 1215/1456/2 1244/1459/2
f 1219/1482/2 1275/1462/2 1276/1393/2 1218/1473/2
f 1220/1480/2 1274/1447/2 1275/1462/2 1219/1482/2
f 1221/1478/2 1273/1438/2 1274/1447/2 1220/1480/2
f 1222/1476/2 1272/1396/2 1273/1438/2 1221/1478/2
f 1217/1474/2 1271/1383/2 1272/1396/2 1222/1476/2
f 1214/1390/2 1269/1384/2 1271/1383/2 1217/1474/2
f 1218/1473/2 1276/1393/2 1270/1380/2 1216/1379/2
f 690/1508/2 642/1509/2 1277/1510/2 691/1511/2
f 642/1509/2 705/1512/2 1283/1513/2 1277/1510/2
f 705/1512/2 706/1514/2 1289/1515/2 1283/1513/2
f 706/1514/2 707/1516/2 1295/1517/2 1289/1515/2
f 707/1516/2 657/1518/2 1301/1519/2 1295/1517/2
f 657/1518/2 813/1520/2 1307/1521/2 1301/1519/2
f 813/1520/2 978/1522/2 1313/1523/2 1307/1521/2
f 978/1522/2 977/1524/2 1319/1525/2 1313/1523/2
f 977/1524/2 976/1526/2 1325/1527/2 1319/1525/2
f 976/1526/2 975/1528/2 1331/1529/2 1325/1527/2
f 975/1528/2 974/1530/2 1337/1531/2 1331/1529/2
f 974/1530/2 973/1532/2 1343/1533/2 1337/1531/2
f 973/1532/2 814/1534/2 1349/1535/2 1343/1533/2
f 814/1534/2 775/1536/2 1355/1537/2 1349/1535/2
f 775/1536/2 834/1538/2 1361/1539/2 1355/1537/2
f 834/1538/2 833/1540/2 1367/1541/2 1361/1539/2
f 833/1540/2 832/1542/2 1373/1543/2 1367/1541/2
f 832/1542/2 759/1544/2 1379/1545/2 1373/1543/2
f 759/1544/2 817/1546/2 818/1547/2 1379/1545/2
f 691/1511/2 1277/1510/2 1278/1548/2 692/1549/2
f 1277/1510/2 1283/1513/2 1284/1550/2 1278/1548/2
f 1283/1513/2 1289/1515/2 1290/1551/2 1284/1550/2
f 1289/1515/2 1295/1517/2 1296/1552/2 1290/1551/2
f 1295/1517/2 1301/1519/2 1302/1553/2 1296/1552/2
f 1301/1519/2 1307/1521/2 1308/1554/2 1302/1553/2
f 1307/1521/2 1313/1523/2 1314/1555/2 1308/1554/2
f 1313/1523/2 1319/1525/2 1320/1556/2 1314/1555/2
f 1319/1525/2 1325/1527/2 1326/1557/2 1320/1556/2
f 1325/1527/2 1331/1529/2 1332/1558/2 1326/1557/2
f 1331/1529/2 1337/1531/2 1338/1559/2 1332/1558/2
f 1337/1531/2 1343/1533/2 1344/1560/2 1338/1559/2
f 1343/1533/2 1349/1535/2 1350/1561/2 1344/1560/2
f 1349/1535/2 1355/1537/2 1356/1562/2 1350/1561/2
f 1355/1537/2 1361/1539/2 1362/1563/2 1356/1562/2
f 1361/1539/2 1367/1541/2 1368/1564/2 1362/1563/2
f 1367/1541/2 1373/1543/2 1374/1565/2 1368/1564/2
f 1373/1543/2 1379/1545/2 1380/1566/2 1374/1565/2
f 1379/1545/2 818/1547/2 819/1567/2 1380/1566/2
f 692/1549/2 1278/1548/2 1279/1568/2 650/1569/2
f 1278/1548/2 1284/1550/2 1285/1570/2 1279/1568/2
f 1284/1550/2 1290/1551/2 1291/1571/2 1285/1570/2
f 1290/1551/2 1296/1552/2 1297/1572/2 1291/1571/2
f 1296/1552/2 1302/1553/2 1303/1573/2 1297/1572/2
f 1302/1553/2 1308/1554/2 1309/1574/2 1303/1573/2
f 1308/1554/2 1314/1555/2 1315/1575/2 1309/1574/2
f 1314/1555/2 1320/1556/2 1321/1576/2 1315/1575/2
f 1320/1556/2 1326/1557/2 1327/1577/2 1321/1576/2
f 1326/1557/2 1332/1558/2 1333/1578/2 1327/1577/2
f 1332/1558/2 1338/1559/2 1339/1579/2 1333/1578/2
f 1338/1559/2 1344/1560/2 1345/1580/2 1339/1579/2
f 1344/1560/2 1350/1561/2 1351/1581/2 1345/1580/2
f 1350/1561/2 1356/1562/2 1357/1582/2 1351/1581/2
f 1356/1562/2 1362/1563/2 1363/1583/2 1357/1582/2
f 1362/1563/2 1368/1564/2 1369/1584/2 1363/1583/2
f 1368/1564/2 1374/1565/2 1375/1585/2 1369/1584/2
f 1374/1565/2 1380/1566/2 1381/1586/2 1375/1585/2
f 1380/1566/2 819/1567/2 768/1587/2 1381/1586/2
f 1408/1588/2 1286/1589/2 1280/338/2 1407/337/2
f 1409/1590/2 1292/1591/2 1286/1589/2 1408/1588/2
f 1410/1592/2 1298/1593/2 1292/1591/2 1409/1590/2
f 1411/1594/2 1304/1595/2 1298/1593/2 1410/1592/2
f 1412/1596/2 1310/1597/2 1304/1595/2 1411/1594/2
f 1413/1598/2 1316/1599/2 1310/1597/2 1412/1596/2
f 1414/1600/2 1322/1601/2 1316/1599/2 1413/1598/2
f 1415/1602/2 1328/1603/2 1322/1601/2 1414/1600/2
f 1416/1604/2 1334/1605/2 1328/1603/2 1415/1602/2
f 1417/1606/2 1340/1607/2 1334/1605/2 1416/1604/2
f 1418/1608/2 1346/1609/2 1340/1607/2 1417/1606/2
f 1419/1610/2 1352/1611/2 1346/1609/2 1418/1608/2
f 1420/1612/2 1358/1613/2 1352/1611/2 1419/1610/2
f 1421/1614/2 1364/1615/2 1358/1613/2 1420/1612/2
f 1422/1616/2 1370/1617/2 1364/1615/2 1421/1614/2
f 1423/1618/2 1376/1619/2 1370/1617/2 1422/1616/2
f 1424/1620/2 1382/1621/2 1376/1619/2 1423/1618/2
f 1396/1622/2 1424/1620/2 1381/1586/2 768/1587/2
f 12/339/2 1280/338/2 1281/1623/2 54/1624/2
f 1280/338/2 1286/1589/2 1287/1625/2 1281/1623/2
f 1286/1589/2 1292/1591/2 1293/1626/2 1287/1625/2
f 1292/1591/2 1298/1593/2 1299/1627/2 1293/1626/2
f 1298/1593/2 1304/1595/2 1305/1628/2 1299/1627/2
f 1304/1595/2 1310/1597/2 1311/1629/2 1305/1628/2
f 1310/1597/2 1316/1599/2 1317/1630/2 1311/1629/2
f 1316/1599/2 1322/1601/2 1323/1631/2 1317/1630/2
f 1322/1601/2 1328/1603/2 1329/1632/2 1323/1631/2
f 1328/1603/2 1334/1605/2 1335/1633/2 1329/1632/2
f 1334/1605/2 1340/1607/2 1341/1634/2 1335/1633/2
f 1340/1607/2 1346/1609/2 1347/1635/2 1341/1634/2
f 1346/1609/2 1352/1611/2 1353/1636/2 1347/1635/2
f 1352/1611/2 1358/1613/2 1359/1637/2 1353/1636/2
f 1358/1613/2 1364/1615/2 1365/1638/2 1359/1637/2
f 1364/1615/2 1370/1617/2 1371/1639/2 1365/1638/2
f 1370/1617/2 1376/1619/2 1377/1640/2 1371/1639/2
f 1376/1619/2 1382/1621/2 1383/1641/2 1377/1640/2
f 1382/1621/2 130/1642/2 181/1643/2 1383/1641/2
f 54/1624/2 1281/1623/2 1282/1644/2 53/1645/2
f 1281/1623/2 1287/1625/2 1288/1646/2 1282/1644/2
f 1287/1625/2 1293/1626/2 1294/1647/2 1288/1646/2
f 1293/1626/2 1299/1627/2 1300/1648/2 1294/1647/2
f 1299/1627/2 1305/1628/2 1306/1649/2 1300/1648/2
f 1305/1628/2 1311/1629/2 1312/1650/2 1306/1649/2
f 1311/1629/2 1317/1630/2 1318/1651/2 1312/1650/2
f 1317/1630/2 1323/1631/2 1324/1652/2 1318/1651/2
f 1323/1631/2 1329/1632/2 1330/1653/2 1324/1652/2
f 1329/1632/2 1335/1633/2 1336/1654/2 1330/1653/2
f 1335/1633/2 1341/1634/2 1342/1655/2 1336/1654/2
f 1341/1634/2 1347/1635/2 1348/1656/2 1342/1655/2
f 1347/1635/2 1353/1636/2 1354/1657/2 1348/1656/2
f 1353/1636/2 1359/1637/2 1360/1658/2 1354/1657/2
f 1359/1637/2 1365/1638/2 1366/1659/2 1360/1658/2
f 1365/1638/2 1371/1639/2 1372/1660/2 1366/1659/2
f 1371/1639/2 1377/1640/2 1378/1661/2 1372/1660/2
f 1377/1640/2 1383/1641/2 1384/1662/2 1378/1661/2
f 1383/1641/2 181/1643/2 180/1663/2 1384/1662/2
f 53/1645/2 1282/1644/2 4/1664/2 52/1665/2
f 1282/1644/2 1288/1646/2 67/1666/2 4/1664/2
f 1288/1646/2 1294/1647/2 68/1667/2 67/1666/2
f 1294/1647/2 1300/1648/2 69/1668/2 68/1667/2
f 1300/1648/2 1306/1649/2 19/1669/2 69/1668/2
f 1306/1649/2 1312/1650/2 175/1670/2 19/1669/2
f 1312/1650/2 1318/1651/2 340/1671/2 175/1670/2
f 1318/1651/2 1324/1652/2 339/1672/2 340/1671/2
f 1324/1652/2 1330/1653/2 338/1673/2 339/1672/2
f 1330/1653/2 1336/1654/2 337/1674/2 338/1673/2
f 1336/1654/2 1342/1655/2 336/1675/2 337/1674/2
f 1342/1655/2 1348/1656/2 335/1676/2 336/1675/2
f 1348/1656/2 1354/1657/2 176/1677/2 335/1676/2
f 1354/1657/2 1360/1658/2 137/1678/2 176/1677/2
f 1360/1658/2 1366/1659/2 196/1679/2 137/1678/2
f 1366/1659/2 1372/1660/2 195/1680/2 196/1679/2
f 1372/1660/2 1378/1661/2 194/1681/2 195/1680/2
f 1378/1661/2 1384/1662/2 121/1682/2 194/1681/2
f 1384/1662/2 180/1663/2 179/1683/2 121/1682/2
f 1387/1684/510 652/932/351 699/931/350 1392/50/28
f 14/175/101 1387/1684/510 1392/50/28 61/51/29
f 130/1642/2 1382/1621/2 1424/1620/2 1396/1622/2
f 1381/1586/2 1424/1620/2 1423/1618/2 1375/1585/2
f 1375/1585/2 1423/1618/2 1422/1616/2 1369/1584/2
f 1369/1584/2 1422/1616/2 1421/1614/2 1363/1583/2
f 1363/1583/2 1421/1614/2 1420/1612/2 1357/1582/2
f 1357/1582/2 1420/1612/2 1419/1610/2 1351/1581/2
f 1351/1581/2 1419/1610/2 1418/1608/2 1345/1580/2
f 1345/1580/2 1418/1608/2 1417/1606/2 1339/1579/2
f 1339/1579/2 1417/1606/2 1416/1604/2 1333/1578/2
f 1333/1578/2 1416/1604/2 1415/1602/2 1327/1577/2
f 1327/1577/2 1415/1602/2 1414/1600/2 1321/1576/2
f 1321/1576/2 1414/1600/2 1413/1598/2 1315/1575/2
f 1315/1575/2 1413/1598/2 1412/1596/2 1309/1574/2
f 1309/1574/2 1412/1596/2 1411/1594/2 1303/1573/2
f 1303/1573/2 1411/1594/2 1410/1592/2 1297/1572/2
f 1297/1572/2 1410/1592/2 1409/1590/2 1291/1571/2
f 1291/1571/2 1409/1590/2 1408/1588/2 1285/1570/2
f 1285/1570/2 1408/1588/2 1407/337/2 1279/1568/2
f 130/333/152 1396/369/174 1397/372/174 131/334/152
f 1279/1568/2 1407/337/2 1385/340/2 650/1569/2
f 131/215/2 1397/265/2 1400/261/104 134/216/104
f 823/256/118 1406/255/117 1405/257/119 824/1082/119
f 134/216/104 1400/261/104 1404/260/120 187/259/120
f 824/1082/119 1405/257/119 1404/260/120 825/263/120
f 185/264/121 1406/255/117 1399/251/113 133/354/159
f 826/145/78 1403/144/77 1402/247/109 827/1096/411
f 133/354/159 1399/251/113 1401/250/112 190/249/111
f 827/1096/411 1402/247/109 1401/250/112 828/253/115
f 650/898/332 1385/176/102 1386/177/102 651/899/332
f 188/254/116 1403/144/77 1398/147/80 132/368/173
f 16/11/1 1389/60/1 1386/63/2 13/12/2
f 696/52/30 697/917/32 1394/54/32 1395/53/31
f 60/56/33 1393/55/33 1389/60/1 16/11/1
f 697/917/32 698/58/33 1393/55/33 1394/54/32
f 15/161/87 1388/49/27 1395/53/31 58/61/34
f 699/931/350 700/933/352 1391/43/21 1392/50/28
f 63/45/23 1390/44/22 1388/49/27 15/161/87
f 700/933/352 701/47/25 1390/44/22 1391/43/21
o ScrewBottom.001
v 0.002256 -0.050080 -0.002193
v 0.002256 -0.049516 -0.002822
v 0.002256 -0.043023 -0.000625
v 0.002256 -0.043267 -0.001433
v 0.002375 -0.048873 -0.003015
v 0.002375 -0.043769 -0.001880
v 0.002535 -0.044600 -0.002307
v 0.002633 -0.045653 -0.002690
v 0.002633 -0.046823 -0.002950
v 0.002535 -0.047939 -0.003049
v 0.002535 -0.049299 -0.002184
v 0.002748 -0.048329 -0.002162
v 0.002884 -0.047107 -0.002014
v 0.002884 -0.045792 -0.001722
v 0.002748 -0.044622 -0.001338
v 0.002535 -0.043734 -0.000947
v 0.002256 -0.045349 0.003720
v 0.002256 -0.046158 0.003966
v 0.002256 -0.047188 0.004022
v 0.002256 -0.048275 0.003781
v 0.002256 -0.049185 0.003293
v 0.002256 -0.049814 0.002728
v 0.002256 -0.050206 0.002211
v 0.002256 -0.044775 0.003418
v 0.002256 -0.050507 0.001637
v 0.002256 -0.050752 0.000828
v 0.002256 -0.050808 -0.000201
v 0.002256 -0.050567 -0.001285
v 0.002256 -0.044258 0.003026
v 0.002256 -0.043694 0.002397
v 0.002256 -0.043208 0.001488
v 0.002256 -0.042967 0.000404
v 0.002375 -0.050006 0.002084
v 0.002535 -0.050040 0.001151
v 0.002633 -0.049931 -0.000006
v 0.002633 -0.049690 -0.001090
v 0.002535 -0.049175 0.002510
v 0.002748 -0.049153 0.001541
v 0.002884 -0.048980 0.000206
v 0.002884 -0.048739 -0.000879
v 0.002633 -0.048122 0.002893
v 0.002884 -0.047983 0.001925
v 0.003051 -0.047713 0.000487
v 0.003051 -0.047472 -0.000597
v 0.002633 -0.046952 0.003153
v 0.002884 -0.046668 0.002218
v 0.003051 -0.046302 0.000801
v 0.003051 -0.046061 -0.000284
v 0.002535 -0.045835 0.003253
v 0.002748 -0.045445 0.002365
v 0.002884 -0.045036 0.001082
v 0.002884 -0.044795 -0.000002
v 0.002375 -0.044902 0.003218
v 0.002535 -0.044476 0.002388
v 0.002633 -0.044084 0.001294
v 0.002633 -0.043843 0.000209
v 0.002256 -0.049000 -0.003214
v 0.002256 -0.043569 -0.002007
v 0.002256 -0.048426 -0.003517
v 0.002256 -0.047617 -0.003762
v 0.002256 -0.046586 -0.003819
v 0.002256 -0.045499 -0.003577
v 0.002256 -0.044590 -0.003089
v 0.002256 -0.043961 -0.002524
v 0.001500 -0.050080 -0.002193
v 0.001500 -0.049516 -0.002822
v 0.001500 -0.043023 -0.000625
v 0.001500 -0.043267 -0.001433
v 0.001500 -0.045349 0.003720
v 0.001500 -0.046158 0.003966
v 0.001500 -0.047188 0.004022
v 0.001500 -0.048275 0.003781
v 0.001500 -0.049185 0.003293
v 0.001500 -0.049814 0.002728
v 0.001500 -0.050206 0.002211
v 0.001500 -0.044775 0.003418
v 0.001500 -0.050507 0.001637
v 0.001500 -0.050752 0.000828
v 0.001500 -0.050808 -0.000201
v 0.001500 -0.050567 -0.001285
v 0.001500 -0.044258 0.003026
v 0.001500 -0.043694 0.002397
v 0.001500 -0.043208 0.001488
v 0.001500 -0.042967 0.000404
v 0.001500 -0.049000 -0.003214
v 0.001500 -0.043569 -0.002007
v 0.001500 -0.048426 -0.003517
v 0.001500 -0.047617 -0.003762
v 0.001500 -0.046586 -0.003819
v 0.001500 -0.045499 -0.003577
v 0.001500 -0.044590 -0.003089
v 0.001500 -0.043961 -0.002524
v 0.001878 -0.050567 -0.001285
v 0.001878 -0.042967 0.000404
v 0.001878 -0.049931 -0.000006
v 0.001878 -0.049690 -0.001090
v 0.001878 -0.048980 0.000206
v 0.001878 -0.048739 -0.000879
v 0.001878 -0.047713 0.000487
v 0.001878 -0.047472 -0.000597
v 0.001878 -0.046302 0.000801
v 0.001878 -0.046061 -0.000284
v 0.001878 -0.045036 0.001082
v 0.001878 -0.044795 -0.000002
v 0.001878 -0.044084 0.001294
v 0.001878 -0.043843 0.000209
v 0.001878 -0.044590 -0.003089
v 0.001878 -0.043961 -0.002524
v 0.001878 -0.050808 -0.000201
v 0.001878 -0.045499 -0.003577
v 0.001878 -0.050080 -0.002193
v 0.001878 -0.046586 -0.003819
v 0.001878 -0.049516 -0.002822
v 0.001878 -0.044258 0.003026
v 0.001878 -0.044775 0.003418
v 0.001878 -0.047617 -0.003762
v 0.001878 -0.043267 -0.001433
v 0.001878 -0.043023 -0.000625
v 0.001878 -0.043694 0.002397
v 0.001878 -0.045349 0.003720
v 0.001878 -0.046158 0.003966
v 0.001878 -0.048426 -0.003517
v 0.001878 -0.043208 0.001488
v 0.001878 -0.047188 0.004022
v 0.001878 -0.049000 -0.003214
v 0.001878 -0.048275 0.003781
v 0.001878 -0.043569 -0.002007
v 0.001878 -0.049185 0.003293
v 0.001878 -0.049814 0.002728
v 0.001878 -0.050206 0.002211
v 0.001878 -0.050507 0.001637
v 0.001878 -0.050752 0.000828
vn 0.9363 0.3352 -0.1048
vn 0.9143 0.3418 -0.2174
vn 0.9072 0.3894 -0.1589
vn 0.9180 0.3910 -0.0670
vn 0.9181 -0.3256 -0.2262
vn 0.9073 -0.2856 -0.3087
vn 0.9141 -0.2178 -0.3420
vn 0.9364 -0.2592 -0.2368
vn 0.9352 -0.1075 -0.3375
vn 0.9653 -0.1425 -0.2187
vn 0.9459 0.0103 -0.3242
vn 0.9810 -0.0217 -0.1930
vn 0.9460 0.1278 -0.2978
vn 0.9810 0.1014 -0.1657
vn 0.9351 0.2405 -0.2603
vn 0.9653 0.2217 -0.1381
vn 0.9171 0.0687 0.3928
vn 0.9351 0.1076 0.3377
vn 0.9143 0.2175 0.3417
vn 0.9073 0.1589 0.3893
vn 0.9653 0.1425 0.2187
vn 0.9363 0.2594 0.2369
vn 0.9756 0.1571 0.1532
vn 0.9425 0.2807 0.1815
vn -0.0000 -0.2170 0.9762
vn -0.0000 -0.2169 0.9762
vn 0.9756 0.2071 -0.0722
vn 0.9425 0.3312 -0.0455
vn 0.9223 -0.0319 0.3852
vn 0.9461 -0.0104 0.3238
vn 0.9810 0.0219 0.1928
vn 0.9915 0.0371 0.1247
vn 0.9915 0.0863 -0.0976
vn 0.9224 -0.1341 0.3621
vn 0.9460 -0.1281 0.2979
vn 0.9810 -0.1014 0.1657
vn 0.9915 -0.0864 0.0973
vn -0.0000 0.2170 -0.9762
vn -0.0000 0.2173 -0.9761
vn -0.0000 0.2171 -0.9762
vn 0.9915 -0.0368 -0.1250
vn 0.9169 -0.2288 0.3269
vn 0.9350 -0.2408 0.2603
vn 0.9653 -0.2217 0.1377
vn 0.9756 -0.2072 0.0722
vn 0.9756 -0.1571 -0.1532
vn 0.9073 -0.3089 0.2853
vn 0.9143 -0.3418 0.2173
vn 0.9362 -0.3354 0.1050
vn 0.9425 -0.3311 0.0455
vn -0.0000 -0.2168 0.9762
vn 0.9425 -0.2806 -0.1815
vn 0.8931 -0.3796 0.2413
vn 0.9072 -0.3895 0.1589
vn 0.9180 -0.3908 0.0669
vn 0.9202 -0.3902 0.0318
vn 0.9202 -0.3399 -0.1940
vn 0.9073 0.2857 0.3087
vn 0.8931 0.2417 0.3794
vn 0.9179 0.3258 0.2264
vn 0.9201 0.3403 0.1942
vn 0.9202 0.3902 -0.0318
vn 0.9170 0.2288 -0.3267
vn 0.9074 0.3088 -0.2850
vn 0.9224 0.1343 -0.3622
vn 0.9224 0.0318 -0.3850
vn 0.9171 -0.0688 -0.3927
vn 0.9073 -0.1590 -0.3892
vn 0.8932 -0.2416 -0.3793
vn 0.8932 0.3795 -0.2413
vn -0.0000 0.5747 -0.8183
vn -0.0000 0.7359 -0.6771
vn -0.0000 -0.9993 -0.0364
vn -0.0000 -0.9966 -0.0821
vn -0.0000 -0.9375 -0.3481
vn -0.0000 -0.9205 -0.3907
vn -0.0000 0.3481 -0.9375
vn -0.0000 -0.8189 -0.5739
vn -0.0000 0.0818 -0.9966
vn -0.0000 -0.6778 -0.7353
vn -0.0000 0.6778 0.7352
vn -0.0000 0.6780 0.7351
vn -0.0000 0.5373 0.8434
vn -0.0000 0.5371 0.8435
vn -0.0000 -0.1738 -0.9848
vn -0.0000 0.9254 -0.3791
vn -0.0000 0.9849 -0.1729
vn -0.0000 0.8191 0.5737
vn -0.0000 0.3800 0.9250
vn -0.0000 0.1739 0.9848
vn -0.0000 -0.3798 -0.9251
vn -0.0000 -0.3796 -0.9251
vn -0.0000 0.9207 0.3903
vn -0.0000 0.9377 0.3475
vn -0.0000 -0.0818 0.9966
vn -0.0000 -0.5374 -0.8433
vn -0.0000 -0.5373 -0.8434
vn -0.0000 0.9993 0.0364
vn -0.0000 0.9966 0.0821
vn -0.0000 -0.3481 0.9375
vn -0.0000 0.8440 -0.5363
vn -0.0000 -0.5745 0.8185
vn -0.0000 -0.7359 0.6771
vn -0.0000 -0.8439 0.5366
vn -0.0000 -0.9255 0.3788
vn -0.0000 -0.9850 0.1728
vn -0.0000 -0.9849 0.1728
vn 1.0000 -0.0000 -0.0000
vn -0.0000 0.2168 -0.9762
vn -0.0000 0.2169 -0.9762
vn -0.0000 -0.2167 0.9762
vn -0.0000 -0.2173 0.9761
vn -0.0000 -0.9850 0.1727
vn -0.0000 -0.9985 0.0543
vn -0.0000 -0.3478 0.9376
vn -0.0000 0.9985 -0.0543
vn -0.0000 0.8816 0.4720
vn -0.0000 -0.8187 -0.5742
vn -0.0000 -0.8812 -0.4727
vt 0.278232 0.287661
vt 0.272334 0.288381
vt 0.274741 0.284644
vt 0.279884 0.282646
vt 0.279842 0.326447
vt 0.274703 0.324437
vt 0.272305 0.320694
vt 0.278201 0.321427
vt 0.270602 0.314989
vt 0.276578 0.315637
vt 0.269591 0.308171
vt 0.275558 0.308445
vt 0.269590 0.300897
vt 0.275558 0.300639
vt 0.270618 0.294082
vt 0.276595 0.293448
vt 0.321154 0.294655
vt 0.315903 0.293992
vt 0.314155 0.288211
vt 0.318264 0.289972
vt 0.309847 0.293357
vt 0.308169 0.287499
vt 0.302020 0.293518
vt 0.301087 0.287864
vt 0.284342 0.293583
vt 0.289962 0.293263
vt 0.290110 0.300565
vt 0.283758 0.300673
vt 0.285228 0.287978
vt 0.323081 0.301016
vt 0.316941 0.300902
vt 0.310900 0.300632
vt 0.302626 0.300660
vt 0.323081 0.308171
vt 0.316942 0.308272
vt 0.310900 0.308526
vt 0.302623 0.308476
vt 0.301056 0.321272
vt 0.296538 0.321720
vt 0.296343 0.315894
vt 0.302002 0.315620
vt 0.283755 0.308432
vt 0.321140 0.314528
vt 0.315887 0.315178
vt 0.309829 0.315799
vt 0.296244 0.300559
vt 0.296363 0.293233
vt 0.284324 0.315520
vt 0.318239 0.319204
vt 0.314126 0.320955
vt 0.308138 0.321654
vt 0.285198 0.321126
vt 0.289665 0.321636
vt 0.289239 0.327402
vt 0.286541 0.327015
vt 0.315247 0.322292
vt 0.311662 0.324740
vt 0.306419 0.326734
vt 0.299600 0.327228
vt 0.290104 0.308550
vt 0.311699 0.284420
vt 0.315280 0.286877
vt 0.306461 0.282415
vt 0.299643 0.281906
vt 0.286584 0.282091
vt 0.265442 0.294733
vt 0.268290 0.290119
vt 0.263536 0.301000
vt 0.263536 0.308054
vt 0.265428 0.314326
vt 0.268265 0.318946
vt 0.271194 0.322003
vt 0.271226 0.287069
vt 0.263380 0.293460
vt 0.261318 0.292187
vt 0.264166 0.287573
vt 0.266228 0.288847
vt 0.296823 0.327578
vt 0.296763 0.330304
vt 0.289135 0.329998
vt 0.261241 0.300302
vt 0.258945 0.299604
vt 0.260851 0.293337
vt 0.263147 0.294035
vt 0.286332 0.329473
vt 0.286123 0.331931
vt 0.279425 0.331363
vt 0.279633 0.328905
vt 0.261141 0.308054
vt 0.258746 0.308054
vt 0.258746 0.301000
vt 0.261141 0.301000
vt 0.278943 0.328746
vt 0.278043 0.331046
vt 0.272905 0.329036
vt 0.273804 0.326736
vt 0.313131 0.282333
vt 0.314563 0.280247
vt 0.318144 0.282703
vt 0.316712 0.284790
vt 0.263131 0.315019
vt 0.260834 0.315712
vt 0.258942 0.309440
vt 0.261239 0.308747
vt 0.273847 0.282342
vt 0.272952 0.280041
vt 0.278095 0.278042
vt 0.278990 0.280344
vt 0.307359 0.280071
vt 0.308256 0.277726
vt 0.313495 0.279732
vt 0.312597 0.282076
vt 0.320357 0.288681
vt 0.322451 0.287389
vt 0.325340 0.292072
vt 0.323247 0.293363
vt 0.266200 0.320214
vt 0.264135 0.321482
vt 0.261297 0.316862
vt 0.263363 0.315594
vt 0.299830 0.279404
vt 0.300016 0.276902
vt 0.306835 0.277411
vt 0.306648 0.279913
vt 0.323484 0.293950
vt 0.325813 0.293244
vt 0.327740 0.299605
vt 0.325410 0.300310
vt 0.269412 0.323710
vt 0.267631 0.325416
vt 0.264702 0.322359
vt 0.266484 0.320652
vt 0.273285 0.326483
vt 0.271866 0.328529
vt 0.268356 0.326096
vt 0.269775 0.324050
vt 0.289283 0.281710
vt 0.289184 0.279114
vt 0.296812 0.278824
vt 0.296867 0.281550
vt 0.325510 0.301016
vt 0.327940 0.301016
vt 0.327940 0.308171
vt 0.325510 0.308171
vt 0.266513 0.288409
vt 0.264735 0.286698
vt 0.267671 0.283648
vt 0.269448 0.285359
vt 0.269812 0.285020
vt 0.268398 0.282970
vt 0.271913 0.280545
vt 0.273327 0.282595
vt 0.279680 0.280187
vt 0.279477 0.277729
vt 0.286177 0.277174
vt 0.286380 0.279633
vt 0.325409 0.308883
vt 0.327737 0.309593
vt 0.325796 0.315950
vt 0.323468 0.315239
vt 0.323230 0.315824
vt 0.325320 0.317121
vt 0.322419 0.321797
vt 0.320329 0.320500
vt 0.320038 0.320947
vt 0.321838 0.322690
vt 0.318846 0.325778
vt 0.317047 0.324035
vt 0.317083 0.285138
vt 0.318887 0.283399
vt 0.321871 0.286494
vt 0.320068 0.288233
vt 0.316674 0.324382
vt 0.318101 0.326472
vt 0.314516 0.328920
vt 0.313089 0.326830
vt 0.312554 0.327086
vt 0.313446 0.329432
vt 0.308204 0.331426
vt 0.307311 0.329080
vt 0.306600 0.329236
vt 0.306782 0.331739
vt 0.299962 0.332233
vt 0.299781 0.329731
vt 0.289696 0.287477
vt 0.296570 0.287408
vt 0.296239 0.308566
vt 0.289943 0.315851
s 1
usemtl lightswitch
f 1440/1685/511 1430/1686/512 1428/1687/513 1427/1688/514
f 1425/1689/515 1426/1690/516 1429/1691/517 1435/1692/518
f 1435/1692/518 1429/1691/517 1434/1693/519 1436/1694/520
f 1436/1694/520 1434/1693/519 1433/1695/521 1437/1696/522
f 1437/1696/522 1433/1695/521 1432/1697/523 1438/1698/524
f 1438/1698/524 1432/1697/523 1431/1699/525 1439/1700/526
f 1439/1700/526 1431/1699/525 1430/1686/512 1440/1685/511
f 1442/1701/527 1473/1702/528 1477/1703/529 1441/1704/530
f 1473/1702/528 1474/1705/531 1478/1706/532 1477/1703/529
f 1474/1705/531 1475/1707/533 1479/1708/534 1478/1706/532
f 1476/1709/535 1528/1710/536 1526/1711/535 1472/1712/535
f 1476/1709/537 1439/1700/526 1440/1685/511 1480/1713/538
f 1443/1714/539 1469/1715/540 1473/1702/528 1442/1701/527
f 1469/1715/540 1470/1716/541 1474/1705/531 1473/1702/528
f 1470/1716/541 1471/1717/542 1475/1707/533 1474/1705/531
f 1472/1712/543 1438/1698/524 1439/1700/526 1476/1709/537
f 1444/1718/544 1465/1719/545 1469/1715/540 1443/1714/539
f 1465/1719/545 1466/1720/546 1470/1716/541 1469/1715/540
f 1466/1720/546 1467/1721/547 1471/1717/542 1470/1716/541
f 1459/1722/548 1519/1723/549 1521/1724/550 1463/1725/548
f 1468/1726/551 1437/1696/522 1438/1698/524 1472/1712/543
f 1445/1727/552 1461/1728/553 1465/1719/545 1444/1718/544
f 1461/1728/553 1462/1729/554 1466/1720/546 1465/1719/545
f 1462/1729/554 1463/1725/555 1467/1721/547 1466/1720/546
f 1471/1717/548 1525/1730/548 1527/1731/548 1475/1707/548
f 1464/1732/556 1436/1694/520 1437/1696/522 1468/1726/551
f 1446/1733/557 1457/1734/558 1461/1728/553 1445/1727/552
f 1457/1734/558 1458/1735/559 1462/1729/554 1461/1728/553
f 1458/1735/559 1459/1722/560 1463/1725/555 1462/1729/554
f 1460/1736/561 1520/1737/561 1517/1738/535 1452/1739/535
f 1460/1736/562 1435/1692/518 1436/1694/520 1464/1732/556
f 1447/1740/563 1449/1741/564 1457/1734/558 1446/1733/557
f 1449/1741/564 1450/1742/565 1458/1735/559 1457/1734/558
f 1450/1742/565 1451/1743/566 1459/1722/560 1458/1735/559
f 1472/1712/535 1526/1711/535 1524/1744/536 1468/1726/536
f 1452/1739/567 1425/1689/515 1435/1692/518 1460/1736/562
f 1441/1704/530 1477/1703/529 1453/1745/568 1448/1746/569
f 1477/1703/529 1478/1706/532 1454/1747/570 1453/1745/568
f 1478/1706/532 1479/1708/534 1455/1748/571 1454/1747/570
f 1480/1713/538 1440/1685/511 1427/1688/514 1456/1749/572
f 1431/1699/525 1487/1750/573 1488/1751/574 1430/1686/512
f 1432/1697/523 1486/1752/575 1487/1750/573 1431/1699/525
f 1433/1695/521 1485/1753/576 1486/1752/575 1432/1697/523
f 1434/1693/519 1484/1754/577 1485/1753/576 1433/1695/521
f 1429/1691/517 1483/1755/578 1484/1754/577 1434/1693/519
f 1426/1690/516 1481/1756/579 1483/1755/578 1429/1691/517
f 1430/1686/512 1488/1751/574 1482/1757/580 1428/1687/513
f 1531/1758/581 1515/1759/581 1516/1760/582 1532/1761/582
f 1533/1762/583 1503/1763/584 1504/1764/585 1517/1738/586
f 1534/1765/587 1514/1766/587 1515/1767/581 1531/1768/581
f 1517/1769/586 1504/1770/585 1489/1771/588 1535/1772/588
f 1536/1773/589 1513/1774/589 1514/1775/587 1534/1776/587
f 1535/1777/588 1489/1778/588 1490/1779/590 1537/1780/590
f 1538/1781/591 1505/1782/592 1500/1783/593 1539/1784/594
f 1540/1785/595 1512/1786/595 1513/1787/589 1536/1788/589
f 1541/1789/596 1492/1790/596 1491/1791/597 1542/1792/597
f 1543/1793/598 1506/1794/598 1505/1795/592 1538/1796/591
f 1544/1797/599 1493/1798/599 1494/1799/600 1545/1800/600
f 1546/1801/601 1511/1802/602 1512/1803/595 1540/1804/595
f 1547/1805/603 1507/1806/604 1506/1807/598 1543/1808/598
f 1545/1809/600 1494/1810/600 1495/1811/605 1548/1812/605
f 1549/1813/606 1509/1814/607 1511/1815/602 1546/1816/601
f 1537/1817/590 1490/1818/590 1509/1819/607 1549/1820/606
f 1518/1821/608 1508/1822/609 1507/1823/604 1547/1824/603
f 1548/1825/605 1495/1826/605 1496/1827/610 1550/1828/610
f 1532/1829/582 1516/1830/582 1510/1831/611 1551/1832/611
f 1551/1833/611 1510/1834/611 1492/1835/596 1541/1836/596
f 1542/1837/597 1491/1838/597 1508/1839/609 1518/1840/608
f 1550/1841/610 1496/1842/610 1497/1843/612 1552/1844/612
f 1552/1845/612 1497/1846/612 1498/1847/613 1553/1848/613
f 1553/1849/613 1498/1850/613 1499/1851/614 1554/1852/614
f 1539/1853/594 1500/1854/593 1493/1855/599 1544/1856/599
f 1554/1857/614 1499/1858/614 1501/1859/615 1555/1860/615
f 1555/1861/615 1501/1862/615 1502/1863/616 1556/1864/617
f 1556/1865/617 1502/1866/616 1503/1867/584 1533/1868/583
f 1527/1731/618 1528/1710/618 1530/1869/618 1529/1870/618
f 1525/1730/618 1526/1711/618 1528/1710/618 1527/1731/618
f 1523/1871/618 1524/1744/618 1526/1711/618 1525/1730/618
f 1521/1724/618 1522/1872/618 1524/1744/618 1523/1871/618
f 1519/1723/618 1520/1737/618 1522/1872/618 1521/1724/618
f 1533/1762/618 1517/1738/618 1520/1737/618 1519/1723/618
f 1529/1870/618 1530/1869/618 1518/1821/618 1547/1824/618
f 1464/1732/535 1522/1872/536 1520/1737/561 1460/1736/561
f 1475/1707/548 1527/1731/548 1529/1870/619 1479/1708/620
f 1463/1725/548 1521/1724/550 1523/1871/620 1467/1721/620
f 1479/1708/620 1529/1870/619 1547/1824/620 1455/1748/620
f 1480/1713/621 1530/1869/561 1528/1710/536 1476/1709/535
f 1468/1726/536 1524/1744/536 1522/1872/536 1464/1732/535
f 1456/1749/622 1518/1821/622 1530/1869/561 1480/1713/621
f 1467/1721/620 1523/1871/620 1525/1730/548 1471/1717/548
f 1451/1743/548 1533/1762/548 1519/1723/549 1459/1722/548
f 1450/1742/623 1556/1865/617 1533/1868/583 1451/1743/624
f 1449/1741/615 1555/1861/615 1556/1864/617 1450/1742/623
f 1447/1740/614 1554/1857/614 1555/1860/615 1449/1741/615
f 1448/1746/593 1539/1853/594 1544/1856/599 1441/1704/599
f 1446/1733/613 1553/1849/613 1554/1852/614 1447/1740/614
f 1445/1727/612 1552/1845/612 1553/1848/613 1446/1733/613
f 1444/1718/625 1550/1841/610 1552/1844/612 1445/1727/612
f 1427/1688/597 1542/1837/597 1518/1840/608 1456/1749/626
f 1482/1757/611 1551/1833/611 1541/1836/596 1428/1687/596
f 1488/1751/582 1532/1829/582 1551/1832/611 1482/1757/611
f 1443/1714/605 1548/1825/605 1550/1828/610 1444/1718/625
f 1426/1690/590 1537/1817/590 1549/1820/606 1481/1756/607
f 1481/1756/607 1549/1813/606 1546/1816/601 1483/1755/601
f 1442/1701/600 1545/1809/600 1548/1812/605 1443/1714/605
f 1455/1748/627 1547/1805/603 1543/1808/598 1454/1747/598
f 1483/1755/601 1546/1801/601 1540/1804/595 1484/1754/595
f 1441/1704/599 1544/1797/599 1545/1800/600 1442/1701/600
f 1454/1747/598 1543/1793/598 1538/1796/591 1453/1745/591
f 1428/1687/596 1541/1789/596 1542/1792/597 1427/1688/597
f 1484/1754/595 1540/1785/595 1536/1788/589 1485/1753/589
f 1453/1745/591 1538/1781/591 1539/1784/594 1448/1746/593
f 1425/1689/628 1535/1777/588 1537/1780/590 1426/1690/590
f 1485/1753/589 1536/1773/589 1534/1776/587 1486/1752/587
f 1452/1739/629 1517/1769/586 1535/1772/588 1425/1689/628
f 1486/1752/587 1534/1765/587 1531/1768/581 1487/1750/581
f 1487/1750/581 1531/1758/581 1532/1761/582 1488/1751/582
o ScrewTop.001
v 0.002256 0.047243 -0.003814
v 0.002256 0.046398 -0.003800
v 0.002256 0.043808 0.002547
v 0.002256 0.043357 0.001833
v 0.002375 0.045831 -0.003439
v 0.002375 0.043347 0.001162
v 0.002535 0.043569 0.000254
v 0.002633 0.043969 -0.000793
v 0.002633 0.044539 -0.001847
v 0.002535 0.045194 -0.002756
v 0.002535 0.046738 -0.003218
v 0.002748 0.046120 -0.002470
v 0.002884 0.045431 -0.001450
v 0.002884 0.044792 -0.000264
v 0.002748 0.044316 0.000872
v 0.002535 0.044030 0.001798
v 0.002256 0.048615 0.003634
v 0.002256 0.049331 0.003183
v 0.002256 0.050048 0.002441
v 0.002256 0.050577 0.001461
v 0.002256 0.050804 0.000454
v 0.002256 0.050788 -0.000392
v 0.002256 0.050654 -0.001026
v 0.002256 0.048011 0.003870
v 0.002256 0.050417 -0.001630
v 0.002256 0.049966 -0.002344
v 0.002256 0.049225 -0.003060
v 0.002256 0.048248 -0.003588
v 0.002256 0.047376 0.004003
v 0.002256 0.046532 0.004018
v 0.002256 0.045527 0.003791
v 0.002256 0.044549 0.003263
v 0.002375 0.050427 -0.000958
v 0.002535 0.049744 -0.001595
v 0.002633 0.048799 -0.002270
v 0.002633 0.047821 -0.002798
v 0.002535 0.050206 -0.000051
v 0.002748 0.049459 -0.000668
v 0.002884 0.048336 -0.001412
v 0.002884 0.047358 -0.001940
v 0.002633 0.049805 0.000996
v 0.002884 0.048983 0.000468
v 0.003051 0.047719 -0.000270
v 0.003051 0.046742 -0.000798
v 0.002633 0.049236 0.002051
v 0.002884 0.048343 0.001653
v 0.003051 0.047033 0.001001
v 0.003051 0.046055 0.000474
v 0.002535 0.048581 0.002960
v 0.002748 0.047654 0.002674
v 0.002884 0.046416 0.002143
v 0.002884 0.045439 0.001615
v 0.002375 0.047943 0.003643
v 0.002535 0.047037 0.003421
v 0.002633 0.045953 0.003001
v 0.002633 0.044976 0.002473
v 0.002256 0.045764 -0.003666
v 0.002256 0.043121 0.001230
v 0.002256 0.045159 -0.003430
v 0.002256 0.044444 -0.002979
v 0.002256 0.043727 -0.002237
v 0.002256 0.043198 -0.001257
v 0.002256 0.042971 -0.000251
v 0.002256 0.042986 0.000595
v 0.001500 0.047243 -0.003814
v 0.001500 0.046398 -0.003800
v 0.001500 0.043808 0.002547
v 0.001500 0.043357 0.001833
v 0.001500 0.048615 0.003634
v 0.001500 0.049331 0.003183
v 0.001500 0.050048 0.002441
v 0.001500 0.050577 0.001461
v 0.001500 0.050804 0.000454
v 0.001500 0.050788 -0.000392
v 0.001500 0.050654 -0.001026
v 0.001500 0.048011 0.003870
v 0.001500 0.050417 -0.001630
v 0.001500 0.049966 -0.002344
v 0.001500 0.049225 -0.003060
v 0.001500 0.048248 -0.003588
v 0.001500 0.047376 0.004003
v 0.001500 0.046532 0.004018
v 0.001500 0.045527 0.003791
v 0.001500 0.044549 0.003263
v 0.001500 0.045764 -0.003666
v 0.001500 0.043121 0.001230
v 0.001500 0.045159 -0.003430
v 0.001500 0.044444 -0.002979
v 0.001500 0.043727 -0.002237
v 0.001500 0.043198 -0.001257
v 0.001500 0.042971 -0.000251
v 0.001500 0.042986 0.000595
v 0.001878 0.048248 -0.003588
v 0.001878 0.044549 0.003263
v 0.001878 0.048799 -0.002270
v 0.001878 0.047821 -0.002798
v 0.001878 0.048336 -0.001412
v 0.001878 0.047358 -0.001940
v 0.001878 0.047719 -0.000270
v 0.001878 0.046742 -0.000798
v 0.001878 0.047033 0.001001
v 0.001878 0.046055 0.000474
v 0.001878 0.046416 0.002143
v 0.001878 0.045439 0.001615
v 0.001878 0.045953 0.003001
v 0.001878 0.044976 0.002473
v 0.001878 0.042971 -0.000251
v 0.001878 0.042986 0.000595
v 0.001878 0.049225 -0.003060
v 0.001878 0.043198 -0.001257
v 0.001878 0.047243 -0.003814
v 0.001878 0.043727 -0.002237
v 0.001878 0.046398 -0.003800
v 0.001878 0.047376 0.004003
v 0.001878 0.048011 0.003870
v 0.001878 0.044444 -0.002979
v 0.001878 0.043357 0.001833
v 0.001878 0.043808 0.002547
v 0.001878 0.046532 0.004018
v 0.001878 0.048615 0.003634
v 0.001878 0.049331 0.003183
v 0.001878 0.045159 -0.003430
v 0.001878 0.045527 0.003791
v 0.001878 0.050048 0.002441
v 0.001878 0.045764 -0.003666
v 0.001878 0.050577 0.001461
v 0.001878 0.043121 0.001230
v 0.001878 0.050804 0.000454
v 0.001878 0.050788 -0.000392
v 0.001878 0.050654 -0.001026
v 0.001878 0.050417 -0.001630
v 0.001878 0.049966 -0.002344
vn 0.9363 -0.2986 0.1848
vn 0.9179 -0.3068 0.2517
vn 0.9073 -0.3749 0.1906
vn 0.9141 -0.3885 0.1163
vn 0.9180 0.0423 -0.3942
vn 0.9362 -0.0096 -0.3513
vn 0.9142 -0.1156 -0.3885
vn 0.9072 -0.0466 -0.4181
vn 0.9653 -0.0725 -0.2509
vn 0.9351 -0.1849 -0.3023
vn 0.9809 -0.1318 -0.1428
vn 0.9459 -0.2518 -0.2046
vn 0.9810 -0.1916 -0.0318
vn 0.9460 -0.3088 -0.0984
vn 0.9653 -0.2494 0.0775
vn 0.9352 -0.3541 0.0113
vn 0.9171 0.2519 0.3091
vn 0.9072 0.1903 0.3751
vn 0.9142 0.1159 0.3884
vn 0.9351 0.1848 0.3023
vn 0.9362 0.0096 0.3513
vn 0.9653 0.0720 0.2510
vn 0.9425 -0.0465 0.3310
vn 0.9756 0.0129 0.2194
vn -0.0000 0.8800 0.4750
vn -0.0000 0.8799 0.4751
vn 0.9756 -0.1904 0.1096
vn 0.9425 -0.2511 0.2205
vn 0.9224 0.3118 0.2278
vn 0.9461 0.2516 0.2041
vn 0.9810 0.1315 0.1429
vn 0.9915 0.0700 0.1097
vn 0.9915 -0.1303 0.0014
vn 0.9223 0.3619 0.1357
vn 0.9460 0.3090 0.0983
vn 0.9810 0.1916 0.0316
vn 0.9915 0.1301 -0.0016
vn -0.0000 -0.8801 -0.4748
vn -0.0000 -0.8799 -0.4751
vn 0.9915 -0.0703 -0.1096
vn 0.9171 0.3965 0.0410
vn 0.9351 0.3542 -0.0114
vn 0.9653 0.2493 -0.0773
vn 0.9756 0.1904 -0.1096
vn -0.0000 -0.8799 -0.4752
vn 0.9756 -0.0128 -0.2193
vn 0.9074 0.4177 -0.0471
vn 0.9143 0.3880 -0.1162
vn 0.9362 0.2990 -0.1848
vn 0.9424 0.2513 -0.2205
vn -0.0000 0.8799 0.4752
vn 0.9426 0.0466 -0.3308
vn 0.8931 0.4309 -0.1290
vn 0.9072 0.3751 -0.1904
vn 0.9180 0.3065 -0.2516
vn 0.9200 0.2798 -0.2743
vn 0.9202 0.0759 -0.3841
vn 0.8931 0.1286 0.4310
vn 0.9072 0.0466 0.4180
vn 0.9180 -0.0423 0.3943
vn 0.9201 -0.0758 0.3843
vn 0.9201 -0.2796 0.2743
vn 0.9074 -0.4176 0.0467
vn 0.9171 -0.3966 -0.0411
vn 0.9222 -0.3622 -0.1356
vn 0.9224 -0.3119 -0.2280
vn 0.9171 -0.2519 -0.3090
vn 0.9072 -0.1903 -0.3753
vn 0.8932 -0.1286 -0.4309
vn 0.8932 -0.4308 0.1290
vn -0.0000 -0.9948 -0.1016
vn -0.0000 -0.9936 0.1134
vn -0.0000 0.6269 -0.7791
vn -0.0000 0.3073 -0.9516
vn -0.0000 0.3507 -0.9365
vn -0.0000 0.5906 -0.8069
vn -0.0000 -0.9364 -0.3508
vn -0.0000 0.1021 -0.9948
vn -0.0000 -0.8069 -0.5907
vn -0.0000 -0.1122 -0.9937
vn -0.0000 0.1119 0.9937
vn -0.0000 0.2855 0.9584
vn -0.0000 -0.6305 -0.7762
vn -0.0000 -0.6304 -0.7762
vn -0.0000 -0.8924 0.4513
vn -0.0000 -0.7757 0.6311
vn -0.0000 -0.1025 0.9947
vn -0.0000 0.4505 0.8928
vn -0.0000 0.6306 0.7761
vn -0.0000 -0.4505 -0.8928
vn -0.0000 -0.3078 0.9515
vn -0.0000 -0.3510 0.9364
vn -0.0000 0.8071 0.5905
vn -0.0000 -0.2857 -0.9583
vn -0.0000 -0.6268 0.7792
vn -0.0000 -0.5905 0.8071
vn -0.0000 0.9365 0.3507
vn -0.0000 -0.9579 0.2872
vn -0.0000 0.9948 0.1017
vn -0.0000 0.9948 0.1016
vn -0.0000 0.9936 -0.1130
vn -0.0000 0.9579 -0.2870
vn -0.0000 0.8922 -0.4517
vn -0.0000 0.7757 -0.6311
vn 1.0000 -0.0000 -0.0000
vn -0.0000 0.8801 0.4748
vn -0.0000 -0.8800 -0.4751
vn -0.0000 -0.8802 -0.4746
vn -0.0000 0.6949 -0.7191
vn -0.0000 -0.6949 0.7191
vn -0.0000 0.8069 0.5907
vn -0.0000 -0.2203 0.9754
vn -0.0000 -0.8071 -0.5905
vn -0.0000 0.2201 -0.9755
vn -0.0000 -0.9948 -0.1014
vt 0.526166 0.200215
vt 0.524514 0.195200
vt 0.529657 0.197198
vt 0.532064 0.200936
vt 0.524554 0.239000
vt 0.526195 0.233981
vt 0.532091 0.233248
vt 0.529693 0.236991
vt 0.527819 0.228192
vt 0.533795 0.227544
vt 0.528839 0.220999
vt 0.534806 0.220725
vt 0.528840 0.213193
vt 0.534807 0.213451
vt 0.527802 0.206002
vt 0.533780 0.206636
vt 0.483244 0.207208
vt 0.486134 0.202525
vt 0.490243 0.200764
vt 0.488494 0.206545
vt 0.496229 0.200052
vt 0.494551 0.205910
vt 0.503311 0.200418
vt 0.502377 0.206072
vt 0.520055 0.206137
vt 0.520639 0.213227
vt 0.514288 0.213119
vt 0.514435 0.205817
vt 0.519170 0.200532
vt 0.481316 0.213569
vt 0.487457 0.213455
vt 0.493497 0.213185
vt 0.501771 0.213213
vt 0.481316 0.220724
vt 0.487455 0.220825
vt 0.493497 0.221079
vt 0.501774 0.221029
vt 0.503340 0.233826
vt 0.502395 0.228173
vt 0.508053 0.228447
vt 0.507859 0.234273
vt 0.520642 0.220986
vt 0.483257 0.227081
vt 0.488510 0.227731
vt 0.494568 0.228352
vt 0.508034 0.205786
vt 0.508153 0.213113
vt 0.520073 0.228074
vt 0.486158 0.231756
vt 0.490271 0.233508
vt 0.496259 0.234207
vt 0.519199 0.233680
vt 0.517856 0.239569
vt 0.515157 0.239956
vt 0.514732 0.234190
vt 0.489149 0.234845
vt 0.492735 0.237293
vt 0.497977 0.239287
vt 0.504797 0.239782
vt 0.514293 0.221104
vt 0.489118 0.199430
vt 0.492698 0.196973
vt 0.497937 0.194968
vt 0.504755 0.194459
vt 0.517814 0.194645
vt 0.536108 0.202674
vt 0.538955 0.207287
vt 0.540861 0.213555
vt 0.540861 0.220609
vt 0.538969 0.226880
vt 0.536132 0.231500
vt 0.533203 0.234558
vt 0.533172 0.199624
vt 0.541018 0.206015
vt 0.538170 0.201401
vt 0.540232 0.200128
vt 0.543080 0.204742
vt 0.507574 0.240132
vt 0.515261 0.242552
vt 0.507634 0.242858
vt 0.543157 0.212857
vt 0.541251 0.206589
vt 0.543546 0.205891
vt 0.545452 0.212159
vt 0.518064 0.242027
vt 0.524763 0.241459
vt 0.524972 0.243917
vt 0.518273 0.244485
vt 0.543256 0.220609
vt 0.543256 0.213555
vt 0.545651 0.213555
vt 0.545651 0.220609
vt 0.525454 0.241300
vt 0.530592 0.239291
vt 0.531492 0.241590
vt 0.526353 0.243600
vt 0.491266 0.194887
vt 0.487686 0.197343
vt 0.486254 0.195256
vt 0.489834 0.192800
vt 0.541266 0.227573
vt 0.543158 0.221302
vt 0.545455 0.221995
vt 0.543563 0.228267
vt 0.530551 0.194897
vt 0.525408 0.192898
vt 0.526303 0.190597
vt 0.531446 0.192595
vt 0.497039 0.192624
vt 0.491801 0.194629
vt 0.490903 0.192285
vt 0.496142 0.190280
vt 0.484040 0.201233
vt 0.481150 0.205916
vt 0.479057 0.204624
vt 0.481947 0.199942
vt 0.538197 0.232769
vt 0.541034 0.228149
vt 0.543099 0.229417
vt 0.540262 0.234037
vt 0.504568 0.191957
vt 0.497750 0.192466
vt 0.497563 0.189964
vt 0.504381 0.189455
vt 0.480914 0.206502
vt 0.478987 0.212863
vt 0.476657 0.212157
vt 0.478584 0.205796
vt 0.534984 0.236264
vt 0.537913 0.233207
vt 0.539694 0.234913
vt 0.536766 0.237970
vt 0.531112 0.239037
vt 0.534622 0.236604
vt 0.536040 0.238650
vt 0.532530 0.241084
vt 0.515115 0.194264
vt 0.507531 0.194103
vt 0.507586 0.191377
vt 0.515214 0.191668
vt 0.478887 0.213569
vt 0.478887 0.220724
vt 0.476457 0.220724
vt 0.476458 0.213569
vt 0.537885 0.200964
vt 0.534949 0.197913
vt 0.536727 0.196203
vt 0.539662 0.199253
vt 0.534586 0.197574
vt 0.531071 0.195149
vt 0.532485 0.193099
vt 0.536000 0.195525
vt 0.524718 0.192741
vt 0.518018 0.192187
vt 0.518221 0.189728
vt 0.524921 0.190283
vt 0.478988 0.221435
vt 0.480929 0.227791
vt 0.478601 0.228502
vt 0.476660 0.222146
vt 0.481167 0.228377
vt 0.484068 0.233053
vt 0.481977 0.234350
vt 0.479077 0.229674
vt 0.484358 0.233500
vt 0.487350 0.236588
vt 0.485550 0.238331
vt 0.482559 0.235243
vt 0.487315 0.197691
vt 0.484330 0.200786
vt 0.482526 0.199047
vt 0.485511 0.195952
vt 0.487722 0.236935
vt 0.491308 0.239383
vt 0.489881 0.241473
vt 0.486295 0.239025
vt 0.491843 0.239639
vt 0.497085 0.241633
vt 0.496193 0.243979
vt 0.490950 0.241985
vt 0.497796 0.241789
vt 0.504615 0.242284
vt 0.504434 0.244786
vt 0.497615 0.244292
vt 0.507828 0.199961
vt 0.514701 0.200031
vt 0.508158 0.221120
vt 0.514454 0.228404
s 1
usemtl lightswitch
f 1572/1873/630 1559/1874/631 1560/1875/632 1562/1876/633
f 1557/1877/634 1567/1878/635 1561/1879/636 1558/1880/637
f 1567/1878/635 1568/1881/638 1566/1882/639 1561/1879/636
f 1568/1881/638 1569/1883/640 1565/1884/641 1566/1882/639
f 1569/1883/640 1570/1885/642 1564/1886/643 1565/1884/641
f 1570/1885/642 1571/1887/644 1563/1888/645 1564/1886/643
f 1571/1887/644 1572/1873/630 1562/1876/633 1563/1888/645
f 1574/1889/646 1573/1890/647 1609/1891/648 1605/1892/649
f 1605/1892/649 1609/1891/648 1610/1893/650 1606/1894/651
f 1606/1894/651 1610/1893/650 1611/1895/652 1607/1896/653
f 1608/1897/654 1604/1898/655 1658/1899/655 1660/1900/654
f 1608/1897/656 1612/1901/657 1572/1873/630 1571/1887/644
f 1575/1902/658 1574/1889/646 1605/1892/649 1601/1903/659
f 1601/1903/659 1605/1892/649 1606/1894/651 1602/1904/660
f 1602/1904/660 1606/1894/651 1607/1896/653 1603/1905/661
f 1604/1898/662 1608/1897/656 1571/1887/644 1570/1885/642
f 1576/1906/663 1575/1902/658 1601/1903/659 1597/1907/664
f 1597/1907/664 1601/1903/659 1602/1904/660 1598/1908/665
f 1598/1908/665 1602/1904/660 1603/1905/661 1599/1909/666
f 1591/1910/667 1595/1911/668 1653/1912/668 1651/1913/667
f 1600/1914/669 1604/1898/662 1570/1885/642 1569/1883/640
f 1577/1915/670 1576/1906/663 1597/1907/664 1593/1916/671
f 1593/1916/671 1597/1907/664 1598/1908/665 1594/1917/672
f 1594/1917/672 1598/1908/665 1599/1909/666 1595/1911/673
f 1603/1905/668 1607/1896/668 1659/1918/668 1657/1919/674
f 1596/1920/675 1600/1914/669 1569/1883/640 1568/1881/638
f 1578/1921/676 1577/1915/670 1593/1916/671 1589/1922/677
f 1589/1922/677 1593/1916/671 1594/1917/672 1590/1923/678
f 1590/1923/678 1594/1917/672 1595/1911/673 1591/1910/679
f 1592/1924/655 1584/1925/655 1649/1926/655 1652/1927/680
f 1592/1924/681 1596/1920/675 1568/1881/638 1567/1878/635
f 1579/1928/682 1578/1921/676 1589/1922/677 1581/1929/683
f 1581/1929/683 1589/1922/677 1590/1923/678 1582/1930/684
f 1582/1930/684 1590/1923/678 1591/1910/679 1583/1931/685
f 1604/1898/655 1600/1914/654 1656/1932/654 1658/1899/655
f 1584/1925/686 1592/1924/681 1567/1878/635 1557/1877/634
f 1573/1890/647 1580/1933/687 1585/1934/688 1609/1891/648
f 1609/1891/648 1585/1934/688 1586/1935/689 1610/1893/650
f 1610/1893/650 1586/1935/689 1587/1936/690 1611/1895/652
f 1612/1901/657 1588/1937/691 1559/1874/631 1572/1873/630
f 1563/1888/645 1562/1876/633 1620/1938/692 1619/1939/693
f 1564/1886/643 1563/1888/645 1619/1939/693 1618/1940/694
f 1565/1884/641 1564/1886/643 1618/1940/694 1617/1941/695
f 1566/1882/639 1565/1884/641 1617/1941/695 1616/1942/696
f 1561/1879/636 1566/1882/639 1616/1942/696 1615/1943/697
f 1558/1880/637 1561/1879/636 1615/1943/697 1613/1944/698
f 1562/1876/633 1560/1875/632 1614/1945/699 1620/1938/692
f 1663/1946/700 1664/1947/701 1648/1948/701 1647/1949/700
f 1665/1950/702 1649/1926/703 1636/1951/704 1635/1952/705
f 1666/1953/706 1663/1954/700 1647/1955/700 1646/1956/706
f 1649/1957/703 1667/1958/707 1621/1959/707 1636/1960/704
f 1668/1961/708 1666/1962/706 1646/1963/706 1645/1964/708
f 1667/1965/707 1669/1966/709 1622/1967/709 1621/1968/707
f 1670/1969/710 1671/1970/711 1632/1971/711 1637/1972/710
f 1672/1973/712 1668/1974/708 1645/1975/708 1644/1976/713
f 1673/1977/714 1674/1978/715 1623/1979/715 1624/1980/714
f 1675/1981/716 1670/1982/710 1637/1983/710 1638/1984/716
f 1676/1985/717 1677/1986/718 1626/1987/718 1625/1988/717
f 1678/1989/719 1672/1990/712 1644/1991/713 1643/1992/719
f 1679/1993/720 1675/1994/716 1638/1995/716 1639/1996/721
f 1677/1997/718 1680/1998/722 1627/1999/722 1626/2000/718
f 1681/2001/723 1678/2002/719 1643/2003/719 1641/2004/723
f 1669/2005/709 1681/2006/723 1641/2007/723 1622/2008/709
f 1650/2009/724 1679/2010/720 1639/2011/721 1640/2012/725
f 1680/2013/722 1682/2014/726 1628/2015/726 1627/2016/722
f 1664/2017/701 1683/2018/727 1642/2019/727 1648/2020/701
f 1683/2021/727 1673/2022/714 1624/2023/714 1642/2024/727
f 1674/2025/715 1650/2026/724 1640/2027/725 1623/2028/715
f 1682/2029/726 1684/2030/728 1629/2031/729 1628/2032/726
f 1684/2033/728 1685/2034/730 1630/2035/730 1629/2036/729
f 1685/2037/730 1686/2038/731 1631/2039/731 1630/2040/730
f 1671/2041/711 1676/2042/717 1625/2043/717 1632/2044/711
f 1686/2045/731 1687/2046/732 1633/2047/732 1631/2048/731
f 1687/2049/732 1688/2050/733 1634/2051/733 1633/2052/732
f 1688/2053/733 1665/2054/702 1635/2055/705 1634/2056/733
f 1659/1918/734 1661/2057/734 1662/2058/734 1660/1900/734
f 1657/1919/734 1659/1918/734 1660/1900/734 1658/1899/734
f 1655/2059/734 1657/1919/734 1658/1899/734 1656/1932/734
f 1653/1912/734 1655/2059/734 1656/1932/734 1654/2060/734
f 1651/1913/734 1653/1912/734 1654/2060/734 1652/1927/734
f 1665/1950/734 1651/1913/734 1652/1927/734 1649/1926/734
f 1661/2057/734 1679/2010/734 1650/2009/734 1662/2058/734
f 1596/1920/735 1592/1924/655 1652/1927/680 1654/2060/735
f 1607/1896/668 1611/1895/667 1661/2057/667 1659/1918/668
f 1595/1911/668 1599/1909/668 1655/2059/674 1653/1912/668
f 1611/1895/667 1587/1936/736 1679/2010/736 1661/2057/667
f 1612/1901/655 1608/1897/654 1660/1900/654 1662/2058/680
f 1600/1914/654 1596/1920/735 1654/2060/735 1656/1932/654
f 1588/1937/655 1612/1901/655 1662/2058/680 1650/2009/655
f 1599/1909/668 1603/1905/668 1657/1919/674 1655/2059/674
f 1583/1931/737 1591/1910/667 1651/1913/667 1665/1950/737
f 1582/1930/733 1583/1931/738 1665/2054/702 1688/2053/733
f 1581/1929/732 1582/1930/733 1688/2050/733 1687/2049/732
f 1579/1928/731 1581/1929/732 1687/2046/732 1686/2045/731
f 1580/1933/711 1573/1890/717 1676/2042/717 1671/2041/711
f 1578/1921/730 1579/1928/731 1686/2038/731 1685/2037/730
f 1577/1915/728 1578/1921/730 1685/2034/730 1684/2033/728
f 1576/1906/726 1577/1915/728 1684/2030/728 1682/2029/726
f 1559/1874/715 1588/1937/739 1650/2026/724 1674/2025/715
f 1614/1945/727 1560/1875/714 1673/2022/714 1683/2021/727
f 1620/1938/701 1614/1945/727 1683/2018/727 1664/2017/701
f 1575/1902/740 1576/1906/726 1682/2014/726 1680/2013/722
f 1558/1880/709 1613/1944/723 1681/2006/723 1669/2005/709
f 1613/1944/723 1615/1943/719 1678/2002/719 1681/2001/723
f 1574/1889/718 1575/1902/740 1680/1998/722 1677/1997/718
f 1587/1936/741 1586/1935/716 1675/1994/716 1679/1993/720
f 1615/1943/719 1616/1942/713 1672/1990/712 1678/1989/719
f 1573/1890/717 1574/1889/718 1677/1986/718 1676/1985/717
f 1586/1935/716 1585/1934/710 1670/1982/710 1675/1981/716
f 1560/1875/714 1559/1874/715 1674/1978/715 1673/1977/714
f 1616/1942/713 1617/1941/742 1668/1974/708 1672/1973/712
f 1585/1934/710 1580/1933/711 1671/1970/711 1670/1969/710
f 1557/1877/707 1558/1880/709 1669/1966/709 1667/1965/707
f 1617/1941/742 1618/1940/706 1666/1962/706 1668/1961/708
f 1584/1925/743 1557/1877/707 1667/1958/707 1649/1957/703
f 1618/1940/706 1619/1939/744 1663/1954/700 1666/1953/706
f 1619/1939/744 1620/1938/701 1664/1947/701 1663/1946/700
o SwitchHolder.001
v -0.002500 0.030451 0.013901
v 0.003504 0.030451 0.013901
v -0.002500 0.030101 0.014007
v -0.002500 0.030224 0.013995
v -0.002500 0.030342 0.013959
v 0.003504 0.030730 0.013379
v 0.003504 0.030718 0.013501
v 0.003504 0.030682 0.013619
v 0.003504 0.030624 0.013728
v 0.003504 0.030546 0.013823
v 0.003504 0.030342 0.013959
v 0.003504 0.030224 0.013995
v 0.003504 0.030101 0.014007
v -0.002500 0.030546 0.013823
v -0.002500 0.030624 0.013728
v -0.002500 0.030682 0.013619
v -0.002500 0.030718 0.013501
v -0.002500 0.030730 0.013379
v -0.002500 0.032314 0.016143
v -0.002500 0.032617 0.015894
v -0.002500 0.032866 0.015591
v -0.002500 0.033050 0.015245
v -0.002500 0.033164 0.014870
v -0.002500 0.033203 0.014480
v -0.002500 0.031203 0.016480
v -0.002500 0.031593 0.016441
v -0.002500 0.031968 0.016328
v 0.003504 0.031975 0.015735
v 0.003004 0.032314 0.016143
v 0.003004 0.031968 0.016328
v 0.003504 0.031670 0.015894
v 0.003004 0.031593 0.016441
v 0.003504 0.031340 0.015990
v 0.003004 0.031203 0.016480
v 0.003504 0.030998 0.016019
v 0.003004 0.033203 0.014480
v 0.003504 0.032742 0.014275
v 0.003004 0.033164 0.014870
v 0.003504 0.032713 0.014617
v 0.003004 0.033051 0.015245
v 0.003504 0.032617 0.014947
v 0.003004 0.032866 0.015591
v 0.003504 0.032458 0.015252
v 0.003004 0.032617 0.015894
v 0.003504 0.032241 0.015518
v -0.002500 0.030451 -0.013901
v 0.003504 0.030451 -0.013901
v -0.002500 0.030101 -0.014007
v -0.002500 0.030224 -0.013995
v -0.002500 0.030342 -0.013959
v 0.003504 0.030730 -0.013379
v 0.003504 0.030718 -0.013501
v 0.003504 0.030682 -0.013619
v 0.003504 0.030624 -0.013728
v 0.003504 0.030546 -0.013823
v 0.003504 0.030342 -0.013959
v 0.003504 0.030224 -0.013995
v 0.003504 0.030101 -0.014007
v -0.002500 0.030546 -0.013823
v -0.002500 0.030624 -0.013728
v -0.002500 0.030682 -0.013619
v -0.002500 0.030718 -0.013501
v -0.002500 0.030730 -0.013379
v -0.002500 0.032314 -0.016143
v -0.002500 0.032617 -0.015894
v -0.002500 0.032866 -0.015591
v -0.002500 0.033050 -0.015245
v -0.002500 0.033164 -0.014870
v -0.002500 0.033203 -0.014480
v -0.002500 0.031203 -0.016480
v -0.002500 0.031593 -0.016441
v -0.002500 0.031968 -0.016328
v 0.003504 0.031975 -0.015735
v 0.003004 0.032314 -0.016143
v 0.003004 0.031968 -0.016328
v 0.003504 0.031670 -0.015894
v 0.003004 0.031593 -0.016441
v 0.003504 0.031340 -0.015990
v 0.003004 0.031203 -0.016480
v 0.003504 0.030998 -0.016019
v 0.003004 0.033203 -0.014480
v 0.003504 0.032742 -0.014275
v 0.003004 0.033164 -0.014870
v 0.003504 0.032713 -0.014617
v 0.003004 0.033050 -0.015245
v 0.003504 0.032617 -0.014947
v 0.003004 0.032866 -0.015591
v 0.003504 0.032458 -0.015252
v 0.003004 0.032617 -0.015894
v 0.003504 0.032241 -0.015518
v -0.002500 -0.030451 0.013901
v 0.003504 -0.030451 0.013901
v -0.002500 -0.030101 0.014007
v -0.002500 -0.030224 0.013995
v -0.002500 -0.030342 0.013959
v 0.003504 -0.030730 0.013379
v 0.003504 -0.030718 0.013501
v 0.003504 -0.030682 0.013619
v 0.003504 -0.030624 0.013728
v 0.003504 -0.030546 0.013823
v 0.003504 -0.030342 0.013959
v 0.003504 -0.030224 0.013995
v 0.003504 -0.030101 0.014007
v -0.002500 -0.030546 0.013823
v -0.002500 -0.030624 0.013728
v -0.002500 -0.030682 0.013619
v -0.002500 -0.030718 0.013501
v -0.002500 -0.030730 0.013379
v -0.002500 -0.032314 0.016143
v -0.002500 -0.032617 0.015894
v -0.002500 -0.032866 0.015591
v -0.002500 -0.033050 0.015245
v -0.002500 -0.033164 0.014870
v -0.002500 -0.033203 0.014480
v -0.002500 -0.031203 0.016480
v -0.002500 -0.031593 0.016441
v -0.002500 -0.031968 0.016328
v 0.003504 -0.031975 0.015735
v 0.003004 -0.032314 0.016143
v 0.003004 -0.031968 0.016328
v 0.003504 -0.031670 0.015894
v 0.003004 -0.031593 0.016441
v 0.003504 -0.031340 0.015990
v 0.003004 -0.031203 0.016480
v 0.003504 -0.030998 0.016019
v 0.003004 -0.033203 0.014480
v 0.003504 -0.032742 0.014275
v 0.003004 -0.033164 0.014870
v 0.003504 -0.032713 0.014617
v 0.003004 -0.033050 0.015245
v 0.003504 -0.032617 0.014947
v 0.003004 -0.032866 0.015591
v 0.003504 -0.032458 0.015252
v 0.003004 -0.032617 0.015894
v 0.003504 -0.032241 0.015518
v -0.002500 -0.030451 -0.013901
v 0.003504 -0.030451 -0.013901
v -0.002500 -0.030101 -0.014007
v -0.002500 -0.030224 -0.013995
v -0.002500 -0.030342 -0.013959
v 0.003504 -0.030730 -0.013379
v 0.003504 -0.030718 -0.013501
v 0.003504 -0.030682 -0.013619
v 0.003504 -0.030624 -0.013728
v 0.003504 -0.030546 -0.013823
v 0.003504 -0.030342 -0.013959
v 0.003504 -0.030224 -0.013995
v 0.003504 -0.030101 -0.014007
v -0.002500 -0.030546 -0.013823
v -0.002500 -0.030624 -0.013728
v -0.002500 -0.030682 -0.013619
v -0.002500 -0.030718 -0.013501
v -0.002500 -0.030730 -0.013379
v -0.002500 -0.032314 -0.016143
v -0.002500 -0.032617 -0.015894
v -0.002500 -0.032866 -0.015591
v -0.002500 -0.033050 -0.015245
v -0.002500 -0.033164 -0.014870
v -0.002500 -0.033203 -0.014480
v -0.002500 -0.031203 -0.016480
v -0.002500 -0.031593 -0.016441
v -0.002500 -0.031968 -0.016328
v 0.003504 -0.031975 -0.015735
v 0.003004 -0.032314 -0.016143
v 0.003004 -0.031968 -0.016328
v 0.003504 -0.031670 -0.015894
v 0.003004 -0.031593 -0.016441
v 0.003504 -0.031340 -0.015990
v 0.003004 -0.031203 -0.016480
v 0.003504 -0.030998 -0.016019
v 0.003004 -0.033203 -0.014480
v 0.003504 -0.032742 -0.014275
v 0.003004 -0.033164 -0.014870
v 0.003504 -0.032713 -0.014617
v 0.003004 -0.033051 -0.015245
v 0.003504 -0.032617 -0.014947
v 0.003004 -0.032866 -0.015591
v 0.003504 -0.032458 -0.015252
v 0.003004 -0.032617 -0.015894
v 0.003504 -0.032241 -0.015518
vn 1.0000 -0.0000 -0.0000
vn 0.6829 0.7300 0.0280
vn 0.6829 0.7300 -0.0280
vn 0.6844 0.7280 -0.0394
vn 0.6847 0.7278 0.0392
vn -0.0000 -0.5555 -0.8315
vn -0.0000 -0.7071 -0.7071
vn -0.0000 -0.8315 -0.5555
vn -0.0000 -0.9239 -0.3826
vn -0.0000 -0.9808 -0.1950
vn -0.0000 -0.9988 -0.0490
vn -0.0000 -0.3826 -0.9239
vn -0.0000 -0.1951 -0.9808
vn -0.0000 -0.0489 -0.9988
vn 0.6847 -0.0392 0.7278
vn 0.6829 -0.0280 0.7300
vn 0.6829 0.0280 0.7300
vn 0.6847 0.0392 0.7278
vn -0.0000 0.0489 0.9988
vn -0.0000 -0.0489 0.9988
vn -0.0000 0.9988 0.0490
vn -0.0000 0.9988 -0.0490
vn -0.0000 0.5559 0.8312
vn -0.0000 0.3827 0.9239
vn -0.0000 0.7071 0.7071
vn -0.0000 0.8316 0.5554
vn -0.0000 0.9808 0.1952
vn -0.0000 0.9988 0.0491
vn -0.0000 0.9239 0.3827
vn -0.0000 0.9239 0.3826
vn -0.0000 0.1949 0.9808
vn -0.0000 0.0491 0.9988
vn 0.7263 0.3829 0.5709
vn 0.7176 0.2688 0.6425
vn 0.7163 0.2567 0.6488
vn 0.7260 0.3774 0.5749
vn 0.7021 0.1441 0.6973
vn 0.6992 0.1246 0.7039
vn -0.0000 -0.0491 0.9988
vn -0.0000 0.9988 -0.0491
vn 0.7021 0.6973 0.1441
vn 0.6994 0.7037 0.1248
vn 0.7176 0.6425 0.2688
vn 0.7163 0.6488 0.2567
vn 0.7263 0.5709 0.3829
vn 0.7260 0.5749 0.3774
vn 0.7289 0.4841 0.4841
vn -0.0000 -0.5555 0.8315
vn -0.0000 -0.7071 0.7071
vn -0.0000 -0.8315 0.5555
vn -0.0000 -0.9239 0.3826
vn -0.0000 -0.9808 0.1950
vn -0.0000 -0.9988 0.0490
vn -0.0000 -0.3826 0.9239
vn -0.0000 -0.1951 0.9808
vn 0.6845 -0.0394 -0.7279
vn 0.6845 0.0394 -0.7279
vn 0.6829 0.0280 -0.7300
vn 0.6829 -0.0280 -0.7300
vn -0.0000 0.5559 -0.8312
vn -0.0000 0.3827 -0.9239
vn -0.0000 0.7071 -0.7071
vn -0.0000 0.8315 -0.5555
vn -0.0000 0.9808 -0.1951
vn -0.0000 0.9239 -0.3826
vn -0.0000 0.1949 -0.9808
vn -0.0000 0.0491 -0.9988
vn 0.7263 0.3829 -0.5709
vn 0.7257 0.3774 -0.5752
vn 0.7163 0.2567 -0.6488
vn 0.7176 0.2688 -0.6425
vn 0.6992 0.1246 -0.7039
vn 0.7023 0.1443 -0.6971
vn -0.0000 -0.0491 -0.9988
vn 0.6992 0.7039 -0.1250
vn 0.7020 0.6973 -0.1446
vn 0.7160 0.6491 -0.2569
vn 0.7174 0.6426 -0.2691
vn 0.7258 0.5753 -0.3771
vn 0.7262 0.5710 -0.3829
vn 0.7289 0.4841 -0.4841
vn 0.6844 -0.7280 0.0394
vn 0.6847 -0.7278 -0.0392
vn 0.6829 -0.7300 -0.0280
vn 0.6829 -0.7300 0.0280
vn -0.0000 0.5555 -0.8315
vn -0.0000 0.9808 -0.1950
vn -0.0000 0.3826 -0.9239
vn -0.0000 0.1951 -0.9808
vn -0.0000 0.0489 -0.9988
vn -0.0000 -0.5559 0.8312
vn -0.0000 -0.3827 0.9239
vn -0.0000 -0.9808 0.1951
vn -0.0000 -0.9988 0.0491
vn -0.0000 -0.1949 0.9808
vn 0.7263 -0.3829 0.5709
vn 0.7257 -0.3774 0.5752
vn 0.7163 -0.2567 0.6488
vn 0.7176 -0.2688 0.6425
vn 0.6992 -0.1246 0.7039
vn 0.7023 -0.1443 0.6971
vn -0.0000 -0.9988 -0.0491
vn 0.6992 -0.7039 0.1250
vn 0.7020 -0.6973 0.1446
vn 0.7160 -0.6491 0.2569
vn 0.7174 -0.6426 0.2691
vn 0.7258 -0.5753 0.3771
vn 0.7262 -0.5710 0.3829
vn 0.7289 -0.4841 0.4841
vn -0.0000 0.5555 0.8315
vn -0.0000 0.8315 0.5555
vn -0.0000 0.9808 0.1950
vn -0.0000 0.3826 0.9239
vn -0.0000 0.1951 0.9808
vn -0.0000 -0.5559 -0.8312
vn -0.0000 -0.3827 -0.9239
vn -0.0000 -0.8316 -0.5554
vn -0.0000 -0.9808 -0.1952
vn -0.0000 -0.9239 -0.3827
vn -0.0000 -0.1949 -0.9808
vn 0.7263 -0.3829 -0.5709
vn 0.7176 -0.2688 -0.6425
vn 0.7163 -0.2567 -0.6488
vn 0.7260 -0.3774 -0.5749
vn 0.7021 -0.1441 -0.6973
vn 0.6992 -0.1246 -0.7039
vn 0.7021 -0.6973 -0.1441
vn 0.6994 -0.7037 -0.1248
vn 0.7176 -0.6425 -0.2688
vn 0.7163 -0.6488 -0.2567
vn 0.7263 -0.5709 -0.3829
vn 0.7260 -0.5749 -0.3774
vn 0.7289 -0.4841 -0.4841
vt 0.029479 0.935547
vt 0.020712 0.948316
vt 0.018702 0.947266
vt 0.028761 0.935164
vt 0.022891 0.948947
vt 0.030257 0.935783
vt 0.013833 0.939889
vt 0.013636 0.937629
vt 0.026918 0.931714
vt 0.026997 0.932523
vt 0.025152 0.949144
vt 0.213584 0.949143
vt 0.214937 0.953629
vt 0.023798 0.953630
vt 0.855752 0.460850
vt 0.816122 0.460850
vt 0.816122 0.460037
vt 0.855752 0.460037
vt 0.950076 0.421584
vt 0.950076 0.422398
vt 0.910446 0.422398
vt 0.910446 0.421584
vt 0.950076 0.420771
vt 0.910446 0.420771
vt 0.950076 0.419957
vt 0.910446 0.419957
vt 0.950076 0.419144
vt 0.910446 0.419144
vt 0.855752 0.461664
vt 0.816122 0.461664
vt 0.816122 0.462477
vt 0.855752 0.462477
vt 0.816122 0.463291
vt 0.855752 0.463291
vt 0.009150 0.527106
vt 0.013636 0.528459
vt 0.009149 0.938983
vt 0.892147 0.012403
vt 0.892147 0.409752
vt 0.852517 0.409752
vt 0.852517 0.012403
vt 0.144575 0.904681
vt 0.144575 0.728079
vt 0.184205 0.728079
vt 0.184205 0.904681
vt 0.031067 0.935863
vt 0.016946 0.945835
vt 0.028133 0.934648
vt 0.027233 0.933302
vt 0.014464 0.942069
vt 0.795270 0.949406
vt 0.758939 0.949406
vt 0.758939 0.946818
vt 0.795270 0.946818
vt 0.737982 0.512457
vt 0.737982 0.515045
vt 0.701652 0.515045
vt 0.701652 0.512457
vt 0.207668 0.935862
vt 0.737982 0.520221
vt 0.737982 0.522808
vt 0.701652 0.522808
vt 0.701652 0.520221
vt 0.737982 0.517633
vt 0.701652 0.517633
vt 0.795270 0.944230
vt 0.758939 0.944230
vt 0.758939 0.941642
vt 0.795270 0.941642
vt 0.795270 0.951993
vt 0.758939 0.951993
vt 0.026916 0.534374
vt 0.015515 0.944079
vt 0.027617 0.934019
vt 0.011642 0.946933
vt 0.010428 0.944648
vt 0.010288 0.944415
vt 0.009546 0.941936
vt 0.009434 0.941681
vt 0.009189 0.939105
vt 0.758939 0.529756
vt 0.795270 0.529756
vt 0.737982 0.713947
vt 0.701652 0.713947
vt 0.023676 0.953591
vt 0.021099 0.953347
vt 0.020845 0.953234
vt 0.018366 0.952492
vt 0.018133 0.952352
vt 0.015848 0.951139
vt 0.015637 0.950974
vt 0.013635 0.949334
vt 0.013447 0.949146
vt 0.011807 0.947144
vt 0.209256 0.935546
vt 0.209974 0.935163
vt 0.220033 0.947265
vt 0.218023 0.948315
vt 0.215844 0.948946
vt 0.208478 0.935783
vt 0.224901 0.939888
vt 0.211738 0.932523
vt 0.211818 0.931713
vt 0.225098 0.937628
vt 0.892147 0.412192
vt 0.892147 0.413006
vt 0.852517 0.413006
vt 0.852517 0.412192
vt 0.950076 0.240102
vt 0.910446 0.240102
vt 0.910446 0.239289
vt 0.950076 0.239289
vt 0.950076 0.240915
vt 0.910446 0.240916
vt 0.950076 0.241729
vt 0.910446 0.241729
vt 0.950076 0.242542
vt 0.910446 0.242542
vt 0.852517 0.411379
vt 0.892147 0.411379
vt 0.852517 0.410566
vt 0.892147 0.410566
vt 0.229584 0.527105
vt 0.229584 0.938982
vt 0.225097 0.528458
vt 0.210602 0.934647
vt 0.221789 0.945834
vt 0.224270 0.942068
vt 0.211502 0.933301
vt 0.834218 0.011737
vt 0.834218 0.014325
vt 0.797888 0.014325
vt 0.797888 0.011737
vt 0.737982 0.724298
vt 0.701652 0.724298
vt 0.701652 0.721710
vt 0.737982 0.721710
vt 0.737982 0.716535
vt 0.701652 0.716535
vt 0.737982 0.719122
vt 0.701652 0.719122
vt 0.834218 0.016913
vt 0.834218 0.019500
vt 0.797888 0.019500
vt 0.797888 0.016913
vt 0.797888 0.009149
vt 0.834218 0.009149
vt 0.211816 0.534374
vt 0.223220 0.944077
vt 0.211118 0.934018
vt 0.227093 0.946932
vt 0.228307 0.944647
vt 0.228446 0.944414
vt 0.229188 0.941935
vt 0.229301 0.941680
vt 0.229545 0.939104
vt 0.834218 0.431387
vt 0.797888 0.431387
vt 0.215060 0.953590
vt 0.217636 0.953346
vt 0.217890 0.953233
vt 0.220369 0.952491
vt 0.220602 0.952351
vt 0.222887 0.951138
vt 0.223098 0.950973
vt 0.225100 0.949333
vt 0.225288 0.949145
vt 0.226928 0.947143
vt 0.029478 0.530541
vt 0.028760 0.530924
vt 0.018701 0.518822
vt 0.020711 0.517772
vt 0.022890 0.517141
vt 0.030256 0.530305
vt 0.013833 0.526199
vt 0.026996 0.533565
vt 0.023797 0.512458
vt 0.214935 0.512457
vt 0.213582 0.516943
vt 0.025150 0.516944
vt 0.855752 0.863080
vt 0.855752 0.863893
vt 0.816122 0.863893
vt 0.816122 0.863080
vt 0.184205 0.725639
vt 0.144575 0.725639
vt 0.144575 0.724826
vt 0.184205 0.724826
vt 0.184205 0.726453
vt 0.144575 0.726453
vt 0.184205 0.727266
vt 0.144575 0.727266
vt 0.816122 0.862266
vt 0.855752 0.862266
vt 0.816122 0.861453
vt 0.855752 0.861453
vt 0.816122 0.860640
vt 0.855752 0.860640
vt 0.031066 0.530225
vt 0.028132 0.531440
vt 0.016945 0.520254
vt 0.014464 0.524019
vt 0.027232 0.532786
vt 0.795270 0.521993
vt 0.795270 0.524580
vt 0.758939 0.524580
vt 0.758939 0.521993
vt 0.946776 0.220990
vt 0.910446 0.220990
vt 0.910446 0.218402
vt 0.946776 0.218402
vt 0.207667 0.530224
vt 0.946776 0.213227
vt 0.910446 0.213227
vt 0.910446 0.210639
vt 0.946776 0.210639
vt 0.946776 0.215814
vt 0.910446 0.215814
vt 0.795270 0.527168
vt 0.758939 0.527168
vt 0.758939 0.519405
vt 0.795270 0.519405
vt 0.015514 0.522010
vt 0.027616 0.532069
vt 0.011641 0.519156
vt 0.010427 0.521441
vt 0.010288 0.521674
vt 0.009546 0.524153
vt 0.009433 0.524407
vt 0.009189 0.526983
vt 0.910446 0.019500
vt 0.946776 0.019500
vt 0.023674 0.512497
vt 0.021098 0.512742
vt 0.020844 0.512854
vt 0.018365 0.513596
vt 0.018132 0.513736
vt 0.015847 0.514950
vt 0.015636 0.515115
vt 0.013634 0.516754
vt 0.013446 0.516943
vt 0.011806 0.518945
vt 0.209255 0.530540
vt 0.218022 0.517771
vt 0.220031 0.518821
vt 0.209972 0.530924
vt 0.215842 0.517140
vt 0.208476 0.530304
vt 0.224900 0.526198
vt 0.211736 0.533564
vt 0.892147 0.009963
vt 0.852517 0.009963
vt 0.852517 0.009149
vt 0.892147 0.009149
vt 0.184205 0.907121
vt 0.184205 0.907935
vt 0.144575 0.907935
vt 0.144575 0.907122
vt 0.184205 0.906308
vt 0.144575 0.906308
vt 0.184205 0.905494
vt 0.144575 0.905494
vt 0.892147 0.010776
vt 0.852517 0.010776
vt 0.852517 0.011590
vt 0.892147 0.011590
vt 0.221788 0.520253
vt 0.210601 0.531440
vt 0.211500 0.532786
vt 0.224269 0.524018
vt 0.834218 0.439150
vt 0.797888 0.439150
vt 0.797888 0.436562
vt 0.834218 0.436562
vt 0.946776 0.009149
vt 0.946776 0.011737
vt 0.910446 0.011737
vt 0.910446 0.009149
vt 0.946776 0.016913
vt 0.910446 0.016912
vt 0.946776 0.014325
vt 0.910446 0.014325
vt 0.834218 0.433975
vt 0.797888 0.433975
vt 0.834218 0.441738
vt 0.797888 0.441738
vt 0.223219 0.522009
vt 0.211117 0.532068
vt 0.227092 0.519154
vt 0.228306 0.521440
vt 0.228445 0.521673
vt 0.229187 0.524152
vt 0.229300 0.524406
vt 0.229544 0.526982
vt 0.215058 0.512496
vt 0.217634 0.512741
vt 0.217889 0.512853
vt 0.220368 0.513595
vt 0.220601 0.513735
vt 0.222886 0.514949
vt 0.223097 0.515114
vt 0.225099 0.516753
vt 0.225287 0.516941
vt 0.226927 0.518943
s 1
usemtl lightswitch
f 1696/2061/745 1729/2062/745 1731/2063/745 1697/2064/745
f 1727/2065/745 1729/2062/745 1696/2061/745 1695/2066/745
f 1721/2067/745 1723/2068/745 1701/2069/745 1700/2070/745
f 1725/2071/746 1770/2072/747 1769/2073/748 1724/2074/749
f 1690/2075/750 1689/2076/750 1702/2077/751 1698/2078/751
f 1697/2079/752 1698/2080/751 1702/2081/751 1703/2082/752
f 1696/2083/753 1697/2079/752 1703/2082/752 1704/2084/753
f 1695/2085/754 1696/2083/753 1704/2084/753 1705/2086/754
f 1694/2087/755 1695/2085/754 1705/2086/754 1706/2088/755
f 1690/2075/750 1699/2089/756 1693/2090/756 1689/2076/750
f 1692/2091/757 1693/2090/756 1699/2089/756 1700/2092/757
f 1691/2093/758 1692/2091/757 1700/2092/757 1701/2094/758
f 1812/2095/759 1813/2096/760 1723/2068/761 1722/2097/762
f 1836/2098/763 1746/2099/764 1736/2100/764 1826/2101/763
f 1841/2102/765 1796/2103/766 1784/2104/766 1829/2105/765
f 1694/2106/745 1725/2071/745 1727/2065/745 1695/2066/745
f 1697/2064/745 1731/2063/745 1733/2107/745 1698/2108/745
f 1700/2070/745 1699/2109/745 1719/2110/745 1721/2067/745
f 1717/2111/767 1707/2112/767 1715/2113/768 1718/2114/768
f 1732/2115/769 1730/2116/770 1709/2117/770 1708/2118/769
f 1694/2106/745 1739/2119/745 1770/2072/745 1725/2071/745
f 1726/2120/771 1724/2121/772 1712/2122/772 1711/2123/771
f 1728/2124/773 1726/2120/771 1711/2123/771 1710/2125/774
f 1730/2116/770 1728/2124/773 1710/2125/774 1709/2117/770
f 1720/2126/775 1714/2127/775 1713/2128/776 1722/2129/776
f 1718/2114/768 1715/2113/768 1714/2127/775 1720/2126/775
f 1717/2111/767 1732/2130/769 1708/2131/769 1707/2112/767
f 1813/2096/745 1791/2132/745 1701/2069/745 1723/2068/745
f 1716/2133/745 1719/2110/745 1699/2109/745 1690/2134/745
f 1717/2135/777 1718/2136/778 1719/2110/779 1716/2133/780
f 1718/2137/778 1720/2138/781 1721/2067/782 1719/2110/779
f 1720/2139/781 1722/2140/762 1723/2068/761 1721/2067/782
f 1713/2128/776 1803/2141/783 1812/2142/783 1722/2129/776
f 1724/2121/772 1769/2143/784 1757/2144/784 1712/2122/772
f 1724/2145/749 1726/2146/785 1727/2065/786 1725/2071/746
f 1726/2147/785 1728/2148/787 1729/2062/788 1727/2065/786
f 1728/2149/787 1730/2150/789 1731/2063/790 1729/2062/788
f 1730/2151/789 1732/2152/791 1733/2107/791 1731/2063/790
f 1732/2153/791 1717/2154/777 1716/2133/780 1733/2107/791
f 1733/2107/745 1716/2133/745 1690/2134/745 1698/2108/745
f 1741/2155/745 1742/2156/745 1776/2157/745 1774/2158/745
f 1772/2159/745 1740/2160/745 1741/2155/745 1774/2158/745
f 1766/2161/745 1745/2162/745 1746/2163/745 1768/2164/745
f 1735/2165/792 1743/2166/793 1747/2167/793 1734/2168/792
f 1742/2169/794 1748/2170/794 1747/2171/793 1743/2172/793
f 1741/2173/795 1749/2174/795 1748/2170/794 1742/2169/794
f 1740/2175/796 1750/2176/796 1749/2174/795 1741/2173/795
f 1739/2177/797 1751/2178/797 1750/2176/796 1740/2175/796
f 1735/2165/792 1734/2168/792 1738/2179/798 1744/2180/798
f 1737/2181/799 1745/2182/799 1744/2180/798 1738/2179/798
f 1736/2100/764 1746/2099/764 1745/2182/799 1737/2181/799
f 1857/2183/800 1767/2184/801 1768/2164/802 1858/2185/803
f 1751/2178/797 1739/2177/797 1694/2087/755 1706/2088/755
f 1739/2119/745 1740/2160/745 1772/2159/745 1770/2072/745
f 1742/2156/745 1743/2186/745 1778/2187/745 1776/2157/745
f 1745/2162/745 1766/2161/745 1764/2188/745 1744/2189/745
f 1762/2190/804 1763/2191/805 1760/2192/805 1752/2193/804
f 1777/2194/806 1753/2195/806 1754/2196/807 1775/2197/807
f 1771/2198/808 1756/2199/808 1757/2144/784 1769/2143/784
f 1773/2200/809 1755/2201/809 1756/2199/808 1771/2198/808
f 1775/2197/807 1754/2196/807 1755/2201/809 1773/2200/809
f 1765/2202/810 1767/2203/811 1758/2204/811 1759/2205/810
f 1763/2191/805 1765/2202/810 1759/2205/810 1760/2192/805
f 1762/2190/804 1752/2193/804 1753/2206/806 1777/2207/806
f 1858/2185/745 1768/2164/745 1746/2163/745 1836/2208/745
f 1761/2209/745 1735/2210/745 1744/2189/745 1764/2188/745
f 1762/2211/812 1761/2209/813 1764/2188/814 1763/2212/815
f 1763/2213/815 1764/2188/814 1766/2161/816 1765/2214/817
f 1765/2215/817 1766/2161/816 1768/2164/802 1767/2216/801
f 1767/2203/811 1857/2217/818 1848/2218/818 1758/2204/811
f 1769/2219/748 1770/2072/747 1772/2159/819 1771/2220/820
f 1771/2221/820 1772/2159/819 1774/2158/821 1773/2222/822
f 1773/2223/822 1774/2158/821 1776/2157/823 1775/2224/824
f 1775/2225/824 1776/2157/823 1778/2187/825 1777/2226/825
f 1777/2227/825 1778/2187/825 1761/2209/813 1762/2228/812
f 1778/2187/745 1743/2186/745 1735/2210/745 1761/2209/745
f 1786/2229/745 1787/2230/745 1821/2231/745 1819/2232/745
f 1817/2233/745 1785/2234/745 1786/2229/745 1819/2232/745
f 1811/2235/745 1790/2236/745 1791/2132/745 1813/2096/745
f 1814/2237/826 1859/2238/827 1860/2239/828 1815/2240/829
f 1780/2241/830 1788/2242/806 1792/2243/806 1779/2244/830
f 1787/2245/807 1793/2246/807 1792/2247/806 1788/2248/806
f 1786/2249/809 1794/2250/809 1793/2246/807 1787/2245/807
f 1785/2251/831 1795/2252/831 1794/2250/809 1786/2249/809
f 1784/2104/766 1796/2103/766 1795/2252/831 1785/2251/831
f 1780/2241/830 1779/2244/830 1783/2253/832 1789/2254/832
f 1782/2255/833 1790/2256/833 1789/2254/832 1783/2253/832
f 1781/2257/834 1791/2258/834 1790/2256/833 1782/2255/833
f 1784/2259/745 1785/2234/745 1817/2233/745 1815/2240/745
f 1787/2230/745 1788/2260/745 1823/2261/745 1821/2231/745
f 1790/2236/745 1811/2235/745 1809/2262/745 1789/2263/745
f 1807/2264/835 1808/2265/836 1805/2266/836 1797/2267/835
f 1822/2268/793 1798/2269/793 1799/2270/794 1820/2271/794
f 1815/2240/745 1860/2239/745 1829/2272/745 1784/2259/745
f 1816/2273/837 1801/2274/837 1802/2275/838 1814/2276/838
f 1818/2277/795 1800/2278/795 1801/2274/837 1816/2273/837
f 1820/2271/794 1799/2270/794 1800/2278/795 1818/2277/795
f 1810/2279/839 1812/2142/783 1803/2141/783 1804/2280/839
f 1808/2265/836 1810/2279/839 1804/2280/839 1805/2266/836
f 1807/2264/835 1797/2267/835 1798/2281/793 1822/2282/793
f 1806/2283/745 1780/2284/745 1789/2263/745 1809/2262/745
f 1807/2285/840 1806/2283/841 1809/2262/842 1808/2286/843
f 1808/2287/843 1809/2262/842 1811/2235/844 1810/2288/845
f 1810/2289/845 1811/2235/844 1813/2096/760 1812/2290/759
f 1802/2275/838 1847/2291/846 1859/2292/846 1814/2276/838
f 1814/2293/826 1815/2240/829 1817/2233/847 1816/2294/848
f 1816/2295/848 1817/2233/847 1819/2232/849 1818/2296/850
f 1818/2297/850 1819/2232/849 1821/2231/851 1820/2298/852
f 1820/2299/852 1821/2231/851 1823/2261/853 1822/2300/853
f 1822/2301/853 1823/2261/853 1806/2283/841 1807/2302/840
f 1823/2261/745 1788/2260/745 1780/2284/745 1806/2283/745
f 1831/2303/745 1864/2304/745 1866/2305/745 1832/2306/745
f 1862/2307/745 1864/2304/745 1831/2303/745 1830/2308/745
f 1856/2309/745 1858/2185/745 1836/2208/745 1835/2310/745
f 1825/2311/854 1824/2312/854 1837/2313/769 1833/2314/769
f 1832/2315/855 1833/2316/769 1837/2317/769 1838/2318/855
f 1831/2319/774 1832/2315/855 1838/2318/855 1839/2320/774
f 1830/2321/856 1831/2319/774 1839/2320/774 1840/2322/856
f 1829/2105/765 1830/2321/856 1840/2322/856 1841/2102/765
f 1825/2311/854 1834/2323/857 1828/2324/857 1824/2312/854
f 1827/2325/858 1828/2324/857 1834/2323/857 1835/2326/858
f 1826/2101/763 1827/2325/858 1835/2326/858 1836/2098/763
f 1829/2272/745 1860/2239/745 1862/2307/745 1830/2308/745
f 1832/2306/745 1866/2305/745 1868/2327/745 1833/2328/745
f 1835/2310/745 1834/2329/745 1854/2330/745 1856/2309/745
f 1852/2331/859 1842/2332/859 1850/2333/860 1853/2334/860
f 1867/2335/751 1865/2336/861 1844/2337/861 1843/2338/751
f 1861/2339/862 1859/2292/846 1847/2291/846 1846/2340/862
f 1863/2341/863 1861/2339/862 1846/2340/862 1845/2342/753
f 1865/2336/861 1863/2341/863 1845/2342/753 1844/2337/861
f 1855/2343/864 1849/2344/864 1848/2218/818 1857/2217/818
f 1853/2334/860 1850/2333/860 1849/2344/864 1855/2343/864
f 1852/2331/859 1867/2345/751 1843/2346/751 1842/2332/859
f 1851/2347/745 1854/2330/745 1834/2329/745 1825/2348/745
f 1852/2349/865 1853/2350/866 1854/2330/867 1851/2347/868
f 1853/2351/866 1855/2352/869 1856/2309/870 1854/2330/867
f 1855/2353/869 1857/2354/800 1858/2185/803 1856/2309/870
f 1859/2355/827 1861/2356/871 1862/2307/872 1860/2239/828
f 1861/2357/871 1863/2358/873 1864/2304/874 1862/2307/872
f 1863/2359/873 1865/2360/875 1866/2305/876 1864/2304/874
f 1865/2361/875 1867/2362/877 1868/2327/877 1866/2305/876
f 1867/2363/877 1852/2364/865 1851/2347/868 1868/2327/877
f 1868/2327/745 1851/2347/745 1825/2348/745 1833/2328/745
f 1791/2258/834 1781/2257/834 1691/2093/758 1701/2094/758
