# Blender 5.1.1
# www.blender.org
mtllib llave3.mtl
o Torus002
v 0.000585 0.052212 -0.004402
v 0.000008 0.052054 -0.003762
v 0.000283 0.051350 -0.003317
v 0.001031 0.051074 -0.003683
v 0.001217 0.051606 -0.004353
v 0.001539 0.053028 -0.003070
v 0.000863 0.052785 -0.002567
v 0.000979 0.051945 -0.002346
v 0.001726 0.051669 -0.002712
v 0.002072 0.052338 -0.003159
v 0.002400 0.053235 -0.001468
v 0.001635 0.052971 -0.001131
v 0.001607 0.052096 -0.001178
v 0.002354 0.051820 -0.001543
v 0.002844 0.052524 -0.001723
v 0.003051 0.052806 0.000187
v 0.002219 0.052586 0.000353
v 0.002082 0.051783 0.000029
v 0.002829 0.051507 -0.000336
v 0.003428 0.052139 -0.000239
v 0.003406 0.051797 0.001673
v 0.002537 0.051682 0.001685
v 0.002340 0.051048 0.001113
v 0.003087 0.050771 0.000747
v 0.003746 0.051234 0.001093
v 0.003415 0.050346 0.002788
v 0.002545 0.050380 0.002685
v 0.002347 0.049989 0.001926
v 0.003094 0.049713 0.001560
v 0.003754 0.049933 0.002093
v 0.003077 0.048648 0.003382
v 0.002242 0.048858 0.003217
v 0.002101 0.048751 0.002359
v 0.002848 0.048475 0.001993
v 0.003451 0.048411 0.002626
v 0.002439 0.046932 0.003375
v 0.001670 0.047320 0.003211
v 0.001635 0.047500 0.002354
v 0.002382 0.047224 0.001988
v 0.002879 0.046873 0.002619
v 0.001586 0.045431 0.002767
v 0.000906 0.045974 0.002666
v 0.001013 0.046405 0.001910
v 0.001760 0.046129 0.001545
v 0.002115 0.045527 0.002074
v 0.000634 0.044347 0.001641
v 0.000052 0.045002 0.001656
v 0.000319 0.045615 0.001089
v 0.001066 0.045339 0.000724
v 0.001261 0.044555 0.001064
v -0.000289 0.043826 0.000148
v -0.000775 0.044535 0.000318
v -0.000354 0.045235 0.000001
v 0.000393 0.044959 -0.000365
v 0.000433 0.044088 -0.000274
v -0.001058 0.043940 -0.001509
v -0.001465 0.044637 -0.001168
v -0.000915 0.045318 -0.001207
v -0.000168 0.045042 -0.001573
v -0.000256 0.044190 -0.001759
v -0.001570 0.044671 -0.003107
v -0.001924 0.045293 -0.002600
v -0.001288 0.045851 -0.002372
v -0.000541 0.045575 -0.002738
v -0.000715 0.044846 -0.003192
v -0.001754 0.045923 -0.004429
v -0.002089 0.046415 -0.003786
v -0.001423 0.046764 -0.003337
v -0.000676 0.046488 -0.003703
v -0.000881 0.045968 -0.004378
v -0.001587 0.047525 -0.005299
v -0.001940 0.047851 -0.004566
v -0.001301 0.047932 -0.003971
v -0.000554 0.047656 -0.004337
v -0.000731 0.047404 -0.005157
v -0.001091 0.049261 -0.005597
v -0.001495 0.049408 -0.004833
v -0.000939 0.049198 -0.004188
v -0.000192 0.048922 -0.004554
v -0.000286 0.048961 -0.005425
v -0.000333 0.050897 -0.005284
v -0.000815 0.050875 -0.004552
v -0.000386 0.050391 -0.003960
v 0.000361 0.050115 -0.004326
v 0.000394 0.050427 -0.005144
v -0.017196 -0.006654 -0.005649
v -0.017369 -0.006434 -0.005231
v -0.010040 -0.006466 -0.005360
v -0.010226 -0.006678 -0.005680
v -0.017366 -0.006986 -0.005665
v -0.017585 -0.006698 -0.005232
v -0.009785 -0.006681 -0.005401
v -0.010081 -0.007048 -0.005745
v -0.017336 -0.013787 -0.005712
v -0.017595 -0.013965 -0.005378
v -0.017148 -0.014060 -0.005683
v -0.017343 -0.014262 -0.005399
v -0.010298 -0.014123 -0.005714
v -0.010134 -0.014377 -0.005346
v -0.010062 -0.013805 -0.005759
v -0.009751 -0.014146 -0.005377
v -0.017531 -0.006259 -0.000496
v -0.009674 -0.006300 -0.000416
v -0.017734 -0.006465 -0.000495
v -0.009548 -0.006617 -0.000399
v -0.017758 -0.014281 -0.000496
v -0.017566 -0.014439 -0.000479
v -0.009614 -0.014300 -0.000442
v -0.009819 -0.014483 -0.000448
v -0.017196 -0.006654 0.005912
v -0.017369 -0.006434 0.005494
v -0.010040 -0.006466 0.005623
v -0.010226 -0.006678 0.005943
v -0.017366 -0.006986 0.005928
v -0.017585 -0.006698 0.005495
v -0.009785 -0.006681 0.005664
v -0.010081 -0.007048 0.006008
v -0.017336 -0.013787 0.005975
v -0.017595 -0.013965 0.005641
v -0.017148 -0.014060 0.005946
v -0.017343 -0.014262 0.005662
v -0.010298 -0.014123 0.005977
v -0.010134 -0.014377 0.005609
v -0.010062 -0.013805 0.006022
v -0.009751 -0.014146 0.005640
v -0.017531 -0.006259 0.000759
v -0.009674 -0.006300 0.000679
v -0.017734 -0.006465 0.000758
v -0.009548 -0.006617 0.000662
v -0.017758 -0.014281 0.000759
v -0.017566 -0.014439 0.000742
v -0.009614 -0.014300 0.000705
v -0.009819 -0.014483 0.000711
v 0.003400 -0.047422 -0.002319
v 0.003726 -0.047434 -0.002081
v 0.003486 -0.057476 -0.001327
v 0.003407 -0.056702 -0.002335
v 0.003570 -0.045661 -0.002319
v 0.005813 -0.045753 -0.002319
v 0.005679 -0.047483 -0.002080
v 0.006033 -0.047446 -0.002319
v 0.006023 -0.073571 -0.002319
v 0.006019 -0.092301 -0.002319
v 0.005870 -0.092310 -0.001327
v 0.005897 -0.073659 -0.001327
v 0.003278 -0.079712 -0.002319
v 0.001273 -0.079380 -0.002319
v 0.001970 -0.077930 -0.001330
v 0.003286 -0.078647 -0.001328
v 0.001650 -0.074123 -0.002319
v 0.003381 -0.073918 -0.002319
v 0.003551 -0.074706 -0.001327
v 0.002208 -0.075682 -0.001330
v 0.001703 -0.076325 -0.001330
v 0.000156 -0.075599 -0.002319
v 0.001720 -0.077245 -0.001330
v 0.000004 -0.077557 -0.002319
v 0.003372 -0.072098 -0.002319
v 0.003557 -0.071328 -0.001327
v 0.003383 -0.092310 -0.001326
v 0.006016 -0.060424 -0.002319
v 0.005902 -0.060609 -0.001327
v 0.003367 -0.092305 -0.002319
v 0.000347 -0.092298 -0.002319
v 0.000353 -0.087375 -0.002319
v 0.000141 -0.092306 -0.001633
v 0.000090 -0.087493 -0.001763
v -0.001707 -0.092299 -0.002319
v -0.001766 -0.087399 -0.002319
v -0.001572 -0.087509 -0.001691
v -0.001599 -0.092305 -0.001610
v -0.002868 -0.092303 -0.002319
v -0.003510 -0.092300 -0.001779
v -0.003510 -0.076441 -0.001779
v -0.002868 -0.076420 -0.002319
v 0.008178 -0.046642 -0.002319
v 0.008178 -0.060535 -0.002319
v 0.008179 -0.073634 -0.002319
v 0.008180 -0.092305 -0.002319
v 0.003364 -0.066123 -0.002319
v 0.003299 -0.062647 -0.002319
v 0.003559 -0.061879 -0.001327
v 0.003562 -0.066707 -0.001327
v 0.002129 -0.070404 -0.001329
v 0.000998 -0.071428 -0.002319
v -0.000157 -0.069432 -0.002319
v 0.001460 -0.069268 -0.001330
v 0.000349 -0.067448 -0.002319
v 0.001666 -0.068270 -0.001330
v 0.001823 -0.066213 -0.002319
v 0.002342 -0.067291 -0.001328
v -0.000017 -0.060249 -0.002319
v 0.001555 -0.060110 -0.001330
v 0.002144 -0.061047 -0.001329
v 0.001120 -0.062024 -0.002319
v 0.001691 -0.056925 -0.002319
v 0.002062 -0.058352 -0.001329
v 0.001521 -0.059065 -0.001330
v 0.000328 -0.058167 -0.002319
v 0.008795 -0.060648 -0.001744
v 0.008794 -0.073809 -0.001748
v 0.008795 -0.046639 -0.001726
v 0.008181 -0.030047 -0.002319
v 0.008794 -0.030096 -0.001754
v -0.002868 -0.059235 -0.002319
v -0.002868 -0.046470 -0.002319
v -0.002868 -0.029998 -0.002319
v -0.003510 -0.046425 -0.001779
v -0.003510 -0.030052 -0.001779
v -0.003510 -0.059183 -0.001779
v -0.002868 -0.067532 -0.002319
v -0.003510 -0.067531 -0.001779
v 0.008795 -0.092316 -0.001728
v 0.001885 -0.047422 0.001934
v 0.001559 -0.047434 0.001696
v 0.001800 -0.057476 0.000942
v 0.001879 -0.056702 0.001950
v 0.001716 -0.045661 0.001934
v -0.000527 -0.045753 0.001934
v -0.000394 -0.047483 0.001695
v -0.000747 -0.047446 0.001934
v -0.000737 -0.073571 0.001934
v -0.000733 -0.092301 0.001934
v -0.000584 -0.092310 0.000943
v -0.000611 -0.073659 0.000942
v 0.002007 -0.079712 0.001934
v 0.004013 -0.079380 0.001934
v 0.003316 -0.077930 0.000945
v 0.002000 -0.078647 0.000943
v 0.003636 -0.074123 0.001934
v 0.001905 -0.073918 0.001934
v 0.001735 -0.074706 0.000943
v 0.003078 -0.075682 0.000945
v 0.003582 -0.076325 0.000945
v 0.005130 -0.075599 0.001934
v 0.003566 -0.077245 0.000946
v 0.005282 -0.077557 0.001934
v 0.001914 -0.072098 0.001934
v 0.001728 -0.071328 0.000942
v 0.001903 -0.092310 0.000942
v -0.000730 -0.060424 0.001934
v -0.000617 -0.060609 0.000942
v 0.001919 -0.092305 0.001934
v 0.004938 -0.092298 0.001934
v 0.004933 -0.087375 0.001934
v 0.005145 -0.092306 0.001249
v 0.005195 -0.087493 0.001378
v 0.006993 -0.092299 0.001934
v 0.007052 -0.087399 0.001934
v 0.006858 -0.087509 0.001306
v 0.006885 -0.092305 0.001225
v 0.008153 -0.092303 0.001934
v 0.008795 -0.092300 0.001394
v 0.008795 -0.076441 0.001394
v 0.008153 -0.076420 0.001934
v -0.002893 -0.046642 0.001934
v -0.002892 -0.060535 0.001934
v -0.002893 -0.073634 0.001934
v -0.002894 -0.092305 0.001934
v 0.001922 -0.066123 0.001934
v 0.001987 -0.062647 0.001934
v 0.001726 -0.061879 0.000942
v 0.001724 -0.066707 0.000942
v 0.003157 -0.070404 0.000945
v 0.004288 -0.071428 0.001934
v 0.005443 -0.069432 0.001934
v 0.003826 -0.069268 0.000945
v 0.004937 -0.067448 0.001934
v 0.003620 -0.068270 0.000945
v 0.003463 -0.066213 0.001934
v 0.002944 -0.067291 0.000943
v 0.005303 -0.060249 0.001934
v 0.003731 -0.060110 0.000945
v 0.003142 -0.061047 0.000944
v 0.004166 -0.062024 0.001934
v 0.003595 -0.056925 0.001934
v 0.003223 -0.058352 0.000945
v 0.003765 -0.059065 0.000945
v 0.004958 -0.058167 0.001934
v -0.003509 -0.060648 0.001359
v -0.003508 -0.073809 0.001364
v -0.003509 -0.046639 0.001341
v -0.002895 -0.030047 0.001934
v -0.003508 -0.030096 0.001370
v 0.008153 -0.059235 0.001934
v 0.008153 -0.046470 0.001934
v 0.008153 -0.029998 0.001934
v 0.008795 -0.046425 0.001394
v 0.008795 -0.030052 0.001394
v 0.008795 -0.059183 0.001394
v 0.008153 -0.067532 0.001934
v 0.008795 -0.067531 0.001394
v -0.003510 -0.092316 0.001343
v 0.010519 -0.031413 -0.003174
v 0.009411 -0.031373 -0.004763
v 0.009663 -0.019066 -0.004432
v 0.010952 -0.018606 -0.002861
v -0.004033 -0.031654 -0.004691
v -0.004146 -0.018509 -0.004453
v -0.005183 -0.031590 -0.003049
v -0.005635 -0.018598 -0.002867
v -0.009049 -0.014942 -0.004991
v -0.008769 -0.015039 -0.003408
v -0.009100 -0.015351 -0.003382
v -0.009360 -0.015172 -0.004991
v -0.018247 -0.015105 -0.004991
v -0.018248 -0.015045 -0.002725
v -0.018446 -0.014831 -0.002679
v -0.018463 -0.014882 -0.004991
v -0.018529 -0.005866 -0.002467
v -0.018468 -0.006050 -0.004990
v -0.018313 -0.005558 -0.002490
v -0.018256 -0.005636 -0.004990
v -0.009006 -0.006058 -0.004991
v -0.008844 -0.005915 -0.003735
v -0.009188 -0.005713 -0.004991
v -0.009048 -0.005583 -0.003653
v -0.008896 -0.015750 -0.003214
v -0.018546 -0.015534 -0.002047
v -0.018972 -0.015072 -0.002010
v -0.019025 -0.005689 -0.001998
v -0.018572 -0.005101 -0.002057
v -0.008904 -0.005368 -0.003372
v -0.008622 -0.005820 -0.003455
v -0.008397 -0.015236 -0.003278
v -0.008937 -0.018118 -0.003025
v -0.018286 -0.017949 -0.001983
v -0.006719 -0.018035 -0.002993
v -0.019856 -0.017651 -0.001832
v -0.021125 -0.016957 -0.001667
v -0.022191 -0.016168 -0.001397
v -0.021766 -0.014448 -0.001658
v -0.023023 -0.014766 -0.001187
v -0.023210 -0.003884 -0.001152
v -0.022214 -0.003969 -0.001588
v -0.006040 -0.005493 -0.003654
v -0.005808 -0.014501 -0.003781
v -0.004794 -0.002991 -0.003808
v -0.009451 0.005801 -0.003122
v -0.005836 0.006211 -0.003483
v -0.005151 0.005730 -0.003521
v -0.007073 0.013433 -0.003275
v -0.010300 0.013251 -0.002948
v -0.006610 0.014335 -0.003318
v -0.010427 0.017609 -0.002692
v -0.019112 0.005801 -0.001974
v -0.023260 0.005801 -0.000954
v -0.022261 0.005801 -0.001570
v -0.004399 -0.005477 -0.003927
v -0.004104 -0.014303 -0.004321
v -0.005710 -0.017640 -0.003511
v 0.009715 -0.005477 -0.003927
v 0.009586 -0.014698 -0.004302
v 0.010110 -0.002991 -0.003808
v 0.010467 0.005730 -0.003521
v -0.001417 0.017769 -0.003358
v 0.002658 0.017759 -0.003520
v 0.002658 0.014749 -0.003508
v -0.001137 0.014561 -0.003489
v -0.006790 0.017729 -0.003068
v -0.019338 0.013152 -0.001907
v -0.022449 0.013464 -0.001539
v -0.023094 0.013609 -0.001184
v -0.020465 0.016758 -0.001758
v -0.021365 0.015861 -0.001673
v -0.021661 0.016317 -0.001375
v -0.020560 0.017273 -0.001461
v -0.022015 0.014961 -0.001597
v -0.022607 0.015088 -0.001272
v -0.018806 0.017424 -0.001913
v -0.018763 0.017888 -0.001682
v -0.010391 0.018102 -0.002113
v -0.006963 0.018079 -0.002559
v -0.001604 0.018043 -0.002794
v 0.002658 0.018061 -0.002977
v 0.014253 -0.018118 -0.003025
v 0.013713 -0.015236 -0.003278
v 0.024218 -0.014807 -0.001999
v 0.023602 -0.017949 -0.001983
v 0.012164 -0.018050 -0.002972
v 0.025172 -0.017651 -0.001832
v 0.026441 -0.016957 -0.001667
v 0.027507 -0.016168 -0.001397
v 0.027082 -0.014448 -0.001658
v 0.028339 -0.014766 -0.001187
v 0.027530 -0.003969 -0.001588
v 0.028526 -0.003884 -0.001152
v 0.024271 -0.002980 -0.001993
v 0.011026 -0.017640 -0.003511
v 0.011125 -0.014501 -0.003781
v 0.011356 -0.005493 -0.003654
v 0.013938 -0.005820 -0.003455
v 0.013927 -0.002753 -0.003230
v 0.014767 0.005801 -0.003122
v 0.011152 0.006211 -0.003483
v 0.012389 0.013433 -0.003275
v 0.015616 0.013251 -0.002948
v 0.011926 0.014335 -0.003318
v 0.015743 0.017609 -0.002692
v 0.024429 0.005801 -0.001974
v 0.027577 0.005801 -0.001570
v 0.028576 0.005801 -0.000954
v 0.006733 0.017769 -0.003358
v 0.006453 0.014561 -0.003489
v 0.012106 0.017729 -0.003068
v 0.024655 0.013152 -0.001907
v 0.027765 0.013464 -0.001539
v 0.028410 0.013609 -0.001184
v 0.025781 0.016758 -0.001758
v 0.025876 0.017273 -0.001461
v 0.026977 0.016317 -0.001375
v 0.026681 0.015861 -0.001673
v 0.027331 0.014961 -0.001597
v 0.027923 0.015088 -0.001272
v 0.024122 0.017424 -0.001913
v 0.024079 0.017888 -0.001682
v 0.012279 0.018079 -0.002559
v 0.015707 0.018102 -0.002113
v 0.006920 0.018043 -0.002794
v -0.009049 -0.014942 0.004862
v -0.009360 -0.015172 0.004862
v -0.009100 -0.015351 0.004037
v -0.008769 -0.015039 0.004063
v -0.018247 -0.015105 0.004862
v -0.018463 -0.014882 0.004861
v -0.018446 -0.014831 0.003333
v -0.018248 -0.015045 0.003379
v -0.018468 -0.006050 0.004854
v -0.018529 -0.005866 0.003122
v -0.018313 -0.005558 0.003144
v -0.018256 -0.005636 0.004857
v -0.008844 -0.005915 0.004390
v -0.009006 -0.006058 0.004862
v -0.009048 -0.005583 0.004308
v -0.009188 -0.005713 0.004861
v -0.008896 -0.015750 0.003868
v -0.018546 -0.015534 0.002701
v -0.018972 -0.015072 0.002664
v -0.019025 -0.005689 0.002653
v -0.018572 -0.005101 0.002711
v -0.008904 -0.005368 0.004026
v -0.008622 -0.005820 0.004110
v -0.008397 -0.015236 0.003932
v -0.009018 -0.018161 0.003504
v -0.018286 -0.017949 0.002638
v -0.019856 -0.017651 0.002486
v -0.021125 -0.016957 0.002322
v -0.022191 -0.016168 0.002052
v -0.021766 -0.014448 0.002312
v -0.023023 -0.014766 0.001841
v -0.022214 -0.003969 0.002243
v -0.023210 -0.003884 0.001807
v -0.005710 -0.017640 0.004165
v -0.005808 -0.014501 0.004436
v -0.006040 -0.005493 0.004309
v -0.004794 -0.002991 0.004462
v -0.009451 0.005801 0.003777
v -0.005151 0.005730 0.004176
v -0.005836 0.006211 0.004138
v -0.007073 0.013433 0.003929
v -0.010300 0.013251 0.003602
v -0.006610 0.014335 0.003973
v -0.010427 0.017609 0.003347
v -0.019112 0.005801 0.002629
v -0.022261 0.005801 0.002225
v -0.023260 0.005801 0.001609
v -0.004399 -0.005477 0.004582
v -0.004145 -0.014804 0.004986
v -0.004096 -0.017020 0.005061
v -0.001417 0.017769 0.004013
v -0.001137 0.014561 0.004143
v 0.002658 0.014749 0.004163
v 0.002658 0.017759 0.004174
v -0.006790 0.017729 0.003722
v -0.019338 0.013152 0.002562
v -0.022449 0.013464 0.002194
v -0.023094 0.013609 0.001839
v -0.020465 0.016758 0.002413
v -0.020560 0.017273 0.002115
v -0.021661 0.016317 0.002029
v -0.021365 0.015861 0.002327
v -0.022015 0.014961 0.002251
v -0.022607 0.015088 0.001927
v -0.018806 0.017424 0.002567
v -0.018763 0.017888 0.002336
v -0.006963 0.018079 0.003214
v -0.010391 0.018102 0.002768
v -0.001604 0.018043 0.003449
v 0.002658 0.018061 0.003632
v 0.014253 -0.018118 0.003680
v 0.023602 -0.017949 0.002638
v 0.024218 -0.014807 0.002654
v 0.013713 -0.015236 0.003932
v 0.012165 -0.017955 0.003695
v 0.025172 -0.017651 0.002486
v 0.026441 -0.016957 0.002322
v 0.027507 -0.016168 0.002052
v 0.027082 -0.014448 0.002312
v 0.028339 -0.014766 0.001841
v 0.028526 -0.003884 0.001807
v 0.027530 -0.003969 0.002243
v 0.024271 -0.002980 0.002648
v 0.011026 -0.017640 0.004165
v 0.013938 -0.005820 0.004110
v 0.011356 -0.005493 0.004309
v 0.011125 -0.014501 0.004436
v 0.013927 -0.002753 0.003884
v 0.010110 -0.002991 0.004462
v 0.014767 0.005801 0.003777
v 0.011152 0.006211 0.004138
v 0.010467 0.005730 0.004176
v 0.012389 0.013433 0.003929
v 0.015616 0.013251 0.003602
v 0.011926 0.014335 0.003973
v 0.015743 0.017609 0.003347
v 0.024429 0.005801 0.002629
v 0.028576 0.005801 0.001609
v 0.027577 0.005801 0.002225
v 0.009715 -0.005477 0.004582
v 0.009461 -0.014804 0.004986
v 0.009412 -0.017020 0.005061
v 0.006733 0.017769 0.004013
v 0.006453 0.014561 0.004143
v 0.012106 0.017729 0.003722
v 0.024655 0.013152 0.002562
v 0.027765 0.013464 0.002194
v 0.028410 0.013609 0.001839
v 0.025781 0.016758 0.002413
v 0.026681 0.015861 0.002327
v 0.026977 0.016317 0.002029
v 0.025876 0.017273 0.002115
v 0.027331 0.014961 0.002251
v 0.027923 0.015088 0.001927
v 0.024122 0.017424 0.002567
v 0.024079 0.017888 0.002336
v 0.015707 0.018102 0.002768
v 0.012279 0.018079 0.003214
v 0.006920 0.018043 0.003449
v -0.005003 0.005885 -0.003225
v -0.005532 0.006245 -0.003208
v -0.005532 0.006245 0.003863
v -0.005003 0.005885 0.003880
v -0.006770 0.013450 -0.003000
v -0.006770 0.013450 0.003655
v -0.006485 0.014082 -0.003043
v -0.006485 0.014082 0.003698
v -0.001111 0.014257 -0.003196
v -0.001111 0.014257 0.003850
v 0.002658 0.014444 -0.003202
v 0.002658 0.014444 0.003857
v 0.006427 0.014257 -0.003196
v 0.006427 0.014257 0.003850
v 0.011801 0.014082 -0.003043
v 0.011801 0.014082 0.003698
v 0.012086 0.013450 -0.003000
v 0.012086 0.013450 0.003655
v 0.010848 0.006245 -0.003208
v 0.010848 0.006245 0.003863
v 0.010319 0.005885 -0.003225
v 0.010319 0.005885 0.003880
v -0.009667 -0.014343 0.004862
v -0.009937 -0.014544 0.004862
v -0.017652 -0.014485 0.004862
v -0.017840 -0.014291 0.004861
v -0.017844 -0.006624 0.004854
v -0.017660 -0.006265 0.004857
v -0.009630 -0.006631 0.004862
v -0.009788 -0.006331 0.004861
v -0.009832 -0.014184 0.003303
v -0.010091 -0.014376 0.003303
v -0.017494 -0.014320 0.003303
v -0.017674 -0.014134 0.003302
v -0.017678 -0.006777 0.003295
v -0.017501 -0.006433 0.003298
v -0.009797 -0.006784 0.003303
v -0.009948 -0.006496 0.003302
v -0.009932 -0.014549 -0.004991
v -0.009662 -0.014348 -0.004991
v -0.017845 -0.014296 -0.004991
v -0.017657 -0.014490 -0.004991
v -0.017849 -0.006619 -0.004990
v -0.017665 -0.006260 -0.004990
v -0.009625 -0.006627 -0.004991
v -0.009783 -0.006326 -0.004991
v -0.010136 -0.014328 -0.003332
v -0.009880 -0.014138 -0.003332
v -0.017626 -0.014089 -0.003332
v -0.017448 -0.014272 -0.003332
v -0.017630 -0.006821 -0.003331
v -0.017456 -0.006481 -0.003332
v -0.009845 -0.006828 -0.003332
v -0.009994 -0.006544 -0.003332
v 0.011040 -0.018761 0.002998
v 0.010642 -0.031563 0.003070
v -0.005346 -0.031429 0.003238
v -0.005685 -0.018453 0.003591
v -0.006920 -0.018061 0.003611
v -0.004220 -0.031540 0.005174
v -0.004223 -0.018804 0.005005
v 0.009545 -0.019179 0.005027
v 0.009519 -0.031511 0.005200
v 0.006577 0.057378 -0.011101
v 0.039331 0.072994 -0.024808
v -0.016071 0.111742 -0.019805
v -0.000849 0.047064 -0.006103
v 0.007786 0.052473 -0.010077
v 0.008862 0.059611 -0.003097
v 0.041616 0.075227 -0.016804
v -0.013787 0.113975 -0.011801
v 0.001436 0.049298 0.001900
v 0.010071 0.054707 -0.002074
v -0.001065 0.089755 -0.017953
v 0.019397 0.075172 -0.019725
v 0.003929 0.068117 -0.013341
v 0.001219 0.091988 -0.009950
v 0.021681 0.077406 -0.011722
v 0.006214 0.070350 -0.005338
v 0.002196 0.048220 -0.000730
v 0.002857 0.047194 0.000181
v 0.002132 0.046074 -0.000554
v 0.001471 0.047100 -0.001465
v 0.003878 0.047933 -0.002129
v 0.004448 0.046922 -0.001143
v 0.003632 0.045818 -0.001802
v 0.003062 0.046828 -0.002789
v 0.005531 0.047407 -0.003491
v 0.006013 0.046425 -0.002432
v 0.005108 0.045348 -0.003018
v 0.004626 0.046331 -0.004078
v 0.007137 0.046649 -0.004800
v 0.007532 0.045707 -0.003670
v 0.006541 0.044672 -0.004186
v 0.006146 0.045613 -0.005316
v 0.008675 0.045668 -0.006039
v 0.008988 0.044779 -0.004842
v 0.007914 0.043796 -0.005292
v 0.007601 0.044685 -0.006489
v 0.010128 0.044475 -0.007194
v 0.010362 0.043651 -0.005935
v 0.009210 0.042732 -0.006323
v 0.008976 0.043557 -0.007582
v 0.011477 0.043086 -0.008251
v 0.011639 0.042337 -0.006935
v 0.010414 0.041493 -0.007265
v 0.010252 0.042243 -0.008582
v 0.012706 0.041518 -0.009197
v 0.012802 0.040852 -0.007830
v 0.011511 0.040093 -0.008109
v 0.011416 0.040758 -0.009476
v 0.013801 0.039788 -0.010019
v 0.013837 0.039216 -0.008608
v 0.012488 0.038549 -0.008843
v 0.012451 0.039122 -0.010255
v 0.014747 0.037919 -0.010709
v 0.014733 0.037447 -0.009261
v 0.013332 0.036881 -0.009459
v 0.013346 0.037353 -0.010908
v 0.015534 0.035933 -0.011259
v 0.015477 0.035568 -0.009781
v 0.014034 0.035109 -0.009949
v 0.014091 0.035474 -0.011427
v 0.016151 0.033854 -0.011660
v 0.016061 0.033600 -0.010160
v 0.014585 0.033253 -0.010307
v 0.014675 0.033506 -0.011807
v 0.016592 0.031707 -0.011909
v 0.016478 0.031569 -0.010396
v 0.014979 0.031337 -0.010529
v 0.015092 0.031475 -0.012042
v 0.016851 0.029518 -0.012002
v 0.016724 0.029498 -0.010484
v 0.015210 0.029384 -0.010613
v 0.015337 0.029404 -0.012130
v 0.016925 0.027314 -0.011938
v 0.016793 0.027413 -0.010424
v 0.015276 0.027418 -0.010556
v 0.015407 0.027319 -0.012070
v 0.016813 0.025122 -0.011719
v 0.016687 0.025339 -0.010216
v 0.015176 0.025462 -0.010360
v 0.015301 0.025245 -0.011863
v 0.016516 0.022968 -0.011346
v 0.016406 0.023301 -0.009864
v 0.014911 0.023540 -0.010027
v 0.015020 0.023207 -0.011510
v 0.016038 0.020879 -0.010825
v 0.015954 0.021324 -0.009370
v 0.014484 0.021675 -0.009562
v 0.014568 0.021230 -0.011017
v 0.015384 0.018880 -0.010161
v 0.015336 0.019432 -0.008742
v 0.013901 0.019891 -0.008970
v 0.013950 0.019338 -0.010388
v 0.014564 0.016994 -0.009362
v 0.014560 0.017648 -0.007987
v 0.013169 0.018208 -0.008257
v 0.013173 0.017554 -0.009633
v 0.013586 0.015246 -0.008439
v 0.013634 0.015993 -0.007113
v 0.012296 0.016648 -0.007433
v 0.012248 0.015900 -0.008760
v 0.012463 0.013655 -0.007403
v 0.012571 0.014489 -0.006132
v 0.011294 0.015228 -0.006508
v 0.011185 0.014395 -0.007779
v 0.011207 0.012242 -0.006265
v 0.011384 0.013152 -0.005056
v 0.010174 0.013967 -0.005493
v 0.009997 0.013058 -0.006703
v 0.009835 0.011024 -0.005041
v 0.010085 0.011999 -0.003898
v 0.008949 0.012880 -0.004401
v 0.008699 0.011905 -0.005544
v 0.008364 0.010015 -0.003744
v 0.008693 0.011044 -0.002671
v 0.007636 0.011980 -0.003244
v 0.007307 0.010950 -0.004317
v 0.006810 0.009228 -0.002391
v 0.007222 0.010299 -0.001390
v 0.006249 0.011277 -0.002036
v 0.005836 0.010206 -0.003037
v 0.005192 0.008672 -0.000998
v 0.005692 0.009773 -0.000072
v 0.004806 0.010781 -0.000793
v 0.004306 0.009679 -0.001718
v 0.003532 0.008354 0.000419
v 0.004121 0.009472 0.001268
v 0.003324 0.010497 0.000471
v 0.002735 0.009378 -0.000378
v 0.001847 0.008277 0.001841
v 0.002527 0.009400 0.002614
v 0.001821 0.010429 0.001741
v 0.001141 0.009306 0.000968
v 0.000160 0.008444 0.003252
v 0.000931 0.009558 0.003949
v 0.000315 0.010578 0.003000
v -0.000456 0.009464 0.002303
v -0.001510 0.008851 0.004635
v -0.000649 0.009943 0.005257
v -0.001175 0.010941 0.004234
v -0.002036 0.009849 0.003611
v -0.003142 0.009494 0.005972
v -0.002194 0.010551 0.006523
v -0.002632 0.011515 0.005427
v -0.003580 0.010458 0.004876
v -0.004716 0.010365 0.007248
v -0.003683 0.011376 0.007730
v -0.004037 0.012292 0.006566
v -0.005070 0.011282 0.006084
v -0.006214 0.011453 0.008447
v -0.005101 0.012405 0.008865
v -0.005373 0.013264 0.007636
v -0.006487 0.012312 0.007218
v -0.007617 0.012746 0.009554
v -0.006428 0.013628 0.009913
v -0.006625 0.014417 0.008624
v -0.007814 0.013535 0.008266
v -0.008908 0.014227 0.010557
v -0.007650 0.015030 0.010861
v -0.007778 0.015739 0.009519
v -0.009036 0.014936 0.009215
v -0.010072 0.015879 0.011442
v -0.008751 0.016593 0.011699
v -0.008816 0.017213 0.010309
v -0.010137 0.016499 0.010053
v -0.011094 0.017681 0.012200
v -0.009718 0.018298 0.012416
v -0.009728 0.018821 0.010985
v -0.011104 0.018204 0.010769
v -0.011962 0.019612 0.012821
v -0.010539 0.020125 0.013003
v -0.010502 0.020544 0.011539
v -0.011925 0.020031 0.011357
v -0.012665 0.021647 0.013297
v -0.011204 0.022051 0.013453
v -0.011130 0.022361 0.011964
v -0.012590 0.021957 0.011807
v -0.013195 0.023764 0.013622
v -0.011706 0.024053 0.013761
v -0.011603 0.024249 0.012254
v -0.013092 0.023959 0.012115
v -0.013545 0.025935 0.013793
v -0.012037 0.026108 0.013923
v -0.011916 0.026187 0.012407
v -0.013424 0.026014 0.012277
v -0.013712 0.028134 0.013808
v -0.012195 0.028189 0.013938
v -0.012064 0.028149 0.012420
v -0.013581 0.028095 0.012291
v -0.013693 0.030335 0.013667
v -0.012177 0.030272 0.013803
v -0.012047 0.030114 0.012294
v -0.013563 0.030178 0.012157
v -0.013488 0.032512 0.013370
v -0.011983 0.032331 0.013523
v -0.011864 0.032056 0.012029
v -0.013369 0.032237 0.011876
v -0.013100 0.034636 0.012922
v -0.011616 0.034341 0.013099
v -0.011518 0.033952 0.011630
v -0.013002 0.034247 0.011453
v -0.012533 0.036684 0.012329
v -0.011080 0.036279 0.012537
v -0.011013 0.035779 0.011100
v -0.012466 0.036185 0.010891
v -0.011795 0.038629 0.011596
v -0.010382 0.038119 0.011845
v -0.010354 0.037515 0.010446
v -0.011768 0.038025 0.010198
v -0.010895 0.040449 0.010734
v -0.009529 0.039841 0.011029
v -0.009550 0.039139 0.009677
v -0.010916 0.039747 0.009382
v -0.009843 0.042121 0.009753
v -0.008534 0.041423 0.010100
v -0.008611 0.040631 0.008801
v -0.009920 0.041329 0.008454
v -0.008651 0.043625 0.008664
v -0.007407 0.042846 0.009070
v -0.007548 0.041974 0.007830
v -0.008793 0.042752 0.007424
v -0.007336 0.044943 0.007482
v -0.006162 0.044093 0.007951
v -0.006374 0.043149 0.006775
v -0.007548 0.043999 0.006305
v -0.005912 0.046058 0.006219
v -0.004815 0.045148 0.006757
v -0.005104 0.044145 0.005648
v -0.006201 0.045055 0.005110
v -0.004397 0.046958 0.004892
v -0.003381 0.045999 0.005501
v -0.003751 0.044947 0.004464
v -0.004767 0.045906 0.003855
v -0.002809 0.047630 0.003517
v -0.001878 0.046636 0.004200
v -0.002334 0.045548 0.003236
v -0.003264 0.046542 0.002553
v -0.001167 0.048068 0.002110
v -0.000325 0.047050 0.002869
v -0.000869 0.045938 0.001981
v -0.001711 0.046956 0.001222
v 0.000508 0.048265 0.000688
v 0.001260 0.047237 0.001523
v 0.000626 0.046114 0.000712
v -0.000126 0.047143 -0.000123
vn -0.0529 0.7415 -0.6689
vn -0.8118 0.5667 0.1410
vn -0.7413 0.6268 0.2401
vn 0.1385 0.9054 -0.4014
vn -0.4892 -0.3838 0.7832
vn -0.6390 -0.5121 0.5739
vn 0.5724 -0.7765 0.2635
vn 0.4229 -0.9046 0.0540
vn 0.7728 -0.0197 -0.6344
vn 0.8433 0.0409 -0.5359
vn -0.6777 0.6421 0.3584
vn 0.3112 0.9470 -0.0799
vn -0.7744 -0.5444 0.3223
vn 0.2875 -0.9372 -0.1975
vn 0.9070 0.0563 -0.4173
vn -0.6294 0.6103 0.4809
vn 0.4419 0.8608 0.2525
vn -0.8766 -0.4771 0.0622
vn 0.1850 -0.8699 -0.4572
vn 0.9552 0.0245 -0.2948
vn -0.6030 0.5358 0.5910
vn 0.5130 0.6583 0.5509
vn -0.9324 -0.3185 -0.1709
vn 0.1290 -0.7113 -0.6910
vn 0.9815 -0.0503 -0.1847
vn -0.6025 0.4282 0.6735
vn 0.5150 0.3667 0.7748
vn -0.9337 -0.0906 -0.3464
vn 0.1280 -0.4835 -0.8660
vn 0.9822 -0.1580 -0.1020
vn -0.6274 0.3025 0.7175
vn 0.4471 0.0259 0.8941
vn -0.8806 0.1762 -0.4399
vn 0.1809 -0.2166 -0.9594
vn 0.9572 -0.2836 -0.0578
vn -0.6747 0.1757 0.7169
vn 0.3191 -0.3185 0.8926
vn -0.7806 0.4456 -0.4383
vn 0.2814 0.0529 -0.9581
vn 0.9100 -0.4104 -0.0587
vn -0.7378 0.0643 0.6719
vn 0.1477 -0.6201 0.7705
vn -0.6467 0.6813 -0.3430
vn 0.4150 0.2890 -0.8627
vn 0.8469 -0.5215 -0.1039
vn -0.8084 -0.0158 0.5884
vn -0.0429 -0.8379 0.5442
vn -0.4970 0.8517 -0.1661
vn 0.5649 0.4589 -0.6858
vn 0.7762 -0.6021 -0.1870
vn -0.8767 -0.0546 0.4780
vn -0.2288 -0.9422 0.2446
vn -0.3523 0.9334 0.0686
vn 0.7098 0.5409 -0.4513
vn 0.7079 -0.6405 -0.2976
vn -0.9335 -0.0461 0.3555
vn -0.3831 -0.9195 -0.0880
vn -0.2313 0.9156 0.3288
vn 0.8305 0.5233 -0.1909
vn 0.6512 -0.6319 -0.4203
vn -0.9714 0.0082 0.2371
vn -0.4858 -0.7725 -0.4088
vn -0.1509 0.8008 0.5796
vn 0.9109 0.4082 0.0598
vn 0.6133 -0.5777 -0.5386
vn -0.9851 0.1008 0.1390
vn -0.5228 -0.5213 -0.6744
vn -0.1219 0.6043 0.7874
vn 0.9400 0.2115 0.2677
vn 0.5994 -0.4852 -0.6366
vn -0.9728 0.2194 0.0748
vn -0.4894 -0.1997 -0.8489
vn -0.1480 0.3525 0.9240
vn 0.9138 -0.0404 0.4042
vn 0.6119 -0.3668 -0.7007
vn -0.9360 0.3479 0.0525
vn -0.3896 0.1489 -0.9089
vn -0.2260 0.0798 0.9709
vn 0.8358 -0.3131 0.4511
vn 0.6485 -0.2381 -0.7230
vn -0.8799 0.4691 0.0759
vn -0.2374 0.4774 -0.8460
vn -0.3448 -0.1773 0.9218
vn 0.7166 -0.5699 0.4021
vn 0.7048 -0.1170 -0.6997
vn 0.0298 0.9962 -0.0819
vn 0.6439 0.0682 0.7620
vn 0.6460 0.0677 0.7603
vn 0.1139 0.9819 -0.1515
vn -0.0298 -0.9962 0.0819
vn -0.1137 -0.9818 0.1519
vn -0.6424 -0.0189 -0.7661
vn -0.6405 -0.0193 -0.7677
vn 0.6481 0.0674 0.7585
vn 0.1964 0.9556 -0.2197
vn -0.1963 -0.9556 0.2199
vn -0.6383 -0.0197 -0.7695
vn 0.6500 0.0662 0.7570
vn 0.2766 0.9177 -0.2851
vn -0.2766 -0.9177 0.2852
vn -0.6364 -0.0209 -0.7711
vn 0.6520 0.0650 0.7554
vn 0.3534 0.8687 -0.3470
vn -0.3535 -0.8687 0.3471
vn -0.6345 -0.0220 -0.7726
vn 0.6538 0.0636 0.7540
vn 0.4261 0.8092 -0.4046
vn -0.4261 -0.8092 0.4046
vn -0.6325 -0.0233 -0.7742
vn 0.6556 0.0621 0.7526
vn 0.4934 0.7398 -0.4575
vn -0.4932 -0.7398 0.4576
vn -0.6309 -0.0251 -0.7754
vn 0.6571 0.0601 0.7514
vn 0.5546 0.6614 -0.5049
vn -0.5547 -0.6614 0.5048
vn -0.6295 -0.0272 -0.7765
vn 0.6583 0.0579 0.7505
vn 0.6096 0.5750 -0.5456
vn -0.6093 -0.5749 0.5461
vn -0.6281 -0.0292 -0.7776
vn 0.6596 0.0555 0.7496
vn 0.6568 0.4817 -0.5801
vn -0.6566 -0.4817 0.5804
vn -0.6270 -0.0316 -0.7784
vn 0.6606 0.0531 0.7489
vn 0.6960 0.3824 -0.6078
vn -0.6959 -0.3824 0.6078
vn -0.6260 -0.0340 -0.7791
vn 0.6613 0.0508 0.7484
vn 0.7268 0.2785 -0.6278
vn -0.7268 -0.2785 0.6278
vn -0.6253 -0.0367 -0.7795
vn 0.6618 0.0478 0.7482
vn 0.7487 0.1714 -0.6403
vn -0.7486 -0.1715 0.6404
vn -0.6249 -0.0394 -0.7797
vn 0.6622 0.0451 0.7480
vn 0.7617 0.0620 -0.6450
vn -0.7618 -0.0621 0.6449
vn -0.6246 -0.0421 -0.7798
vn 0.6620 0.0424 0.7483
vn 0.7655 -0.0480 -0.6416
vn -0.7654 0.0480 0.6418
vn -0.6244 -0.0447 -0.7798
vn 0.6619 0.0397 0.7485
vn 0.7600 -0.1574 -0.6306
vn -0.7597 0.1575 0.6309
vn -0.6244 -0.0474 -0.7796
vn 0.6617 0.0370 0.7489
vn 0.7452 -0.2650 -0.6119
vn -0.7448 0.2651 0.6124
vn -0.6249 -0.0500 -0.7791
vn 0.6610 0.0343 0.7496
vn 0.7211 -0.3695 -0.5860
vn -0.7212 0.3694 0.5860
vn -0.6253 -0.0527 -0.7786
vn 0.6604 0.0319 0.7503
vn 0.6883 -0.4694 -0.5531
vn -0.6887 0.4692 0.5528
vn -0.6262 -0.0553 -0.7777
vn 0.6592 0.0297 0.7514
vn 0.6476 -0.5635 -0.5130
vn -0.6476 0.5635 0.5129
vn -0.6271 -0.0575 -0.7768
vn 0.6578 0.0274 0.7527
vn 0.5988 -0.6508 -0.4668
vn -0.5985 0.6509 0.4671
vn -0.6284 -0.0597 -0.7756
vn 0.6566 0.0256 0.7538
vn 0.5427 -0.7302 -0.4151
vn -0.5428 0.7302 0.4150
vn -0.6299 -0.0616 -0.7742
vn 0.6550 0.0236 0.7553
vn 0.4799 -0.8009 -0.3582
vn -0.4799 0.8008 0.3583
vn -0.6314 -0.0632 -0.7729
vn 0.6534 0.0222 0.7567
vn 0.4113 -0.8617 -0.2973
vn -0.4115 0.8616 0.2972
vn -0.6331 -0.0649 -0.7714
vn 0.6517 0.0209 0.7582
vn 0.3380 -0.9120 -0.2323
vn -0.3379 0.9121 0.2324
vn -0.6350 -0.0659 -0.7697
vn 0.6496 0.0199 0.7600
vn 0.2602 -0.9514 -0.1647
vn -0.2602 0.9514 0.1649
vn -0.6368 -0.0670 -0.7681
vn 0.6477 0.0192 0.7616
vn 0.1793 -0.9792 -0.0954
vn -0.1796 0.9791 0.0953
vn -0.6388 -0.0676 -0.7664
vn 0.6457 0.0188 0.7633
vn 0.0967 -0.9950 -0.0244
vn -0.0966 0.9950 0.0244
vn -0.6408 -0.0685 -0.7646
vn 0.6436 0.0187 0.7652
vn 0.0123 -0.9988 0.0465
vn -0.0122 0.9988 -0.0466
vn -0.6428 -0.0684 -0.7629
vn 0.6415 0.0191 0.7669
vn -0.0719 -0.9905 0.1170
vn 0.0720 0.9905 -0.1171
vn -0.6450 -0.0680 -0.7612
vn 0.6394 0.0196 0.7687
vn -0.1552 -0.9702 0.1861
vn 0.1552 0.9702 -0.1862
vn -0.6470 -0.0677 -0.7594
vn 0.6375 0.0206 0.7702
vn -0.2369 -0.9380 0.2529
vn 0.2368 0.9381 -0.2529
vn -0.6491 -0.0666 -0.7578
vn 0.6353 0.0213 0.7719
vn -0.3154 -0.8946 0.3166
vn 0.3155 0.8945 -0.3166
vn -0.6511 -0.0657 -0.7562
vn 0.6335 0.0225 0.7734
vn -0.3903 -0.8402 0.3764
vn 0.3902 0.8402 -0.3765
vn -0.6528 -0.0642 -0.7548
vn 0.6316 0.0242 0.7749
vn -0.4603 -0.7756 0.4319
vn 0.4604 0.7757 -0.4316
vn -0.6546 -0.0626 -0.7534
vn 0.6302 0.0262 0.7760
vn -0.5249 -0.7016 0.4819
vn 0.5248 0.7017 -0.4819
vn -0.6560 -0.0606 -0.7524
vn 0.6288 0.0282 0.7771
vn -0.5831 -0.6192 0.5259
vn 0.5830 0.6191 -0.5262
vn -0.6577 -0.0590 -0.7510
vn 0.6275 0.0303 0.7780
vn -0.6340 -0.5292 0.5638
vn 0.6340 0.5292 -0.5640
vn -0.6589 -0.0566 -0.7501
vn 0.6265 0.0328 0.7787
vn -0.6774 -0.4327 0.5949
vn 0.6774 0.4328 -0.5949
vn -0.6600 -0.0542 -0.7493
vn 0.6257 0.0356 0.7792
vn -0.7124 -0.3310 0.6188
vn 0.7125 0.3311 -0.6187
vn -0.6607 -0.0518 -0.7488
vn 0.6249 0.0381 0.7797
vn -0.7389 -0.2253 0.6350
vn 0.7389 0.2253 -0.6351
vn -0.6616 -0.0492 -0.7483
vn 0.6247 0.0406 0.7798
vn -0.7564 -0.1169 0.6436
vn 0.7564 0.1168 -0.6437
vn -0.6621 -0.0465 -0.7479
vn 0.6241 0.0433 0.7801
vn -0.7648 -0.0072 0.6442
vn 0.7647 0.0071 -0.6443
vn -0.6621 -0.0437 -0.7481
vn 0.6243 0.0461 0.7798
vn -0.7638 0.1029 0.6372
vn 0.7639 -0.1029 -0.6371
vn -0.6621 -0.0410 -0.7483
vn 0.6245 0.0489 0.7795
vn -0.7536 0.2117 0.6223
vn 0.7536 -0.2116 -0.6223
vn -0.6617 -0.0383 -0.7488
vn 0.6250 0.0515 0.7789
vn -0.7343 0.3178 0.5999
vn 0.7344 -0.3176 -0.5999
vn -0.6614 -0.0356 -0.7492
vn 0.6258 0.0540 0.7781
vn -0.7057 0.4200 0.5706
vn 0.7059 -0.4201 -0.5703
vn -0.6608 -0.0332 -0.7498
vn 0.6265 0.0564 0.7774
vn -0.6690 0.5172 0.5338
vn 0.6689 -0.5174 -0.5337
vn -0.6600 -0.0308 -0.7507
vn 0.6278 0.0587 0.7762
vn -0.6241 0.6080 0.4907
vn 0.6241 -0.6081 -0.4906
vn -0.6587 -0.0285 -0.7518
vn 0.6291 0.0608 0.7749
vn -0.5715 0.6916 0.4416
vn 0.5714 -0.6917 -0.4416
vn -0.6573 -0.0264 -0.7532
vn 0.6305 0.0625 0.7737
vn -0.5120 0.7667 0.3874
vn 0.5122 -0.7666 -0.3872
vn -0.6558 -0.0246 -0.7545
vn 0.6322 0.0642 0.7722
vn -0.4463 0.8324 0.3285
vn 0.4463 -0.8325 -0.3283
vn -0.6543 -0.0231 -0.7559
vn 0.6340 0.0656 0.7706
vn -0.3752 0.8882 0.2653
vn 0.3751 -0.8882 -0.2653
vn -0.6526 -0.0215 -0.7574
vn 0.6358 0.0666 0.7690
vn -0.2995 0.9331 0.1989
vn 0.2995 -0.9331 -0.1988
vn -0.6506 -0.0204 -0.7591
vn 0.6377 0.0676 0.7673
vn -0.2203 0.9667 0.1301
vn 0.2200 -0.9668 -0.1303
vn -0.6486 -0.0198 -0.7608
vn 0.6398 0.0682 0.7655
vn -0.1382 0.9886 0.0599
vn 0.1383 -0.9886 -0.0598
vn -0.6467 -0.0192 -0.7625
vn 0.6420 0.0686 0.7637
vn -0.0546 0.9984 -0.0112
vn 0.0546 -0.9984 0.0111
vn -0.6446 -0.0188 -0.7643
vn -0.0170 0.5747 -0.8182
vn -0.0242 0.9976 -0.0643
vn 0.0391 0.9972 -0.0635
vn 0.0043 0.5916 -0.8062
vn -0.9978 0.0278 -0.0600
vn 0.9974 0.0212 -0.0692
vn 0.0601 0.0087 -0.9982
vn -0.0774 0.0091 -0.9970
vn -0.0723 0.0009 -0.9974
vn -0.9976 -0.0252 -0.0647
vn -0.0167 -0.5600 -0.8283
vn -0.0380 -0.9976 -0.0577
vn 0.0011 -0.5461 -0.8377
vn 0.0156 -0.9981 -0.0596
vn 0.9968 -0.0370 -0.0709
vn 0.0596 0.0006 -0.9982
vn -0.0254 0.9990 -0.0365
vn 0.0427 0.9984 -0.0373
vn -0.9990 0.0301 -0.0336
vn 0.9990 0.0220 -0.0389
vn -0.9990 -0.0294 -0.0342
vn -0.0395 -0.9988 -0.0305
vn 0.0187 -0.9994 -0.0300
vn 0.9985 -0.0394 -0.0388
vn -0.0171 0.5746 0.8183
vn 0.0042 0.5917 0.8062
vn 0.0389 0.9972 0.0635
vn -0.0243 0.9976 0.0643
vn -0.9978 0.0278 0.0600
vn -0.0775 0.0090 0.9970
vn 0.9974 0.0212 0.0692
vn -0.9976 -0.0252 0.0647
vn -0.0723 0.0009 0.9974
vn -0.0167 -0.5600 0.8283
vn -0.0380 -0.9976 0.0577
vn 0.0155 -0.9981 0.0596
vn 0.0011 -0.5460 0.8378
vn 0.9968 -0.0370 0.0707
vn 0.0595 0.0005 0.9982
vn 0.0600 0.0087 0.9982
vn 0.0427 0.9984 0.0373
vn -0.0254 0.9990 0.0365
vn -0.9990 0.0300 0.0336
vn 0.9990 0.0220 0.0389
vn -0.9990 -0.0294 0.0342
vn -0.0395 -0.9988 0.0305
vn 0.0189 -0.9994 0.0300
vn 0.9985 -0.0394 0.0388
vn 0.7971 -0.0063 -0.6038
vn 0.0998 0.0197 -0.9948
vn 0.0971 0.0206 -0.9951
vn 0.7908 -0.0374 -0.6109
vn -0.1089 0.0193 -0.9939
vn -0.0923 0.0204 -0.9955
vn -0.7742 -0.0066 -0.6330
vn -0.7678 -0.0286 -0.6401
vn 0.9867 -0.0405 -0.1574
vn 0.9301 -0.0414 -0.3650
vn -0.0233 -0.9622 -0.2715
vn -0.0003 -0.9994 -0.0342
vn -0.0487 -0.9984 -0.0277
vn -0.0782 -0.9635 -0.2561
vn -0.9793 -0.0252 -0.2009
vn -0.9996 -0.0270 -0.0081
vn -0.9762 0.0219 -0.2155
vn -0.9998 0.0176 -0.0106
vn -0.0751 0.9660 -0.2475
vn -0.0477 0.9973 -0.0551
vn 0.9879 0.0165 -0.1544
vn 0.9434 0.0197 -0.3310
vn 0.0254 0.9980 -0.0575
vn 0.0045 0.9760 -0.2175
vn -0.0773 -0.6686 -0.7396
vn -0.1327 -0.6743 -0.7265
vn -0.7414 -0.0243 -0.6706
vn -0.7385 0.0205 -0.6740
vn -0.1265 0.6979 -0.7049
vn -0.0586 0.7179 -0.6937
vn 0.5713 0.0156 -0.8206
vn 0.5382 -0.0378 -0.8420
vn -0.1032 -0.0599 -0.9929
vn -0.1157 -0.0558 -0.9917
vn -0.1149 -0.0538 -0.9919
vn -0.1229 -0.0789 -0.9893
vn -0.1623 -0.2183 -0.9623
vn -0.1210 -0.0286 -0.9922
vn -0.1294 -0.0053 -0.9916
vn -0.1657 -0.0360 -0.9855
vn -0.1889 -0.0424 -0.9811
vn -0.2002 -0.0055 -0.9797
vn -0.3704 -0.0103 -0.9288
vn -0.4189 0.0003 -0.9080
vn -0.2098 0.0006 -0.9777
vn -0.1262 0.0007 -0.9920
vn -0.1483 -0.0418 -0.9881
vn -0.1272 -0.0035 -0.9919
vn -0.1650 0.0060 -0.9863
vn -0.2028 -0.0060 -0.9792
vn -0.1207 0.0116 -0.9926
vn -0.0269 0.0322 -0.9991
vn -0.1265 0.0072 -0.9919
vn -0.1173 0.0110 -0.9930
vn -0.0192 0.0257 -0.9995
vn -0.0258 0.0500 -0.9984
vn -0.0513 0.0289 -0.9983
vn -0.1105 0.0176 -0.9937
vn -0.0660 0.0108 -0.9978
vn -0.1043 0.1349 -0.9853
vn -0.1230 0.0066 -0.9924
vn -0.4834 -0.0002 -0.8754
vn -0.2127 0.0015 -0.9771
vn -0.0215 0.0418 -0.9989
vn -0.0288 0.0360 -0.9989
vn -0.3666 -0.1152 -0.9232
vn 0.0227 0.0419 -0.9989
vn 0.0321 0.0359 -0.9988
vn 0.0232 0.0325 -0.9992
vn 0.0253 0.0494 -0.9985
vn -0.0363 0.1847 -0.9821
vn -0.0000 0.1801 -0.9836
vn -0.0000 -0.0635 -0.9980
vn -0.0304 -0.0460 -0.9985
vn -0.0585 0.2269 -0.9722
vn -0.1140 0.0135 -0.9934
vn -0.2296 0.0022 -0.9733
vn -0.5031 0.0033 -0.8642
vn -0.1414 0.0770 -0.9869
vn -0.1559 0.0505 -0.9865
vn -0.4186 0.3113 -0.8532
vn -0.3107 0.4170 -0.8541
vn -0.1919 0.0369 -0.9807
vn -0.4550 0.1520 -0.8774
vn -0.1067 0.1051 -0.9887
vn -0.0945 0.6255 -0.7745
vn -0.0744 0.6925 -0.7176
vn -0.0559 0.8212 -0.5679
vn -0.0235 0.8693 -0.4938
vn -0.0000 0.8855 -0.4645
vn 0.1069 -0.0491 -0.9931
vn 0.1264 -0.0330 -0.9914
vn 0.1263 -0.0091 -0.9920
vn 0.1165 -0.0447 -0.9922
vn 0.1644 -0.1597 -0.9734
vn 0.1173 -0.0191 -0.9929
vn 0.1573 -0.0320 -0.9870
vn 0.1804 -0.0403 -0.9828
vn 0.1916 -0.0053 -0.9815
vn 0.3704 -0.0103 -0.9288
vn 0.2042 0.0003 -0.9789
vn 0.4189 0.0003 -0.9080
vn 0.1258 0.0055 -0.9920
vn 0.3721 -0.1139 -0.9212
vn 0.2077 -0.0132 -0.9781
vn 0.1626 0.0140 -0.9866
vn 0.1327 0.0073 -0.9911
vn 0.1252 0.0101 -0.9921
vn 0.1157 0.0061 -0.9933
vn 0.0193 0.0258 -0.9995
vn 0.0513 0.0289 -0.9983
vn 0.1105 0.0176 -0.9937
vn 0.0660 0.0107 -0.9978
vn 0.1043 0.1349 -0.9853
vn 0.1191 0.0032 -0.9929
vn 0.2180 0.0012 -0.9759
vn 0.4835 -0.0002 -0.8753
vn 0.0363 0.1847 -0.9821
vn 0.0304 -0.0460 -0.9985
vn 0.0609 0.2267 -0.9721
vn 0.1140 0.0135 -0.9934
vn 0.2296 0.0022 -0.9733
vn 0.5031 0.0033 -0.8642
vn 0.1414 0.0770 -0.9869
vn 0.3107 0.4170 -0.8541
vn 0.4184 0.3115 -0.8532
vn 0.1560 0.0505 -0.9865
vn 0.1919 0.0369 -0.9807
vn 0.4550 0.1520 -0.8774
vn 0.1068 0.1049 -0.9887
vn 0.0945 0.6255 -0.7745
vn 0.0559 0.8212 -0.5679
vn 0.0744 0.6925 -0.7176
vn 0.0235 0.8693 -0.4938
vn 0.9414 -0.0479 0.3338
vn -0.0060 -0.9984 0.0566
vn -0.0373 -0.9166 0.3981
vn 0.8061 -0.0424 0.5902
vn -0.0516 -0.9976 0.0463
vn -0.9996 -0.0265 0.0120
vn -0.9641 -0.0251 0.2643
vn -0.0896 -0.9294 0.3581
vn -0.9997 0.0174 0.0157
vn -0.9580 0.0229 0.2858
vn -0.0899 0.9317 0.3520
vn -0.0573 0.9941 0.0926
vn 0.8235 0.0149 0.5671
vn 0.9439 0.0093 0.3302
vn -0.0116 0.9431 0.3323
vn 0.0143 0.9952 0.0972
vn -0.0773 -0.6686 0.7396
vn -0.1327 -0.6743 0.7265
vn -0.7415 -0.0243 0.6706
vn -0.7384 0.0205 0.6740
vn -0.1264 0.6979 0.7049
vn -0.0588 0.7179 0.6936
vn 0.5712 0.0156 0.8207
vn 0.5382 -0.0378 0.8420
vn -0.1025 -0.0960 0.9901
vn -0.1202 -0.1106 0.9866
vn -0.1083 -0.0816 0.9908
vn -0.1084 -0.0864 0.9903
vn -0.1210 -0.0286 0.9922
vn -0.1294 -0.0053 0.9916
vn -0.1657 -0.0360 0.9855
vn -0.1889 -0.0424 0.9811
vn -0.2002 -0.0055 0.9797
vn -0.3704 -0.0103 0.9288
vn -0.2098 0.0006 0.9777
vn -0.4189 0.0003 0.9080
vn -0.1263 0.0007 0.9920
vn -0.1484 -0.0425 0.9880
vn -0.3741 -0.1436 0.9162
vn -0.1927 -0.0055 0.9812
vn -0.1661 0.0062 0.9861
vn -0.1272 -0.0035 0.9919
vn -0.0269 0.0322 0.9991
vn -0.1207 0.0116 0.9926
vn -0.1265 0.0072 0.9919
vn -0.1173 0.0110 0.9930
vn -0.0258 0.0498 0.9984
vn -0.0192 0.0257 0.9995
vn -0.0513 0.0289 0.9983
vn -0.1105 0.0176 0.9937
vn -0.0660 0.0108 0.9978
vn -0.1043 0.1349 0.9853
vn -0.1230 0.0066 0.9924
vn -0.2126 0.0015 0.9771
vn -0.4834 -0.0002 0.8754
vn -0.0223 0.0423 0.9989
vn -0.0301 0.0377 0.9988
vn -0.0521 -0.0026 0.9986
vn -0.0363 0.1846 0.9821
vn -0.0304 -0.0460 0.9985
vn -0.0000 -0.0635 0.9980
vn -0.0000 0.1801 0.9836
vn -0.0609 0.2267 0.9720
vn -0.1140 0.0134 0.9934
vn -0.2296 0.0022 0.9733
vn -0.5031 0.0033 0.8642
vn -0.1414 0.0771 0.9869
vn -0.3107 0.4170 0.8541
vn -0.4184 0.3116 0.8531
vn -0.1559 0.0505 0.9865
vn -0.1919 0.0369 0.9807
vn -0.4550 0.1520 0.8774
vn -0.1068 0.1051 0.9887
vn -0.0945 0.6255 0.7745
vn -0.0559 0.8212 0.5679
vn -0.0744 0.6925 0.7176
vn -0.0235 0.8693 0.4938
vn -0.0000 0.8855 0.4646
vn 0.1093 -0.0486 0.9928
vn 0.1165 -0.0447 0.9922
vn 0.1263 -0.0091 0.9920
vn 0.1233 -0.0288 0.9920
vn 0.1522 -0.2584 0.9540
vn 0.1172 -0.0192 0.9929
vn 0.1573 -0.0320 0.9870
vn 0.1804 -0.0403 0.9828
vn 0.1916 -0.0053 0.9815
vn 0.3704 -0.0103 0.9288
vn 0.4189 0.0003 0.9080
vn 0.2042 0.0003 0.9789
vn 0.1258 0.0055 0.9920
vn 0.4511 -0.1869 0.8727
vn 0.1327 0.0073 0.9911
vn 0.1632 0.0140 0.9865
vn 0.1927 -0.0055 0.9812
vn 0.1252 0.0101 0.9921
vn 0.0232 0.0325 0.9992
vn 0.1157 0.0061 0.9933
vn 0.0192 0.0257 0.9995
vn 0.0253 0.0494 0.9985
vn 0.0513 0.0289 0.9983
vn 0.1105 0.0176 0.9937
vn 0.0660 0.0108 0.9978
vn 0.1043 0.1349 0.9853
vn 0.1191 0.0032 0.9929
vn 0.4834 -0.0002 0.8754
vn 0.2180 0.0012 0.9759
vn 0.0223 0.0423 0.9989
vn 0.0301 0.0376 0.9988
vn 0.0610 -0.0072 0.9981
vn 0.0363 0.1846 0.9821
vn 0.0304 -0.0460 0.9985
vn 0.0584 0.2268 0.9722
vn 0.1140 0.0134 0.9934
vn 0.2296 0.0022 0.9733
vn 0.5031 0.0033 0.8642
vn 0.1414 0.0770 0.9870
vn 0.1560 0.0505 0.9865
vn 0.4185 0.3113 0.8532
vn 0.3107 0.4170 0.8541
vn 0.1920 0.0369 0.9807
vn 0.4550 0.1520 0.8774
vn 0.1067 0.1049 0.9887
vn 0.0946 0.6255 0.7745
vn 0.0744 0.6925 0.7176
vn 0.0559 0.8212 0.5679
vn 0.0235 0.8693 0.4937
vn 0.0225 0.9997 -0.0000
vn 0.9729 0.2313 -0.0000
vn 0.0225 0.9997 -0.0001
vn 0.9927 0.1208 -0.0000
vn 0.1328 -0.9911 -0.0000
vn 0.0397 -0.9992 -0.0000
vn 0.0496 -0.9988 -0.0000
vn -0.0499 -0.9988 -0.0000
vn -0.0397 -0.9992 -0.0000
vn -0.1326 -0.9912 -0.0000
vn -0.1328 -0.9911 -0.0000
vn -0.9927 0.1208 -0.0000
vn -0.9729 0.2313 -0.0000
vn -0.0225 0.9997 -0.0000
vn 0.6469 0.1974 -0.7366
vn 0.0167 0.8821 -0.4707
vn 0.6659 0.0825 -0.7415
vn -0.0167 0.8821 -0.4707
vn 0.0998 -0.6866 -0.7201
vn 0.0171 -0.7076 -0.7064
vn -0.0000 -0.7005 -0.7136
vn -0.0171 -0.7076 -0.7064
vn -0.6469 0.1974 -0.7366
vn -0.6659 0.0825 -0.7415
vn -0.0998 -0.6866 -0.7201
vn 0.6469 0.1974 0.7366
vn 0.6659 0.0827 0.7415
vn 0.0167 0.8821 0.4707
vn -0.0167 0.8821 0.4707
vn 0.0998 -0.6866 0.7201
vn 0.0171 -0.7077 0.7063
vn -0.0000 -0.7005 0.7136
vn -0.0171 -0.7077 0.7063
vn -0.6469 0.1974 0.7366
vn -0.6659 0.0825 0.7415
vn -0.0999 -0.6866 0.7201
vn 0.0360 -0.9994 -0.0000
vn 0.3147 -0.9492 -0.0000
vn 0.5270 -0.8499 -0.0000
vn 0.7327 -0.6805 -0.0000
vn 0.9957 -0.0925 0.0006
vn 0.9957 -0.0925 -0.0000
vn 0.9999 -0.0116 -0.0000
vn 1.0000 0.0067 -0.0000
vn 0.9970 0.0772 -0.0000
vn 0.8783 0.4782 -0.0000
vn 0.7255 0.6882 -0.0000
vn 0.7253 0.6885 -0.0000
vn 0.4605 0.8876 -0.0000
vn 0.0701 0.9975 -0.0000
vn 0.0141 0.9999 -0.0000
vn -0.0067 1.0000 -0.0000
vn -0.0011 1.0000 -0.0000
vn -0.0000 1.0000 -0.0000
vn 0.0011 1.0000 -0.0000
vn 0.0067 1.0000 -0.0000
vn -0.0141 0.9999 -0.0000
vn -0.0701 0.9975 -0.0000
vn -0.4605 0.8876 -0.0000
vn -0.7252 0.6886 -0.0000
vn -0.7253 0.6885 -0.0000
vn -0.8782 0.4782 -0.0000
vn -0.8783 0.4782 -0.0000
vn -0.9970 0.0773 -0.0000
vn -1.0000 0.0067 -0.0000
vn -0.9999 -0.0116 -0.0000
vn -0.9957 -0.0925 -0.0000
vn -0.9957 -0.0925 -0.0006
vn -0.7327 -0.6805 -0.0000
vn -0.5270 -0.8499 -0.0000
vn -0.3147 -0.9492 -0.0000
vn -0.0385 -0.9993 -0.0036
vn -0.0387 -0.9992 -0.0036
vn -0.0000 -0.0000 1.0000
vn -0.0000 0.0009 1.0000
vn -0.0001 0.0001 1.0000
vn -0.0003 0.0008 1.0000
vn -0.0006 0.0002 1.0000
vn -0.0002 0.0007 1.0000
vn -0.0009 -0.0004 1.0000
vn -0.0008 -0.0003 1.0000
vn -0.0002 0.0002 1.0000
vn -0.0006 0.0001 1.0000
vn -0.0007 0.0002 1.0000
vn -0.5898 0.7947 0.1438
vn -0.9932 0.0403 0.1092
vn -0.9934 0.0370 0.1089
vn 0.9937 0.0259 0.1091
vn 0.0333 0.9935 0.1088
vn 0.0308 0.9940 0.1048
vn 0.9938 0.0230 0.1083
vn 0.0076 0.9943 0.1062
vn 0.9938 -0.0244 0.1085
vn 0.9939 -0.0205 0.1081
vn 0.0374 -0.9932 0.1107
vn 0.0348 -0.9933 0.1105
vn -0.9940 -0.0167 0.1078
vn -0.9941 -0.0136 0.1075
vn -0.0468 -0.9928 0.1099
vn -0.0441 -0.9930 0.1097
vn -0.0000 -0.0000 -1.0000
vn -0.0000 0.0001 -1.0000
vn -0.0001 -0.0000 -1.0000
vn -0.9900 0.0406 -0.1350
vn -0.0201 0.9907 -0.1346
vn -0.0157 0.9908 -0.1341
vn -0.9902 0.0366 -0.1345
vn 0.0340 0.9907 -0.1317
vn 0.9906 0.0261 -0.1343
vn 0.9909 0.0226 -0.1327
vn 0.0301 0.9905 -0.1341
vn 0.9907 -0.0248 -0.1341
vn 0.9908 -0.0200 -0.1336
vn 0.0379 -0.9899 -0.1369
vn 0.0344 -0.9901 -0.1364
vn -0.9914 0.0047 -0.1309
vn -0.0468 -0.9896 -0.1359
vn -0.8720 -0.4585 -0.1712
vn -0.0436 -0.9898 -0.1355
vn 0.9993 -0.0323 -0.0182
vn 0.9922 -0.1233 -0.0179
vn 0.9899 -0.1405 -0.0178
vn -0.9994 -0.0301 -0.0160
vn -0.9925 -0.1209 -0.0151
vn -0.9928 -0.1191 -0.0152
vn -0.1135 -0.9935 -0.0024
vn -0.1109 -0.9938 -0.0024
vn -0.0061 -1.0000 -0.0041
vn -0.7718 -0.0382 0.6347
vn -0.7923 -0.0149 0.6100
vn -0.1110 0.0103 0.9938
vn -0.1183 0.0040 0.9930
vn 0.1385 0.0033 0.9904
vn 0.1362 0.0108 0.9906
vn 0.8466 -0.0091 0.5321
vn 0.8296 -0.0393 0.5569
vn 0.0021 -1.0000 0.0016
vn 0.0019 -1.0000 0.0016
vn 0.1159 -0.9933 0.0028
vn 0.1534 -0.9882 0.0018
vn 0.0100 -0.9999 -0.0016
vn -0.0453 -0.9988 -0.0171
vn 0.0102 -0.9999 -0.0016
vn -0.0786 -0.9968 0.0153
vn 0.0092 -1.0000 -0.0008
vn 0.0093 -1.0000 -0.0008
vn -0.1729 -0.2232 0.9593
vn 0.9355 -0.0258 -0.3524
vn 0.9369 -0.0256 -0.3487
vn 0.7092 -0.3584 -0.6071
vn 0.8713 -0.1729 -0.4593
vn 0.5870 -0.0565 -0.8076
vn -0.0411 -0.0743 -0.9964
vn -0.0002 -0.0062 -1.0000
vn -0.0001 -0.0027 -1.0000
vn -0.0414 -0.0738 -0.9964
vn -0.9265 -0.0196 -0.3759
vn -0.5536 -0.0722 -0.8297
vn -0.9244 -0.0202 -0.3809
vn -0.9915 0.0004 -0.1299
vn -0.9905 0.0008 -0.1373
vn -0.9914 0.0005 -0.1309
vn 0.9897 0.0811 -0.1177
vn 0.3172 0.4585 -0.8301
vn 0.3559 0.4199 -0.8349
vn 0.8886 0.2666 -0.3733
vn 0.3073 -0.4885 -0.8167
vn 0.8033 -0.2962 -0.5167
vn 0.5664 -0.4619 -0.6825
vn 0.3306 -0.4573 -0.8256
vn 0.4657 -0.1882 -0.8647
vn 0.4622 -0.1979 -0.8644
vn 0.5014 0.1291 -0.8555
vn 0.5026 0.1197 -0.8562
vn 0.7930 0.3326 -0.5104
vn 0.5644 0.5009 -0.6562
vn 0.0012 -0.0001 -1.0000
vn 0.0015 -0.0000 -1.0000
vn 0.0006 -0.0001 -1.0000
vn 0.0005 -0.0000 -1.0000
vn 0.0001 -0.0001 -1.0000
vn -0.9733 -0.0081 -0.2294
vn -0.9797 -0.0059 -0.2004
vn 0.0003 -0.0000 -1.0000
vn 0.9998 0.0071 -0.0159
vn -0.9352 -0.0091 -0.3541
vn 0.9756 0.0014 -0.2197
vn 0.9756 0.0014 -0.2198
vn -0.0278 -0.0220 -0.9994
vn -0.6437 -0.0000 -0.7653
vn 0.0071 -0.9819 -0.1892
vn 0.0071 -0.9819 -0.1893
vn 0.9742 0.0080 -0.2256
vn -0.0216 -0.0300 -0.9993
vn 0.3808 0.4575 -0.8036
vn 0.3948 0.4349 -0.8093
vn 0.5162 0.0887 -0.8518
vn 0.5147 0.0995 -0.8516
vn 0.4908 -0.2697 -0.8285
vn 0.4945 -0.2592 -0.8296
vn 0.3343 -0.5533 -0.7630
vn 0.3427 -0.5426 -0.7669
vn 0.1765 -0.7220 -0.6690
vn 0.0019 0.0001 -1.0000
vn 0.0014 0.0001 -1.0000
vn 0.5419 0.1165 -0.8323
vn 0.5346 0.1487 -0.8319
vn 0.3778 0.4879 -0.7869
vn 0.3923 0.4673 -0.7923
vn 0.2579 0.6358 -0.7275
vn 0.3069 -0.5425 -0.7820
vn 0.3416 -0.5039 -0.7933
vn 0.5211 -0.1963 -0.8306
vn 0.5032 -0.2392 -0.8304
vn 0.0012 -0.0000 -1.0000
vn -0.0411 -0.0570 -0.9975
vn 0.6840 0.0003 -0.7295
vn 0.6843 -0.0002 -0.7292
vn 0.6835 -0.0001 -0.7299
vn 0.6845 0.0003 -0.7290
vn 0.6865 -0.0001 -0.7272
vn 0.6855 -0.0007 -0.7281
vn -0.0020 0.0004 -1.0000
vn -0.0005 0.0001 -1.0000
vn -0.0095 0.0017 -1.0000
vn 0.6863 -0.0004 -0.7273
vn 0.6862 -0.0004 -0.7274
vn -0.9355 -0.0258 0.3524
vn -0.9369 -0.0255 0.3487
vn -0.7092 -0.3584 0.6071
vn -0.8713 -0.1730 0.4593
vn -0.5874 -0.0564 0.8074
vn 0.0411 -0.0743 0.9964
vn 0.0002 -0.0062 1.0000
vn 0.0001 -0.0027 1.0000
vn 0.0414 -0.0738 0.9964
vn 0.9265 -0.0196 0.3758
vn 0.5533 -0.0721 0.8299
vn 0.9244 -0.0202 0.3809
vn 0.9915 0.0005 0.1299
vn 0.9905 0.0008 0.1373
vn 0.9914 0.0005 0.1309
vn -0.9897 0.0811 0.1178
vn -0.3172 0.4585 0.8301
vn -0.3559 0.4199 0.8349
vn -0.8886 0.2665 0.3733
vn -0.3073 -0.4885 0.8167
vn -0.8033 -0.2963 0.5167
vn -0.5665 -0.4619 0.6825
vn -0.3306 -0.4573 0.8256
vn -0.4657 -0.1883 0.8647
vn -0.4622 -0.1979 0.8644
vn -0.5014 0.1290 0.8556
vn -0.5026 0.1197 0.8562
vn -0.7930 0.3326 0.5104
vn -0.5644 0.5009 0.6562
vn -0.0013 0.0002 1.0000
vn -0.0015 -0.0001 1.0000
vn -0.0006 -0.0000 1.0000
vn -0.0001 -0.0000 1.0000
vn -0.0002 0.0001 1.0000
vn 0.9733 -0.0081 0.2294
vn 0.9797 -0.0059 0.2004
vn -0.0004 0.0001 1.0000
vn -0.9999 0.0070 0.0154
vn 0.9351 -0.0090 0.3543
vn 0.9353 -0.0090 0.3538
vn -0.9756 0.0014 0.2197
vn -0.9755 0.0014 0.2202
vn 0.0281 -0.0219 0.9994
vn 0.6437 -0.0000 0.7653
vn -0.0069 -0.9819 0.1890
vn -0.0070 -0.9819 0.1891
vn -0.8885 -0.2193 0.4030
vn -0.8588 0.2449 0.4500
vn -0.6887 0.4169 0.5932
vn -0.7892 -0.3575 0.4994
vn -0.0004 -0.0000 1.0000
vn 0.0216 -0.0300 0.9993
vn -0.3807 0.4575 0.8036
vn -0.3948 0.4349 0.8093
vn -0.5162 0.0887 0.8518
vn -0.5146 0.0995 0.8516
vn -0.4908 -0.2697 0.8285
vn -0.4945 -0.2592 0.8296
vn -0.3343 -0.5533 0.7630
vn -0.3427 -0.5426 0.7669
vn -0.0015 0.0003 1.0000
vn -0.0015 0.0002 1.0000
vn -0.5419 0.1165 0.8323
vn -0.5346 0.1487 0.8319
vn -0.3778 0.4879 0.7869
vn -0.3923 0.4673 0.7923
vn -0.3069 -0.5425 0.7820
vn -0.3416 -0.5039 0.7933
vn -0.5211 -0.1963 0.8306
vn -0.5032 -0.2392 0.8304
vn -0.0008 -0.0002 1.0000
vn -0.0016 -0.0001 1.0000
vn 0.0411 -0.0570 0.9975
vn -0.6836 0.0003 0.7298
vn -0.6842 -0.0002 0.7293
vn -0.6834 -0.0001 0.7300
vn -0.6846 0.0003 0.7290
vn -0.6866 -0.0001 0.7270
vn -0.6854 -0.0007 0.7281
vn 0.0021 0.0004 1.0000
vn 0.0005 0.0001 1.0000
vn 0.0095 0.0017 1.0000
vn -0.6861 -0.0004 0.7275
vn -1.0000 -0.0000 0.0004
vn -1.0000 0.0001 0.0003
vn -1.0000 -0.0000 0.0005
vn 1.0000 -0.0000 -0.0001
vn 1.0000 -0.0000 -0.0002
vn -1.0000 -0.0000 0.0003
vn 1.0000 -0.0000 -0.0000
vn -0.0002 -1.0000 -0.0010
vn -0.0002 -1.0000 0.0008
vn 0.0001 -1.0000 0.0028
vn 0.0004 -1.0000 0.0021
vn -0.0001 -1.0000 -0.0028
vn -0.0004 -1.0000 -0.0022
vn 0.0002 -1.0000 0.0010
vn 0.0002 -1.0000 -0.0008
vn 0.0014 -1.0000 0.0079
vn -0.0014 -1.0000 -0.0079
vn -0.0000 -1.0000 0.0033
vn 0.0002 -1.0000 0.0025
vn -0.0004 -1.0000 0.0012
vn -0.0029 -0.9999 -0.0118
vn -0.0000 -1.0000 -0.0039
vn -0.0002 -1.0000 -0.0025
vn 0.0004 -1.0000 -0.0012
vn 0.0029 -0.9999 0.0118
vn 0.4655 -0.8779 0.1121
vn 0.5117 0.7786 -0.3633
vn 0.5117 0.7786 -0.3632
vn -0.9378 -0.1549 0.3108
vn -0.9377 -0.1548 0.3110
vn -0.9377 -0.1548 0.3109
vn 0.5535 -0.8296 0.0735
vn 0.9352 0.1652 -0.3131
vn 0.9353 0.1652 -0.3131
vn -0.5194 -0.7731 0.3640
vn -0.4520 0.8842 -0.1178
vn -0.4519 0.8843 -0.1177
vn 0.9387 0.1506 -0.3100
vn 0.9388 0.1506 -0.3099
vn -0.2651 -0.2591 -0.9287
vn -0.2651 -0.2592 -0.9287
vn -0.2650 -0.2592 -0.9287
vn 0.2651 0.2591 0.9287
vn 0.2651 0.2592 0.9287
vt 0.000000 0.000000
vt 0.200000 0.000000
vt 0.200000 0.058824
vt 0.000000 0.058824
vt 0.400000 0.000000
vt 0.400000 0.058824
vt 0.600000 0.000000
vt 0.600000 0.058824
vt 0.800000 0.000000
vt 0.800000 0.058824
vt 1.000000 0.000000
vt 1.000000 0.058824
vt 0.200000 0.117647
vt 0.000000 0.117647
vt 0.400000 0.117647
vt 0.600000 0.117647
vt 0.800000 0.117647
vt 1.000000 0.117647
vt 0.200000 0.176471
vt 0.000000 0.176471
vt 0.400000 0.176471
vt 0.600000 0.176471
vt 0.800000 0.176471
vt 1.000000 0.176471
vt 0.200000 0.235294
vt 0.000000 0.235294
vt 0.400000 0.235294
vt 0.600000 0.235294
vt 0.800000 0.235294
vt 1.000000 0.235294
vt 0.200000 0.294118
vt 0.000000 0.294118
vt 0.400000 0.294118
vt 0.600000 0.294118
vt 0.800000 0.294118
vt 1.000000 0.294118
vt 0.200000 0.352941
vt 0.000000 0.352941
vt 0.400000 0.352941
vt 0.600000 0.352941
vt 0.800000 0.352941
vt 1.000000 0.352941
vt 0.200000 0.411765
vt 0.000000 0.411765
vt 0.400000 0.411765
vt 0.600000 0.411765
vt 0.800000 0.411765
vt 1.000000 0.411765
vt 0.200000 0.470588
vt 0.000000 0.470588
vt 0.400000 0.470588
vt 0.600000 0.470588
vt 0.800000 0.470588
vt 1.000000 0.470588
vt 0.200000 0.529412
vt 0.000000 0.529412
vt 0.400000 0.529412
vt 0.600000 0.529412
vt 0.800000 0.529412
vt 1.000000 0.529412
vt 0.200000 0.588235
vt 0.000000 0.588235
vt 0.400000 0.588235
vt 0.600000 0.588235
vt 0.800000 0.588235
vt 1.000000 0.588235
vt 0.200000 0.647059
vt 0.000000 0.647059
vt 0.400000 0.647059
vt 0.600000 0.647059
vt 0.800000 0.647059
vt 1.000000 0.647059
vt 0.200000 0.705882
vt 0.000000 0.705882
vt 0.400000 0.705882
vt 0.600000 0.705882
vt 0.800000 0.705882
vt 1.000000 0.705882
vt 0.200000 0.764706
vt 0.000000 0.764706
vt 0.400000 0.764706
vt 0.600000 0.764706
vt 0.800000 0.764706
vt 1.000000 0.764706
vt 0.200000 0.823529
vt 0.000000 0.823529
vt 0.400000 0.823529
vt 0.600000 0.823529
vt 0.800000 0.823529
vt 1.000000 0.823529
vt 0.200000 0.882353
vt 0.000000 0.882353
vt 0.400000 0.882353
vt 0.600000 0.882353
vt 0.800000 0.882353
vt 1.000000 0.882353
vt 0.200000 0.941176
vt 0.000000 0.941176
vt 0.400000 0.941176
vt 0.600000 0.941176
vt 0.800000 0.941176
vt 1.000000 0.941176
vt 0.200000 1.000000
vt 0.000000 1.000000
vt 0.400000 1.000000
vt 0.600000 1.000000
vt 0.800000 1.000000
vt 1.000000 1.000000
vt 0.250000 0.000000
vt 0.250000 0.017544
vt 0.000000 0.017544
vt 0.500000 0.000000
vt 0.500000 0.017544
vt 0.750000 0.000000
vt 0.750000 0.017544
vt 1.000000 0.017544
vt 0.250000 0.035088
vt 0.000000 0.035088
vt 0.500000 0.035088
vt 0.750000 0.035088
vt 1.000000 0.035088
vt 0.250000 0.052632
vt 0.000000 0.052632
vt 0.500000 0.052632
vt 0.750000 0.052632
vt 1.000000 0.052632
vt 0.250000 0.070175
vt 0.000000 0.070175
vt 0.500000 0.070175
vt 0.750000 0.070175
vt 1.000000 0.070175
vt 0.250000 0.087719
vt 0.000000 0.087719
vt 0.500000 0.087719
vt 0.750000 0.087719
vt 1.000000 0.087719
vt 0.250000 0.105263
vt 0.000000 0.105263
vt 0.500000 0.105263
vt 0.750000 0.105263
vt 1.000000 0.105263
vt 0.250000 0.122807
vt 0.000000 0.122807
vt 0.500000 0.122807
vt 0.750000 0.122807
vt 1.000000 0.122807
vt 0.250000 0.140351
vt 0.000000 0.140351
vt 0.500000 0.140351
vt 0.750000 0.140351
vt 1.000000 0.140351
vt 0.250000 0.157895
vt 0.000000 0.157895
vt 0.500000 0.157895
vt 0.750000 0.157895
vt 1.000000 0.157895
vt 0.250000 0.175439
vt 0.000000 0.175439
vt 0.500000 0.175439
vt 0.750000 0.175439
vt 1.000000 0.175439
vt 0.250000 0.192982
vt 0.000000 0.192982
vt 0.500000 0.192982
vt 0.750000 0.192982
vt 1.000000 0.192982
vt 0.250000 0.210526
vt 0.000000 0.210526
vt 0.500000 0.210526
vt 0.750000 0.210526
vt 1.000000 0.210526
vt 0.250000 0.228070
vt 0.000000 0.228070
vt 0.500000 0.228070
vt 0.750000 0.228070
vt 1.000000 0.228070
vt 0.250000 0.245614
vt 0.000000 0.245614
vt 0.500000 0.245614
vt 0.750000 0.245614
vt 1.000000 0.245614
vt 0.250000 0.263158
vt 0.000000 0.263158
vt 0.500000 0.263158
vt 0.750000 0.263158
vt 1.000000 0.263158
vt 0.250000 0.280702
vt 0.000000 0.280702
vt 0.500000 0.280702
vt 0.750000 0.280702
vt 1.000000 0.280702
vt 0.250000 0.298246
vt 0.000000 0.298246
vt 0.500000 0.298246
vt 0.750000 0.298246
vt 1.000000 0.298246
vt 0.250000 0.315789
vt 0.000000 0.315789
vt 0.500000 0.315789
vt 0.750000 0.315789
vt 1.000000 0.315789
vt 0.250000 0.333333
vt 0.000000 0.333333
vt 0.500000 0.333333
vt 0.750000 0.333333
vt 1.000000 0.333333
vt 0.250000 0.350877
vt 0.000000 0.350877
vt 0.500000 0.350877
vt 0.750000 0.350877
vt 1.000000 0.350877
vt 0.250000 0.368421
vt 0.000000 0.368421
vt 0.500000 0.368421
vt 0.750000 0.368421
vt 1.000000 0.368421
vt 0.250000 0.385965
vt 0.000000 0.385965
vt 0.500000 0.385965
vt 0.750000 0.385965
vt 1.000000 0.385965
vt 0.250000 0.403509
vt 0.000000 0.403509
vt 0.500000 0.403509
vt 0.750000 0.403509
vt 1.000000 0.403509
vt 0.250000 0.421053
vt 0.000000 0.421053
vt 0.500000 0.421053
vt 0.750000 0.421053
vt 1.000000 0.421053
vt 0.250000 0.438596
vt 0.000000 0.438596
vt 0.500000 0.438596
vt 0.750000 0.438596
vt 1.000000 0.438596
vt 0.250000 0.456140
vt 0.000000 0.456140
vt 0.500000 0.456140
vt 0.750000 0.456140
vt 1.000000 0.456140
vt 0.250000 0.473684
vt 0.000000 0.473684
vt 0.500000 0.473684
vt 0.750000 0.473684
vt 1.000000 0.473684
vt 0.250000 0.491228
vt 0.000000 0.491228
vt 0.500000 0.491228
vt 0.750000 0.491228
vt 1.000000 0.491228
vt 0.250000 0.508772
vt 0.000000 0.508772
vt 0.500000 0.508772
vt 0.750000 0.508772
vt 1.000000 0.508772
vt 0.250000 0.526316
vt 0.000000 0.526316
vt 0.500000 0.526316
vt 0.750000 0.526316
vt 1.000000 0.526316
vt 0.250000 0.543860
vt 0.000000 0.543860
vt 0.500000 0.543860
vt 0.750000 0.543860
vt 1.000000 0.543860
vt 0.250000 0.561404
vt 0.000000 0.561404
vt 0.500000 0.561404
vt 0.750000 0.561404
vt 1.000000 0.561404
vt 0.250000 0.578947
vt 0.000000 0.578947
vt 0.500000 0.578947
vt 0.750000 0.578947
vt 1.000000 0.578947
vt 0.250000 0.596491
vt 0.000000 0.596491
vt 0.500000 0.596491
vt 0.750000 0.596491
vt 1.000000 0.596491
vt 0.250000 0.614035
vt 0.000000 0.614035
vt 0.500000 0.614035
vt 0.750000 0.614035
vt 1.000000 0.614035
vt 0.250000 0.631579
vt 0.000000 0.631579
vt 0.500000 0.631579
vt 0.750000 0.631579
vt 1.000000 0.631579
vt 0.250000 0.649123
vt 0.000000 0.649123
vt 0.500000 0.649123
vt 0.750000 0.649123
vt 1.000000 0.649123
vt 0.250000 0.666667
vt 0.000000 0.666667
vt 0.500000 0.666667
vt 0.750000 0.666667
vt 1.000000 0.666667
vt 0.250000 0.684211
vt 0.000000 0.684211
vt 0.500000 0.684211
vt 0.750000 0.684211
vt 1.000000 0.684211
vt 0.250000 0.701754
vt 0.000000 0.701754
vt 0.500000 0.701754
vt 0.750000 0.701754
vt 1.000000 0.701754
vt 0.250000 0.719298
vt 0.000000 0.719298
vt 0.500000 0.719298
vt 0.750000 0.719298
vt 1.000000 0.719298
vt 0.250000 0.736842
vt 0.000000 0.736842
vt 0.500000 0.736842
vt 0.750000 0.736842
vt 1.000000 0.736842
vt 0.250000 0.754386
vt 0.000000 0.754386
vt 0.500000 0.754386
vt 0.750000 0.754386
vt 1.000000 0.754386
vt 0.250000 0.771930
vt 0.000000 0.771930
vt 0.500000 0.771930
vt 0.750000 0.771930
vt 1.000000 0.771930
vt 0.250000 0.789474
vt 0.000000 0.789474
vt 0.500000 0.789474
vt 0.750000 0.789474
vt 1.000000 0.789474
vt 0.250000 0.807018
vt 0.000000 0.807018
vt 0.500000 0.807018
vt 0.750000 0.807018
vt 1.000000 0.807018
vt 0.250000 0.824561
vt 0.000000 0.824561
vt 0.500000 0.824561
vt 0.750000 0.824561
vt 1.000000 0.824561
vt 0.250000 0.842105
vt 0.000000 0.842105
vt 0.500000 0.842105
vt 0.750000 0.842105
vt 1.000000 0.842105
vt 0.250000 0.859649
vt 0.000000 0.859649
vt 0.500000 0.859649
vt 0.750000 0.859649
vt 1.000000 0.859649
vt 0.250000 0.877193
vt 0.000000 0.877193
vt 0.500000 0.877193
vt 0.750000 0.877193
vt 1.000000 0.877193
vt 0.250000 0.894737
vt 0.000000 0.894737
vt 0.500000 0.894737
vt 0.750000 0.894737
vt 1.000000 0.894737
vt 0.250000 0.912281
vt 0.000000 0.912281
vt 0.500000 0.912281
vt 0.750000 0.912281
vt 1.000000 0.912281
vt 0.250000 0.929825
vt 0.000000 0.929825
vt 0.500000 0.929825
vt 0.750000 0.929825
vt 1.000000 0.929825
vt 0.250000 0.947368
vt 0.000000 0.947368
vt 0.500000 0.947368
vt 0.750000 0.947368
vt 1.000000 0.947368
vt 0.250000 0.964912
vt 0.000000 0.964912
vt 0.500000 0.964912
vt 0.750000 0.964912
vt 1.000000 0.964912
vt 0.250000 0.982456
vt 0.000000 0.982456
vt 0.500000 0.982456
vt 0.750000 0.982456
vt 1.000000 0.982456
vt 0.250000 1.000000
vt 0.500000 1.000000
vt 0.750000 1.000000
vt 0.931350 0.726937
vt 0.932135 0.729289
vt 0.895579 0.728999
vt 0.896389 0.727069
vt 0.933886 0.728175
vt 0.934238 0.726571
vt 0.893792 0.726785
vt 0.895857 0.725024
vt 0.932008 0.725140
vt 0.931864 0.691196
vt 0.933986 0.690330
vt 0.933413 0.688998
vt 0.930805 0.690065
vt 0.931675 0.688496
vt 0.896666 0.689871
vt 0.895856 0.687804
vt 0.893771 0.688375
vt 0.892908 0.689600
vt 0.895419 0.691276
vt 0.933176 0.752917
vt 0.893996 0.753691
vt 0.957776 0.728097
vt 0.957655 0.729547
vt 0.894120 0.728280
vt 0.869166 0.729358
vt 0.868951 0.727701
vt 0.958379 0.689110
vt 0.934407 0.664322
vt 0.933166 0.664099
vt 0.894498 0.663461
vt 0.893116 0.663522
vt 0.868259 0.689375
vt 0.891171 0.270718
vt 0.926133 0.270842
vt 0.926943 0.272767
vt 0.890387 0.273075
vt 0.888284 0.270348
vt 0.890515 0.268917
vt 0.928400 0.272055
vt 0.928730 0.270562
vt 0.888541 0.234106
vt 0.890662 0.234972
vt 0.889114 0.232772
vt 0.891722 0.233841
vt 0.890852 0.232271
vt 0.926671 0.231583
vt 0.925861 0.233649
vt 0.928756 0.232153
vt 0.927106 0.235054
vt 0.926666 0.268799
vt 0.929618 0.233376
vt 0.928540 0.297457
vt 0.889360 0.296704
vt 0.888634 0.271952
vt 0.864866 0.273320
vt 0.864745 0.271869
vt 0.953569 0.271482
vt 0.953355 0.273138
vt 0.864148 0.232882
vt 0.888123 0.208096
vt 0.889364 0.207874
vt 0.928032 0.207239
vt 0.929414 0.207301
vt 0.954267 0.233155
vt 0.709892 0.285760
vt 0.723001 0.285994
vt 0.721078 0.369993
vt 0.707538 0.372534
vt 0.814373 0.284313
vt 0.814940 0.373977
vt 0.827904 0.284827
vt 0.829454 0.372898
vt 0.771451 0.880876
vt 0.759453 0.880953
vt 0.759411 0.877403
vt 0.771622 0.876678
vt 0.775685 0.808858
vt 0.758579 0.808029
vt 0.758547 0.805290
vt 0.775879 0.805748
vt 0.757735 0.737497
vt 0.776572 0.737944
vt 0.757699 0.734527
vt 0.776226 0.732676
vt 0.769974 0.948435
vt 0.760276 0.949749
vt 0.756817 0.660883
vt 0.766919 0.661029
vt 0.766872 0.664036
vt 0.756854 0.663981
vt 0.756018 0.877772
vt 0.752131 0.807203
vt 0.752039 0.805329
vt 0.752644 0.737534
vt 0.752751 0.734802
vt 0.753695 0.663229
vt 0.754928 0.659889
vt 0.756475 0.880961
vt 0.757765 0.950847
vt 0.849681 0.377800
vt 0.913540 0.378756
vt 0.915233 0.395208
vt 0.848979 0.393967
vt 0.834982 0.377873
vt 0.924293 0.380813
vt 0.918029 0.398299
vt 0.932991 0.385641
vt 0.940422 0.391094
vt 0.937082 0.402792
vt 0.946218 0.400706
vt 0.946337 0.474765
vt 0.938953 0.474124
vt 0.917228 0.462144
vt 0.845169 0.397162
vt 0.845465 0.461069
vt 0.827815 0.463051
vt 0.826950 0.401692
vt 0.847465 0.464071
vt 0.819160 0.480013
vt 0.913993 0.466195
vt 0.851092 0.540127
vt 0.826414 0.542792
vt 0.821644 0.539406
vt 0.834822 0.592141
vt 0.856833 0.590936
vt 0.831598 0.598404
vt 0.857821 0.620700
vt 0.917322 0.540440
vt 0.946910 0.540632
vt 0.938927 0.540580
vt 0.816475 0.463015
vt 0.814654 0.402798
vt 0.827294 0.380306
vt 0.720351 0.462886
vt 0.721325 0.399951
vt 0.717645 0.479929
vt 0.715239 0.539350
vt 0.796302 0.621925
vt 0.768554 0.621878
vt 0.768551 0.601405
vt 0.794310 0.600091
vt 0.832922 0.621538
vt 0.918726 0.590475
vt 0.940019 0.592718
vt 0.945009 0.593787
vt 0.926383 0.615006
vt 0.932540 0.608958
vt 0.935044 0.612344
vt 0.927476 0.618937
vt 0.936991 0.602869
vt 0.941549 0.603893
vt 0.915073 0.619530
vt 0.915016 0.623016
vt 0.857989 0.625855
vt 0.834399 0.625617
vt 0.797757 0.626127
vt 0.768554 0.626091
vt 0.687623 0.377412
vt 0.691938 0.396945
vt 0.619920 0.400453
vt 0.623826 0.379051
vt 0.701353 0.377539
vt 0.613144 0.381168
vt 0.604494 0.385956
vt 0.597066 0.391336
vt 0.600334 0.403041
vt 0.591212 0.400898
vt 0.597900 0.474345
vt 0.590515 0.474970
vt 0.620326 0.480895
vt 0.709917 0.379956
vt 0.710158 0.401495
vt 0.708964 0.462922
vt 0.691251 0.460923
vt 0.691291 0.481824
vt 0.685841 0.540142
vt 0.710505 0.542758
vt 0.702248 0.592134
vt 0.680231 0.590976
vt 0.705493 0.598399
vt 0.679301 0.620741
vt 0.619631 0.540635
vt 0.598020 0.540806
vt 0.590037 0.540867
vt 0.740806 0.621918
vt 0.742791 0.600083
vt 0.704192 0.621540
vt 0.618333 0.590662
vt 0.597044 0.592949
vt 0.592057 0.594025
vt 0.610730 0.615208
vt 0.609644 0.619142
vt 0.602062 0.612565
vt 0.604559 0.609174
vt 0.600094 0.603093
vt 0.595539 0.604126
vt 0.622049 0.619706
vt 0.622112 0.623192
vt 0.702720 0.625621
vt 0.679140 0.625896
vt 0.739354 0.626121
vt 0.827450 0.790450
vt 0.827601 0.794699
vt 0.821126 0.793938
vt 0.821177 0.790510
vt 0.831240 0.862424
vt 0.831387 0.865275
vt 0.820057 0.866192
vt 0.820099 0.863308
vt 0.832177 0.932088
vt 0.819052 0.934016
vt 0.823278 0.648548
vt 0.823318 0.645709
vt 0.836559 0.647423
vt 0.835813 0.650851
vt 0.822192 0.721861
vt 0.826162 0.722577
vt 0.822236 0.718923
vt 0.826373 0.718924
vt 0.817743 0.793482
vt 0.813587 0.864128
vt 0.813530 0.866358
vt 0.814074 0.935795
vt 0.818056 0.646098
vt 0.820922 0.641712
vt 0.819342 0.718604
vt 0.819601 0.721328
vt 0.818208 0.790464
vt 0.478436 0.731634
vt 0.479825 0.748169
vt 0.413705 0.750027
vt 0.415255 0.733573
vt 0.404576 0.735672
vt 0.410854 0.753171
vt 0.395924 0.740444
vt 0.388487 0.745809
vt 0.391741 0.757520
vt 0.382620 0.755357
vt 0.389142 0.828817
vt 0.381754 0.829421
vt 0.410969 0.817021
vt 0.483390 0.751525
vt 0.501380 0.734787
vt 0.501532 0.756239
vt 0.500287 0.817617
vt 0.482559 0.815599
vt 0.508952 0.834623
vt 0.480569 0.818725
vt 0.414108 0.820979
vt 0.476909 0.894854
vt 0.506365 0.894012
vt 0.501536 0.897533
vt 0.493044 0.947016
vt 0.471090 0.945737
vt 0.496344 0.953411
vt 0.470041 0.975551
vt 0.410680 0.895164
vt 0.389065 0.895271
vt 0.381080 0.895307
vt 0.511702 0.817611
vt 0.513532 0.753997
vt 0.513931 0.738786
vt 0.531648 0.977235
vt 0.533708 0.955436
vt 0.559537 0.956847
vt 0.559504 0.977301
vt 0.494965 0.976555
vt 0.409199 0.945192
vt 0.387901 0.947405
vt 0.382907 0.948465
vt 0.401496 0.969714
vt 0.400396 0.973643
vt 0.392840 0.967036
vt 0.395351 0.963655
vt 0.390911 0.957559
vt 0.386351 0.958576
vt 0.412798 0.974253
vt 0.412847 0.977741
vt 0.493481 0.980625
vt 0.469865 0.980707
vt 0.530187 0.981429
vt 0.559497 0.981512
vt 0.640624 0.732466
vt 0.704451 0.734040
vt 0.708368 0.755443
vt 0.636374 0.751968
vt 0.626915 0.733505
vt 0.715137 0.736156
vt 0.723792 0.740944
vt 0.731221 0.746329
vt 0.727950 0.758032
vt 0.737073 0.755892
vt 0.737717 0.829962
vt 0.730331 0.829336
vt 0.707898 0.835879
vt 0.618506 0.734819
vt 0.636991 0.815869
vt 0.619258 0.817797
vt 0.618179 0.756356
vt 0.636919 0.836753
vt 0.610534 0.834775
vt 0.642351 0.895108
vt 0.617722 0.897713
vt 0.612910 0.894176
vt 0.626058 0.947222
vt 0.648014 0.946010
vt 0.622739 0.953607
vt 0.648972 0.975827
vt 0.708575 0.895620
vt 0.738173 0.895852
vt 0.730190 0.895792
vt 0.607867 0.817708
vt 0.606219 0.753968
vt 0.605958 0.738502
vt 0.587359 0.977321
vt 0.585369 0.955516
vt 0.624045 0.976756
vt 0.709906 0.945653
vt 0.731197 0.947929
vt 0.736186 0.949006
vt 0.717534 0.970198
vt 0.723698 0.964158
vt 0.726198 0.967546
vt 0.718623 0.974132
vt 0.728156 0.958076
vt 0.732713 0.959105
vt 0.706220 0.974705
vt 0.706160 0.978192
vt 0.649132 0.980984
vt 0.625518 0.980829
vt 0.588807 0.981519
vt 0.570613 0.536596
vt 0.570613 0.539818
vt 0.535969 0.539818
vt 0.535969 0.536596
vt 0.570613 0.576323
vt 0.535969 0.576323
vt 0.570613 0.579828
vt 0.535969 0.579828
vt 0.570613 0.606678
vt 0.535969 0.606678
vt 0.570613 0.625503
vt 0.535969 0.625503
vt 0.570613 0.371282
vt 0.570613 0.390107
vt 0.535969 0.390107
vt 0.535969 0.371282
vt 0.570613 0.416957
vt 0.535969 0.416957
vt 0.570613 0.420462
vt 0.535969 0.420462
vt 0.570613 0.456967
vt 0.535969 0.456967
vt 0.570613 0.460188
vt 0.535969 0.460189
vt 0.823790 0.543533
vt 0.820397 0.541490
vt 0.832099 0.592138
vt 0.716496 0.541427
vt 0.830420 0.596105
vt 0.794106 0.597230
vt 0.768551 0.598466
vt 0.742992 0.597221
vt 0.713128 0.543490
vt 0.704976 0.592126
vt 0.706670 0.596094
vt 0.504055 0.898199
vt 0.495611 0.947064
vt 0.507570 0.895898
vt 0.611694 0.896058
vt 0.497431 0.951234
vt 0.533899 0.952623
vt 0.559541 0.953946
vt 0.585187 0.952702
vt 0.615201 0.898371
vt 0.623493 0.947263
vt 0.621659 0.951428
vt 0.989732 0.241964
vt 0.989002 0.249951
vt 0.967465 0.250004
vt 0.966684 0.242052
vt 0.988192 0.257187
vt 0.968299 0.257204
vt 0.986848 0.263817
vt 0.969645 0.263803
vt 0.985783 0.271965
vt 0.970681 0.271922
vt 0.985395 0.326265
vt 0.970638 0.326190
vt 0.984109 0.374579
vt 0.971327 0.374486
vt 0.984934 0.413556
vt 0.969856 0.413418
vt 0.985293 0.421338
vt 0.969341 0.421167
vt 0.985715 0.429097
vt 0.968739 0.428891
vt 0.986052 0.436387
vt 0.968216 0.436149
vt 0.987020 0.445888
vt 0.966983 0.445601
vt 0.988555 0.487693
vt 0.964212 0.487326
vt 0.990515 0.504835
vt 0.961724 0.504385
vt 0.991261 0.531590
vt 0.960130 0.531091
vt 0.991829 0.552865
vt 0.958872 0.552328
vt 0.990566 0.574108
vt 0.959435 0.573596
vt 0.988955 0.600821
vt 0.960164 0.600344
vt 0.986446 0.617884
vt 0.962104 0.617480
vt 0.983600 0.659610
vt 0.963563 0.659283
vt 0.982347 0.669061
vt 0.964512 0.668784
vt 0.981806 0.676321
vt 0.964831 0.676071
vt 0.981183 0.684048
vt 0.965232 0.683828
vt 0.980642 0.691799
vt 0.965564 0.691607
vt 0.979020 0.730726
vt 0.966238 0.730585
vt 0.979531 0.779022
vt 0.964774 0.778896
vt 0.979314 0.833286
vt 0.964212 0.833198
vt 0.980328 0.841404
vt 0.963124 0.841347
vt 0.981658 0.848001
vt 0.961765 0.847979
vt 0.982479 0.855199
vt 0.960942 0.855218
vt 0.983249 0.863147
vt 0.960201 0.863209
vt 0.345852 0.631057
vt 0.348176 0.632796
vt 0.343507 0.637290
vt 0.341470 0.635759
vt 0.277271 0.632613
vt 0.278916 0.630934
vt 0.283361 0.635635
vt 0.281952 0.637074
vt 0.277187 0.699133
vt 0.281898 0.694822
vt 0.278756 0.702245
vt 0.283278 0.697543
vt 0.348447 0.699703
vt 0.343761 0.695373
vt 0.347054 0.702309
vt 0.342571 0.697615
vt 0.793153 0.912646
vt 0.793153 0.910165
vt 0.805019 0.910165
vt 0.805019 0.912646
vt 0.793153 0.733112
vt 0.793153 0.731123
vt 0.805019 0.731123
vt 0.805019 0.733112
vt 0.793153 0.674192
vt 0.805019 0.674192
vt 0.793153 0.789688
vt 0.805019 0.789688
vt 0.793153 0.792664
vt 0.805019 0.792664
vt 0.793153 0.853258
vt 0.805019 0.853258
vt 0.793153 0.850756
vt 0.805019 0.850756
vt 0.847139 0.305222
vt 0.848681 0.304063
vt 0.851554 0.307156
vt 0.850210 0.308168
vt 0.893005 0.304130
vt 0.894087 0.305236
vt 0.891018 0.308170
vt 0.890080 0.307212
vt 0.894292 0.349283
vt 0.891193 0.346457
vt 0.893246 0.351348
vt 0.890281 0.348254
vt 0.847097 0.349530
vt 0.850170 0.346681
vt 0.848016 0.351252
vt 0.850965 0.348175
vt 0.858392 0.697079
vt 0.858392 0.699548
vt 0.845695 0.699548
vt 0.845695 0.697079
vt 0.858392 0.756177
vt 0.858392 0.758154
vt 0.845695 0.758154
vt 0.845695 0.756177
vt 0.858392 0.814429
vt 0.845695 0.814429
vt 0.858392 0.817390
vt 0.845695 0.817390
vt 0.858392 0.640475
vt 0.845695 0.640475
vt 0.858392 0.875172
vt 0.858392 0.877659
vt 0.845695 0.877659
vt 0.845695 0.875172
vt 0.993838 0.114286
vt 0.993860 0.178220
vt 0.964632 0.178173
vt 0.962682 0.114331
vt 0.958098 0.991158
vt 0.955683 0.926433
vt 0.987892 0.926851
vt 0.989472 0.991664
vt 0.955566 0.919973
vt 0.988507 0.920800
vt 0.956047 0.909481
vt 0.988614 0.909746
vt 0.499631 0.728599
vt 0.497435 0.640603
vt 0.512483 0.639695
vt 0.513072 0.726508
vt 0.606614 0.723493
vt 0.605825 0.639252
vt 0.622056 0.638832
vt 0.623322 0.725419
vt 0.994719 0.195289
vt 0.961280 0.195453
vt 0.961149 0.185027
vt 0.994399 0.184852
vt 0.369189 0.710247
vt 0.360829 0.698289
vt 0.359833 0.651252
vt 0.368292 0.635209
vt 0.479104 0.697192
vt 0.470465 0.709572
vt 0.471759 0.635272
vt 0.480314 0.649823
vt 0.492400 0.731974
vt 0.506929 0.329651
vt 0.507267 0.327037
vt 0.565158 0.328602
vt 0.559407 0.331925
vt 0.496939 0.328163
vt 0.102726 0.863219
vt 0.092398 0.864344
vt 0.093177 0.850546
vt 0.103445 0.851498
vt 0.225088 0.588184
vt 0.223807 0.598015
vt 0.222890 0.588392
vt 0.221501 0.440466
vt 0.220971 0.334462
vt 0.226643 0.334384
vt 0.227157 0.439931
vt 0.381180 0.339571
vt 0.371186 0.339571
vt 0.371186 0.330034
vt 0.381180 0.330034
vt 0.346429 0.339571
vt 0.336802 0.339571
vt 0.336802 0.330034
vt 0.346429 0.330034
vt 0.354683 0.330034
vt 0.354683 0.339571
vt 0.362842 0.330034
vt 0.362842 0.339571
vt 0.322096 0.339571
vt 0.322096 0.330034
vt 0.275738 0.875575
vt 0.270651 0.875691
vt 0.267071 0.872891
vt 0.279487 0.874076
vt 0.261071 0.865165
vt 0.283871 0.866233
vt 0.362214 0.850839
vt 0.362158 0.863532
vt 0.254734 0.852187
vt 0.222139 0.514924
vt 0.227689 0.513809
vt 0.241162 0.865154
vt 0.362141 0.867818
vt 0.362071 0.883763
vt 0.333801 0.885112
vt 0.290810 0.869523
vt 0.288216 0.880133
vt 0.520428 0.315750
vt 0.520429 0.322673
vt 0.446151 0.322673
vt 0.446151 0.315750
vt 0.481001 0.268171
vt 0.508552 0.268171
vt 0.508552 0.271966
vt 0.481001 0.271966
vt 0.226970 0.605692
vt 0.226970 0.633123
vt 0.223055 0.633123
vt 0.223055 0.605692
vt 0.227712 0.639673
vt 0.227712 0.666865
vt 0.218081 0.666865
vt 0.218081 0.639673
vt 0.358419 0.907991
vt 0.358400 0.912790
vt 0.267648 0.912804
vt 0.267525 0.908005
vt 0.233981 0.632033
vt 0.233981 0.621331
vt 0.237636 0.621331
vt 0.237636 0.632033
vt 0.361984 0.903551
vt 0.270610 0.903154
vt 0.277470 0.886968
vt 0.333675 0.897761
vt 0.098333 0.835383
vt 0.103295 0.848757
vt 0.254133 0.847220
vt 0.178160 0.846929
vt 0.178741 0.835734
vt 0.254503 0.836063
vt 0.362234 0.846622
vt 0.362276 0.836533
vt 0.241975 0.640685
vt 0.241975 0.664176
vt 0.235045 0.664176
vt 0.235045 0.640685
vt 0.214365 0.864957
vt 0.186063 0.864914
vt 0.179216 0.851735
vt 0.532784 0.286485
vt 0.532784 0.274695
vt 0.541791 0.274695
vt 0.541791 0.286486
vt 0.541791 0.296737
vt 0.532784 0.296737
vt 0.541791 0.305411
vt 0.532784 0.305411
vt 0.541791 0.314217
vt 0.532784 0.314217
vt 0.532784 0.322411
vt 0.541791 0.322412
vt 0.229186 0.877015
vt 0.223664 0.875857
vt 0.218216 0.872037
vt 0.235575 0.873416
vt 0.257454 0.878087
vt 0.241902 0.881694
vt 0.246425 0.869064
vt 0.255831 0.869069
vt 0.415236 0.338730
vt 0.415236 0.329574
vt 0.424329 0.329574
vt 0.424329 0.338730
vt 0.435384 0.338730
vt 0.435384 0.329574
vt 0.398558 0.338731
vt 0.388934 0.338731
vt 0.388934 0.329574
vt 0.398558 0.329575
vt 0.406308 0.329575
vt 0.406309 0.338731
vt 0.175503 0.876090
vt 0.169727 0.876137
vt 0.165774 0.873103
vt 0.180776 0.872965
vt 0.160617 0.864783
vt 0.183342 0.979062
vt 0.108029 0.979101
vt 0.109025 0.974297
vt 0.183982 0.974235
vt 0.263488 0.974182
vt 0.263506 0.979077
vt 0.358450 0.974200
vt 0.358170 0.978970
vt 0.170531 0.902716
vt 0.164169 0.884666
vt 0.176544 0.886704
vt 0.096762 0.902396
vt 0.156631 0.877089
vt 0.102389 0.865832
vt 0.002856 0.901985
vt 0.003147 0.834969
vt 0.095884 0.912845
vt 0.002193 0.912856
vt 0.001881 0.908056
vt 0.096138 0.908046
vt 0.168893 0.912825
vt 0.169183 0.908025
vt 0.265999 0.886112
vt 0.230200 0.887818
vt 0.218968 0.902927
vt 0.218312 0.884949
vt 0.211012 0.876965
vt 0.186915 0.880715
vt 0.191175 0.869142
vt 0.209981 0.868952
vt 0.216666 0.908006
vt 0.216660 0.912808
vt 0.154867 0.868106
vt 0.362007 0.898437
vt 0.002185 0.974307
vt 0.002123 0.979190
vt 0.552529 0.337738
vt 0.552364 0.339810
vt 0.495379 0.339412
vt 0.500159 0.334186
vt 0.562479 0.338862
vt 0.101910 0.790731
vt 0.091581 0.791855
vt 0.092362 0.778058
vt 0.102627 0.779009
vt 0.235631 0.587711
vt 0.234346 0.597540
vt 0.233434 0.587917
vt 0.232073 0.439992
vt 0.231585 0.333987
vt 0.237257 0.333912
vt 0.237729 0.439458
vt 0.487738 0.338664
vt 0.477744 0.338664
vt 0.477744 0.328734
vt 0.487738 0.328734
vt 0.452987 0.338664
vt 0.443360 0.338664
vt 0.443360 0.328734
vt 0.452987 0.328734
vt 0.461242 0.328734
vt 0.461242 0.338664
vt 0.469400 0.328734
vt 0.469400 0.338664
vt 0.465176 0.271920
vt 0.450469 0.271920
vt 0.450469 0.264715
vt 0.465176 0.264715
vt 0.274921 0.803087
vt 0.269834 0.803201
vt 0.266253 0.800403
vt 0.278670 0.801587
vt 0.260254 0.792678
vt 0.283055 0.793744
vt 0.361396 0.778351
vt 0.361341 0.791044
vt 0.253915 0.779699
vt 0.232738 0.514449
vt 0.238289 0.513336
vt 0.240345 0.792666
vt 0.361323 0.795331
vt 0.361254 0.811274
vt 0.332983 0.812625
vt 0.289991 0.797034
vt 0.287398 0.807644
vt 0.437613 0.315105
vt 0.437613 0.322029
vt 0.363335 0.322029
vt 0.363335 0.315105
vt 0.204637 0.631654
vt 0.204637 0.604103
vt 0.208432 0.604103
vt 0.208432 0.631654
vt 0.217047 0.604340
vt 0.217047 0.631771
vt 0.213132 0.631771
vt 0.213132 0.604340
vt 0.213387 0.639624
vt 0.213387 0.666816
vt 0.203756 0.666816
vt 0.203756 0.639624
vt 0.359298 0.962966
vt 0.359278 0.967768
vt 0.268527 0.967782
vt 0.268404 0.962981
vt 0.234356 0.616869
vt 0.234356 0.606166
vt 0.238011 0.606166
vt 0.238011 0.616869
vt 0.361168 0.831062
vt 0.269793 0.830665
vt 0.276653 0.814480
vt 0.332857 0.825273
vt 0.097514 0.762895
vt 0.102477 0.776269
vt 0.253316 0.774733
vt 0.177342 0.774442
vt 0.177922 0.763245
vt 0.253685 0.763575
vt 0.361414 0.774133
vt 0.361458 0.764044
vt 0.267271 0.337430
vt 0.243778 0.337430
vt 0.243778 0.328673
vt 0.267271 0.328673
vt 0.213547 0.792470
vt 0.185245 0.792426
vt 0.178398 0.779247
vt 0.303197 0.328673
vt 0.314988 0.328673
vt 0.314988 0.337430
vt 0.303197 0.337430
vt 0.292946 0.337430
vt 0.292946 0.328673
vt 0.284269 0.337430
vt 0.284269 0.328673
vt 0.275466 0.337429
vt 0.275466 0.328673
vt 0.228368 0.804528
vt 0.222848 0.803368
vt 0.217399 0.799548
vt 0.234756 0.800929
vt 0.256636 0.805598
vt 0.241085 0.809206
vt 0.245609 0.796575
vt 0.255012 0.796580
vt 0.558552 0.296942
vt 0.549396 0.296943
vt 0.549396 0.287850
vt 0.558552 0.287850
vt 0.558552 0.276795
vt 0.549396 0.276795
vt 0.558552 0.313620
vt 0.558552 0.323244
vt 0.549396 0.323245
vt 0.549396 0.313621
vt 0.549396 0.305870
vt 0.558552 0.305870
vt 0.174685 0.803601
vt 0.168909 0.803649
vt 0.164957 0.800614
vt 0.179958 0.800479
vt 0.159799 0.792296
vt 0.184277 0.989731
vt 0.108965 0.989737
vt 0.109963 0.984933
vt 0.184920 0.984905
vt 0.264425 0.984887
vt 0.264442 0.989783
vt 0.359388 0.984949
vt 0.359105 0.989720
vt 0.169712 0.830227
vt 0.163351 0.812177
vt 0.175727 0.814216
vt 0.095944 0.829907
vt 0.155813 0.804601
vt 0.101570 0.793343
vt 0.002038 0.829497
vt 0.002332 0.762479
vt 0.096762 0.967823
vt 0.003071 0.967833
vt 0.002760 0.963033
vt 0.097018 0.963023
vt 0.169773 0.967800
vt 0.170063 0.963001
vt 0.265182 0.813623
vt 0.229383 0.815329
vt 0.218149 0.830439
vt 0.217494 0.812463
vt 0.210194 0.804476
vt 0.186098 0.808227
vt 0.190358 0.796655
vt 0.209164 0.796463
vt 0.217543 0.962985
vt 0.217537 0.967785
vt 0.154050 0.795617
vt 0.361190 0.825949
vt 0.003124 0.984895
vt 0.003058 0.989778
vt 0.267801 0.917147
vt 0.358557 0.917239
vt 0.358628 0.935104
vt 0.252729 0.935124
vt 0.358628 0.958077
vt 0.252729 0.958100
vt 0.267799 0.940121
vt 0.358557 0.940209
vt 0.097226 0.957867
vt 0.002543 0.957466
vt 0.002401 0.939447
vt 0.096069 0.940006
vt 0.002401 0.916477
vt 0.096070 0.917030
vt 0.097226 0.934891
vt 0.002543 0.934495
vt 0.177419 0.935123
vt 0.169053 0.917155
vt 0.216808 0.917160
vt 0.169052 0.940131
vt 0.177418 0.958099
vt 0.216807 0.940133
vt 0.218440 0.710939
vt 0.218474 0.696705
vt 0.233096 0.690938
vt 0.233203 0.700898
vt 0.216743 0.739442
vt 0.216634 0.729482
vt 0.231396 0.719441
vt 0.231365 0.733672
vt 0.237122 0.702086
vt 0.237078 0.719366
vt 0.212714 0.728292
vt 0.212758 0.711013
vt 0.234095 0.680009
vt 0.237175 0.683691
vt 0.237159 0.690332
vt 0.216229 0.679957
vt 0.212804 0.695837
vt 0.212838 0.683471
vt 0.215743 0.750371
vt 0.212663 0.746689
vt 0.212680 0.740048
vt 0.233609 0.750421
vt 0.237035 0.734542
vt 0.236999 0.746910
s 1
usemtl Material.004
f 1/1/1 2/2/2 7/3/3 6/4/4
f 2/2/2 3/5/5 8/6/6 7/3/3
f 3/5/5 4/7/7 9/8/8 8/6/6
f 4/7/7 5/9/9 10/10/10 9/8/8
f 5/9/9 1/11/1 6/12/4 10/10/10
f 6/4/4 7/3/3 12/13/11 11/14/12
f 7/3/3 8/6/6 13/15/13 12/13/11
f 8/6/6 9/8/8 14/16/14 13/15/13
f 9/8/8 10/10/10 15/17/15 14/16/14
f 10/10/10 6/12/4 11/18/12 15/17/15
f 11/14/12 12/13/11 17/19/16 16/20/17
f 12/13/11 13/15/13 18/21/18 17/19/16
f 13/15/13 14/16/14 19/22/19 18/21/18
f 14/16/14 15/17/15 20/23/20 19/22/19
f 15/17/15 11/18/12 16/24/17 20/23/20
f 16/20/17 17/19/16 22/25/21 21/26/22
f 17/19/16 18/21/18 23/27/23 22/25/21
f 18/21/18 19/22/19 24/28/24 23/27/23
f 19/22/19 20/23/20 25/29/25 24/28/24
f 20/23/20 16/24/17 21/30/22 25/29/25
f 21/26/22 22/25/21 27/31/26 26/32/27
f 22/25/21 23/27/23 28/33/28 27/31/26
f 23/27/23 24/28/24 29/34/29 28/33/28
f 24/28/24 25/29/25 30/35/30 29/34/29
f 25/29/25 21/30/22 26/36/27 30/35/30
f 26/32/27 27/31/26 32/37/31 31/38/32
f 27/31/26 28/33/28 33/39/33 32/37/31
f 28/33/28 29/34/29 34/40/34 33/39/33
f 29/34/29 30/35/30 35/41/35 34/40/34
f 30/35/30 26/36/27 31/42/32 35/41/35
f 31/38/32 32/37/31 37/43/36 36/44/37
f 32/37/31 33/39/33 38/45/38 37/43/36
f 33/39/33 34/40/34 39/46/39 38/45/38
f 34/40/34 35/41/35 40/47/40 39/46/39
f 35/41/35 31/42/32 36/48/37 40/47/40
f 36/44/37 37/43/36 42/49/41 41/50/42
f 37/43/36 38/45/38 43/51/43 42/49/41
f 38/45/38 39/46/39 44/52/44 43/51/43
f 39/46/39 40/47/40 45/53/45 44/52/44
f 40/47/40 36/48/37 41/54/42 45/53/45
f 41/50/42 42/49/41 47/55/46 46/56/47
f 42/49/41 43/51/43 48/57/48 47/55/46
f 43/51/43 44/52/44 49/58/49 48/57/48
f 44/52/44 45/53/45 50/59/50 49/58/49
f 45/53/45 41/54/42 46/60/47 50/59/50
f 46/56/47 47/55/46 52/61/51 51/62/52
f 47/55/46 48/57/48 53/63/53 52/61/51
f 48/57/48 49/58/49 54/64/54 53/63/53
f 49/58/49 50/59/50 55/65/55 54/64/54
f 50/59/50 46/60/47 51/66/52 55/65/55
f 51/62/52 52/61/51 57/67/56 56/68/57
f 52/61/51 53/63/53 58/69/58 57/67/56
f 53/63/53 54/64/54 59/70/59 58/69/58
f 54/64/54 55/65/55 60/71/60 59/70/59
f 55/65/55 51/66/52 56/72/57 60/71/60
f 56/68/57 57/67/56 62/73/61 61/74/62
f 57/67/56 58/69/58 63/75/63 62/73/61
f 58/69/58 59/70/59 64/76/64 63/75/63
f 59/70/59 60/71/60 65/77/65 64/76/64
f 60/71/60 56/72/57 61/78/62 65/77/65
f 61/74/62 62/73/61 67/79/66 66/80/67
f 62/73/61 63/75/63 68/81/68 67/79/66
f 63/75/63 64/76/64 69/82/69 68/81/68
f 64/76/64 65/77/65 70/83/70 69/82/69
f 65/77/65 61/78/62 66/84/67 70/83/70
f 66/80/67 67/79/66 72/85/71 71/86/72
f 67/79/66 68/81/68 73/87/73 72/85/71
f 68/81/68 69/82/69 74/88/74 73/87/73
f 69/82/69 70/83/70 75/89/75 74/88/74
f 70/83/70 66/84/67 71/90/72 75/89/75
f 71/86/72 72/85/71 77/91/76 76/92/77
f 72/85/71 73/87/73 78/93/78 77/91/76
f 73/87/73 74/88/74 79/94/79 78/93/78
f 74/88/74 75/89/75 80/95/80 79/94/79
f 75/89/75 71/90/72 76/96/77 80/95/80
f 76/92/77 77/91/76 82/97/81 81/98/82
f 77/91/76 78/93/78 83/99/83 82/97/81
f 78/93/78 79/94/79 84/100/84 83/99/83
f 79/94/79 80/95/80 85/101/85 84/100/84
f 80/95/80 76/96/77 81/102/82 85/101/85
f 81/98/82 82/97/81 2/103/2 1/104/1
f 82/97/81 83/99/83 3/105/5 2/103/2
f 83/99/83 84/100/84 4/106/7 3/105/5
f 84/100/84 85/101/85 5/107/9 4/106/7
f 85/101/85 81/102/82 1/108/1 5/107/9
f 618/1/86 619/109/87 623/110/88 622/111/89
f 619/109/87 620/112/90 624/113/91 623/110/88
f 620/112/90 621/114/92 625/115/93 624/113/91
f 621/114/92 618/11/86 622/116/89 625/115/93
f 622/111/89 623/110/88 627/117/94 626/118/95
f 623/110/88 624/113/91 628/119/96 627/117/94
f 624/113/91 625/115/93 629/120/97 628/119/96
f 625/115/93 622/116/89 626/121/95 629/120/97
f 626/118/95 627/117/94 631/122/98 630/123/99
f 627/117/94 628/119/96 632/124/100 631/122/98
f 628/119/96 629/120/97 633/125/101 632/124/100
f 629/120/97 626/121/95 630/126/99 633/125/101
f 630/123/99 631/122/98 635/127/102 634/128/103
f 631/122/98 632/124/100 636/129/104 635/127/102
f 632/124/100 633/125/101 637/130/105 636/129/104
f 633/125/101 630/126/99 634/131/103 637/130/105
f 634/128/103 635/127/102 639/132/106 638/133/107
f 635/127/102 636/129/104 640/134/108 639/132/106
f 636/129/104 637/130/105 641/135/109 640/134/108
f 637/130/105 634/131/103 638/136/107 641/135/109
f 638/133/107 639/132/106 643/137/110 642/138/111
f 639/132/106 640/134/108 644/139/112 643/137/110
f 640/134/108 641/135/109 645/140/113 644/139/112
f 641/135/109 638/136/107 642/141/111 645/140/113
f 642/138/111 643/137/110 647/142/114 646/143/115
f 643/137/110 644/139/112 648/144/116 647/142/114
f 644/139/112 645/140/113 649/145/117 648/144/116
f 645/140/113 642/141/111 646/146/115 649/145/117
f 646/143/115 647/142/114 651/147/118 650/148/119
f 647/142/114 648/144/116 652/149/120 651/147/118
f 648/144/116 649/145/117 653/150/121 652/149/120
f 649/145/117 646/146/115 650/151/119 653/150/121
f 650/148/119 651/147/118 655/152/122 654/153/123
f 651/147/118 652/149/120 656/154/124 655/152/122
f 652/149/120 653/150/121 657/155/125 656/154/124
f 653/150/121 650/151/119 654/156/123 657/155/125
f 654/153/123 655/152/122 659/157/126 658/158/127
f 655/152/122 656/154/124 660/159/128 659/157/126
f 656/154/124 657/155/125 661/160/129 660/159/128
f 657/155/125 654/156/123 658/161/127 661/160/129
f 658/158/127 659/157/126 663/162/130 662/163/131
f 659/157/126 660/159/128 664/164/132 663/162/130
f 660/159/128 661/160/129 665/165/133 664/164/132
f 661/160/129 658/161/127 662/166/131 665/165/133
f 662/163/131 663/162/130 667/167/134 666/168/135
f 663/162/130 664/164/132 668/169/136 667/167/134
f 664/164/132 665/165/133 669/170/137 668/169/136
f 665/165/133 662/166/131 666/171/135 669/170/137
f 666/168/135 667/167/134 671/172/138 670/173/139
f 667/167/134 668/169/136 672/174/140 671/172/138
f 668/169/136 669/170/137 673/175/141 672/174/140
f 669/170/137 666/171/135 670/176/139 673/175/141
f 670/173/139 671/172/138 675/177/142 674/178/143
f 671/172/138 672/174/140 676/179/144 675/177/142
f 672/174/140 673/175/141 677/180/145 676/179/144
f 673/175/141 670/176/139 674/181/143 677/180/145
f 674/178/143 675/177/142 679/182/146 678/183/147
f 675/177/142 676/179/144 680/184/148 679/182/146
f 676/179/144 677/180/145 681/185/149 680/184/148
f 677/180/145 674/181/143 678/186/147 681/185/149
f 678/183/147 679/182/146 683/187/150 682/188/151
f 679/182/146 680/184/148 684/189/152 683/187/150
f 680/184/148 681/185/149 685/190/153 684/189/152
f 681/185/149 678/186/147 682/191/151 685/190/153
f 682/188/151 683/187/150 687/192/154 686/193/155
f 683/187/150 684/189/152 688/194/156 687/192/154
f 684/189/152 685/190/153 689/195/157 688/194/156
f 685/190/153 682/191/151 686/196/155 689/195/157
f 686/193/155 687/192/154 691/197/158 690/198/159
f 687/192/154 688/194/156 692/199/160 691/197/158
f 688/194/156 689/195/157 693/200/161 692/199/160
f 689/195/157 686/196/155 690/201/159 693/200/161
f 690/198/159 691/197/158 695/202/162 694/203/163
f 691/197/158 692/199/160 696/204/164 695/202/162
f 692/199/160 693/200/161 697/205/165 696/204/164
f 693/200/161 690/201/159 694/206/163 697/205/165
f 694/203/163 695/202/162 699/207/166 698/208/167
f 695/202/162 696/204/164 700/209/168 699/207/166
f 696/204/164 697/205/165 701/210/169 700/209/168
f 697/205/165 694/206/163 698/211/167 701/210/169
f 698/208/167 699/207/166 703/212/170 702/213/171
f 699/207/166 700/209/168 704/214/172 703/212/170
f 700/209/168 701/210/169 705/215/173 704/214/172
f 701/210/169 698/211/167 702/216/171 705/215/173
f 702/213/171 703/212/170 707/217/174 706/218/175
f 703/212/170 704/214/172 708/219/176 707/217/174
f 704/214/172 705/215/173 709/220/177 708/219/176
f 705/215/173 702/216/171 706/221/175 709/220/177
f 706/218/175 707/217/174 711/222/178 710/223/179
f 707/217/174 708/219/176 712/224/180 711/222/178
f 708/219/176 709/220/177 713/225/181 712/224/180
f 709/220/177 706/221/175 710/226/179 713/225/181
f 710/223/179 711/222/178 715/227/182 714/228/183
f 711/222/178 712/224/180 716/229/184 715/227/182
f 712/224/180 713/225/181 717/230/185 716/229/184
f 713/225/181 710/226/179 714/231/183 717/230/185
f 714/228/183 715/227/182 719/232/186 718/233/187
f 715/227/182 716/229/184 720/234/188 719/232/186
f 716/229/184 717/230/185 721/235/189 720/234/188
f 717/230/185 714/231/183 718/236/187 721/235/189
f 718/233/187 719/232/186 723/237/190 722/238/191
f 719/232/186 720/234/188 724/239/192 723/237/190
f 720/234/188 721/235/189 725/240/193 724/239/192
f 721/235/189 718/236/187 722/241/191 725/240/193
f 722/238/191 723/237/190 727/242/194 726/243/195
f 723/237/190 724/239/192 728/244/196 727/242/194
f 724/239/192 725/240/193 729/245/197 728/244/196
f 725/240/193 722/241/191 726/246/195 729/245/197
f 726/243/195 727/242/194 731/247/198 730/248/199
f 727/242/194 728/244/196 732/249/200 731/247/198
f 728/244/196 729/245/197 733/250/201 732/249/200
f 729/245/197 726/246/195 730/251/199 733/250/201
f 730/248/199 731/247/198 735/252/202 734/253/203
f 731/247/198 732/249/200 736/254/204 735/252/202
f 732/249/200 733/250/201 737/255/205 736/254/204
f 733/250/201 730/251/199 734/256/203 737/255/205
f 734/253/203 735/252/202 739/257/206 738/258/207
f 735/252/202 736/254/204 740/259/208 739/257/206
f 736/254/204 737/255/205 741/260/209 740/259/208
f 737/255/205 734/256/203 738/261/207 741/260/209
f 738/258/207 739/257/206 743/262/210 742/263/211
f 739/257/206 740/259/208 744/264/212 743/262/210
f 740/259/208 741/260/209 745/265/213 744/264/212
f 741/260/209 738/261/207 742/266/211 745/265/213
f 742/263/211 743/262/210 747/267/214 746/268/215
f 743/262/210 744/264/212 748/269/216 747/267/214
f 744/264/212 745/265/213 749/270/217 748/269/216
f 745/265/213 742/266/211 746/271/215 749/270/217
f 746/268/215 747/267/214 751/272/218 750/273/219
f 747/267/214 748/269/216 752/274/220 751/272/218
f 748/269/216 749/270/217 753/275/221 752/274/220
f 749/270/217 746/271/215 750/276/219 753/275/221
f 750/273/219 751/272/218 755/277/222 754/278/223
f 751/272/218 752/274/220 756/279/224 755/277/222
f 752/274/220 753/275/221 757/280/225 756/279/224
f 753/275/221 750/276/219 754/281/223 757/280/225
f 754/278/223 755/277/222 759/282/226 758/283/227
f 755/277/222 756/279/224 760/284/228 759/282/226
f 756/279/224 757/280/225 761/285/229 760/284/228
f 757/280/225 754/281/223 758/286/227 761/285/229
f 758/283/227 759/282/226 763/287/230 762/288/231
f 759/282/226 760/284/228 764/289/232 763/287/230
f 760/284/228 761/285/229 765/290/233 764/289/232
f 761/285/229 758/286/227 762/291/231 765/290/233
f 762/288/231 763/287/230 767/292/234 766/293/235
f 763/287/230 764/289/232 768/294/236 767/292/234
f 764/289/232 765/290/233 769/295/237 768/294/236
f 765/290/233 762/291/231 766/296/235 769/295/237
f 766/293/235 767/292/234 771/297/238 770/298/239
f 767/292/234 768/294/236 772/299/240 771/297/238
f 768/294/236 769/295/237 773/300/241 772/299/240
f 769/295/237 766/296/235 770/301/239 773/300/241
f 770/298/239 771/297/238 775/302/242 774/303/243
f 771/297/238 772/299/240 776/304/244 775/302/242
f 772/299/240 773/300/241 777/305/245 776/304/244
f 773/300/241 770/301/239 774/306/243 777/305/245
f 774/303/243 775/302/242 779/307/246 778/308/247
f 775/302/242 776/304/244 780/309/248 779/307/246
f 776/304/244 777/305/245 781/310/249 780/309/248
f 777/305/245 774/306/243 778/311/247 781/310/249
f 778/308/247 779/307/246 783/312/250 782/313/251
f 779/307/246 780/309/248 784/314/252 783/312/250
f 780/309/248 781/310/249 785/315/253 784/314/252
f 781/310/249 778/311/247 782/316/251 785/315/253
f 782/313/251 783/312/250 787/317/254 786/318/255
f 783/312/250 784/314/252 788/319/256 787/317/254
f 784/314/252 785/315/253 789/320/257 788/319/256
f 785/315/253 782/316/251 786/321/255 789/320/257
f 786/318/255 787/317/254 791/322/258 790/323/259
f 787/317/254 788/319/256 792/324/260 791/322/258
f 788/319/256 789/320/257 793/325/261 792/324/260
f 789/320/257 786/321/255 790/326/259 793/325/261
f 790/323/259 791/322/258 795/327/262 794/328/263
f 791/322/258 792/324/260 796/329/264 795/327/262
f 792/324/260 793/325/261 797/330/265 796/329/264
f 793/325/261 790/326/259 794/331/263 797/330/265
f 794/328/263 795/327/262 799/332/266 798/333/267
f 795/327/262 796/329/264 800/334/268 799/332/266
f 796/329/264 797/330/265 801/335/269 800/334/268
f 797/330/265 794/331/263 798/336/267 801/335/269
f 798/333/267 799/332/266 803/337/270 802/338/271
f 799/332/266 800/334/268 804/339/272 803/337/270
f 800/334/268 801/335/269 805/340/273 804/339/272
f 801/335/269 798/336/267 802/341/271 805/340/273
f 802/338/271 803/337/270 807/342/274 806/343/275
f 803/337/270 804/339/272 808/344/276 807/342/274
f 804/339/272 805/340/273 809/345/277 808/344/276
f 805/340/273 802/341/271 806/346/275 809/345/277
f 806/343/275 807/342/274 811/347/278 810/348/279
f 807/342/274 808/344/276 812/349/280 811/347/278
f 808/344/276 809/345/277 813/350/281 812/349/280
f 809/345/277 806/346/275 810/351/279 813/350/281
f 810/348/279 811/347/278 815/352/282 814/353/283
f 811/347/278 812/349/280 816/354/284 815/352/282
f 812/349/280 813/350/281 817/355/285 816/354/284
f 813/350/281 810/351/279 814/356/283 817/355/285
f 814/353/283 815/352/282 819/357/286 818/358/287
f 815/352/282 816/354/284 820/359/288 819/357/286
f 816/354/284 817/355/285 821/360/289 820/359/288
f 817/355/285 814/356/283 818/361/287 821/360/289
f 818/358/287 819/357/286 823/362/290 822/363/291
f 819/357/286 820/359/288 824/364/292 823/362/290
f 820/359/288 821/360/289 825/365/293 824/364/292
f 821/360/289 818/361/287 822/366/291 825/365/293
f 822/363/291 823/362/290 827/367/294 826/368/295
f 823/362/290 824/364/292 828/369/296 827/367/294
f 824/364/292 825/365/293 829/370/297 828/369/296
f 825/365/293 822/366/291 826/371/295 829/370/297
f 826/368/295 827/367/294 831/372/298 830/373/299
f 827/367/294 828/369/296 832/374/300 831/372/298
f 828/369/296 829/370/297 833/375/301 832/374/300
f 829/370/297 826/371/295 830/376/299 833/375/301
f 830/373/299 831/372/298 835/377/302 834/378/303
f 831/372/298 832/374/300 836/379/304 835/377/302
f 832/374/300 833/375/301 837/380/305 836/379/304
f 833/375/301 830/376/299 834/381/303 837/380/305
f 834/378/303 835/377/302 839/382/306 838/383/307
f 835/377/302 836/379/304 840/384/308 839/382/306
f 836/379/304 837/380/305 841/385/309 840/384/308
f 837/380/305 834/381/303 838/386/307 841/385/309
f 838/383/307 839/382/306 843/387/310 842/388/311
f 839/382/306 840/384/308 844/389/312 843/387/310
f 840/384/308 841/385/309 845/390/313 844/389/312
f 841/385/309 838/386/307 842/391/311 845/390/313
f 842/388/311 843/387/310 619/392/87 618/104/86
f 843/387/310 844/389/312 620/393/90 619/392/87
f 844/389/312 845/390/313 621/394/92 620/393/90
f 845/390/313 842/391/311 618/108/86 621/394/92
usemtl Material.001
f 86/395/314 87/396/315 88/397/316 89/398/317
f 87/399/315 86/395/314 91/400/318
f 89/398/317 92/401/319 93/402/320
f 91/400/318 90/403/321 94/404/322 95/405/323
f 95/406/323 96/407/324 97/408/325
f 97/408/325 96/407/324 98/409/326 99/410/327
f 99/410/327 98/409/326 101/411/328
f 92/401/319 101/412/328 100/413/329 93/402/320
f 88/397/316 87/396/315 102/414/330 103/415/331
f 87/399/315 91/400/318 104/416/332 102/417/330
f 92/401/319 88/418/316 103/419/331 105/420/333
f 91/400/318 95/405/323 106/421/334 104/416/332
f 106/422/334 95/406/323 97/408/325 107/423/335
f 109/424/336 99/410/327 101/411/328 108/425/337
f 101/412/328 92/401/319 105/420/333 108/426/337
f 86/395/314 89/398/317 93/402/320 90/403/321
f 98/409/326 96/407/324 94/404/322 100/413/329
f 100/413/329 94/404/322 90/403/321 93/402/320
f 97/408/325 99/410/327 109/424/336 107/423/335
f 110/427/338 113/428/339 112/429/340 111/430/341
f 110/427/338 115/431/342 114/432/343
f 112/433/340 113/428/339 116/434/344
f 115/431/342 119/435/345 118/436/346 114/432/343
f 119/437/345 120/438/347 118/436/346
f 121/439/348 123/440/349 122/441/350 120/438/347
f 122/441/350 125/442/351 124/443/352
f 116/434/344 117/444/353 124/443/352 125/445/351
f 112/429/340 127/446/354 126/447/355 111/430/341
f 111/448/341 126/449/355 128/450/356 115/431/342
f 116/434/344 129/451/357 127/452/354 112/433/340
f 115/431/342 128/450/356 130/453/358 119/435/345
f 130/454/358 131/455/359 121/439/348 119/437/345
f 133/456/360 132/457/361 125/442/351 123/440/349
f 125/445/351 132/458/361 129/451/357 116/434/344
f 110/427/338 114/432/343 117/444/353 113/428/339
f 122/441/350 124/443/352 118/436/346 120/438/347
f 124/443/352 117/444/353 114/432/343 118/436/346
f 121/439/348 131/455/359 133/456/360 123/440/349
f 91/400/318 86/395/314 90/403/321
f 88/418/316 92/401/319 89/398/317
f 101/411/328 98/409/326 100/413/329
f 95/406/323 94/404/322 96/407/324
f 111/448/341 115/431/342 110/427/338
f 116/434/344 113/428/339 117/444/353
f 123/440/349 125/442/351 122/441/350
f 119/437/345 121/439/348 120/438/347
f 294/459/362 295/460/363 296/461/364 297/462/365
f 296/461/364 295/460/363 298/463/366 299/464/367
f 300/465/368 301/466/369 299/464/367 298/463/366
f 302/467/370 303/468/371 304/469/372 305/470/373
f 306/471/374 307/472/375 308/473/376 309/474/377
f 304/469/372 307/472/375 306/471/374 305/470/373
f 309/474/377 308/473/376 310/475/378 311/476/379
f 312/477/380 313/478/381 311/476/379 310/475/378
f 303/468/371 302/467/370 314/479/382 315/480/383
f 315/481/383 314/482/382 316/483/384 317/484/385
f 312/477/380 317/484/385 316/483/384 313/478/381
f 318/485/386 319/486/387 307/472/375 304/469/372
f 308/473/376 307/472/375 319/486/387 320/487/388
f 310/475/378 308/473/376 320/487/388 321/488/389
f 322/489/390 312/477/380 310/475/378 321/488/389
f 322/489/390 323/490/391 317/484/385 312/477/380
f 324/491/392 315/481/383 317/484/385 323/490/391
f 325/492/393 303/468/371 315/480/383 324/493/392
f 304/469/372 303/468/371 325/492/393 318/485/386
f 326/494/394 327/495/395 319/496/396 318/497/397
f 318/497/397 328/498/398 326/494/394
f 329/499/399 320/500/400 319/496/396 327/495/395
f 320/500/400 329/499/399 330/501/401
f 331/502/402 332/503/403 320/500/400 330/501/401
f 333/504/404 334/505/405 335/506/406 332/503/403
f 333/504/404 332/503/403 331/502/402
f 320/500/400 332/503/403 335/506/406 321/507/407
f 325/508/408 324/509/409 336/510/410 337/511/411
f 336/510/410 324/509/409 323/512/412 338/513/413
f 321/507/407 335/506/406 322/514/414
f 339/515/415 340/516/416 341/517/417
f 342/518/418 340/516/416 339/515/415 343/519/419
f 344/520/420 342/518/418 343/519/419 345/521/421
f 323/512/412 339/515/415 341/517/417 338/513/413
f 346/522/422 339/515/415 323/512/412 322/514/414
f 334/505/405 347/523/423 348/524/424 335/506/406
f 346/522/422 322/514/414 335/506/406 348/524/424
f 349/525/425 350/526/426 337/511/411 336/510/410
f 350/526/426 299/464/367 351/527/427 337/511/411
f 338/513/413 349/525/425 336/510/410
f 350/526/426 349/525/425 352/528/428 353/529/429
f 296/461/364 299/464/367 350/526/426 353/529/429
f 349/525/425 338/513/413 354/530/430 352/528/428
f 354/530/430 338/513/413 341/517/417 355/531/431
f 356/532/432 357/533/433 358/534/434 359/535/435
f 360/536/436 344/520/420 345/521/421
f 346/522/422 361/537/437 343/519/419 339/515/415
f 362/538/438 348/524/424 347/523/423 363/539/439
f 361/537/437 346/522/422 348/524/424 362/538/438
f 364/540/440 365/541/441 366/542/442 367/543/443
f 368/544/444 362/538/438 363/539/439 369/545/445
f 370/546/446 364/540/440 367/543/443 371/547/447
f 365/541/441 368/544/444 369/545/445 366/542/442
f 362/538/438 368/544/444 365/541/441 361/537/437
f 365/541/441 364/540/440 370/546/446 361/537/437
f 360/536/436 345/521/421 372/548/448 373/549/449
f 374/550/450 375/551/451 357/533/433 356/532/432
f 360/536/436 356/532/432 359/535/435 344/520/420
f 373/549/449 374/550/450 356/532/432 360/536/436
f 343/519/419 361/537/437 370/546/446 345/521/421
f 345/521/421 370/546/446 371/547/447 372/548/448
f 376/552/452 377/553/453 378/554/454 379/555/455
f 377/553/453 376/552/452 380/556/456
f 381/557/457 379/555/455 378/554/454
f 378/554/454 382/558/458 381/557/457
f 383/559/459 382/558/458 378/554/454 384/560/460
f 385/561/461 384/560/460 386/562/462 387/563/463
f 385/561/461 383/559/459 384/560/460
f 378/554/454 388/564/464 386/562/462 384/560/460
f 380/556/456 389/565/465 390/566/466 377/553/453
f 377/553/453 390/566/466 391/567/467 392/568/468
f 391/567/467 354/530/430 393/569/469 392/568/468
f 394/570/470 355/531/431 395/571/471
f 395/571/471 396/572/472 397/573/473 394/570/470
f 396/572/472 398/574/474 399/575/475 397/573/473
f 393/569/469 354/530/430 355/531/431 394/570/470
f 400/576/476 388/564/464 393/569/469 394/570/470
f 387/563/463 386/562/462 401/577/477 402/578/478
f 400/576/476 401/577/477 386/562/462 388/564/464
f 352/528/428 391/567/467 390/566/466 353/529/429
f 353/529/429 390/566/466 389/565/465 296/461/364
f 354/530/430 391/567/467 352/528/428
f 403/579/479 404/580/480 358/534/434 357/533/433
f 405/581/481 399/575/475 398/574/474
f 400/576/476 394/570/470 397/573/473 406/582/482
f 407/583/483 408/584/484 402/578/478 401/577/477
f 406/582/482 407/583/483 401/577/477 400/576/476
f 409/585/485 410/586/486 411/587/487 412/588/488
f 413/589/489 414/590/490 408/584/484 407/583/483
f 415/591/491 416/592/492 410/586/486 409/585/485
f 412/588/488 411/587/487 414/590/490 413/589/489
f 407/583/483 406/582/482 412/588/488 413/589/489
f 412/588/488 406/582/482 415/591/491 409/585/485
f 405/581/481 417/593/493 418/594/494 399/575/475
f 419/595/495 403/579/479 357/533/433 375/551/451
f 405/581/481 398/574/474 404/580/480 403/579/479
f 417/593/493 405/581/481 403/579/479 419/595/495
f 397/573/473 399/575/475 415/591/491 406/582/482
f 399/575/475 418/594/494 416/592/492 415/591/491
f 393/569/469 388/564/464 378/554/454 392/568/468
f 420/596/496 421/597/497 422/598/498 423/599/499
f 424/600/500 425/601/501 426/602/502 427/603/503
f 422/598/498 421/597/497 424/600/500 427/603/503
f 425/601/501 428/604/504 429/605/505 426/602/502
f 430/606/506 429/607/505 428/608/504 431/609/507
f 423/599/499 432/610/508 433/611/509 420/596/496
f 432/610/508 434/612/510 435/613/511 433/611/509
f 430/606/506 431/609/507 435/613/511 434/612/510
f 436/614/512 422/598/498 427/603/503 437/615/513
f 426/602/502 438/616/514 437/615/513 427/603/503
f 429/605/505 439/617/515 438/616/514 426/602/502
f 440/618/516 439/619/515 429/607/505 430/606/506
f 440/618/516 430/606/506 434/612/510 441/620/517
f 442/621/518 441/620/517 434/612/510 432/610/508
f 443/622/519 442/621/518 432/610/508 423/599/499
f 422/598/498 436/614/512 443/622/519 423/599/499
f 444/623/520 436/624/521 437/625/522 445/626/523
f 446/627/524 445/626/523 437/625/522 438/628/525
f 438/628/525 447/629/526 446/627/524
f 448/630/527 447/629/526 438/628/525 449/631/528
f 450/632/529 449/631/528 451/633/530 452/634/531
f 450/632/529 448/630/527 449/631/528
f 438/628/525 439/635/532 451/633/530 449/631/528
f 443/636/533 453/637/534 454/638/535
f 443/636/533 454/638/535 455/639/536 442/640/537
f 455/639/536 456/641/538 441/642/539 442/640/537
f 439/635/532 440/643/540 451/633/530
f 457/644/541 458/645/542 459/646/543
f 459/646/543 460/647/544 461/648/545 457/644/541
f 460/647/544 462/649/546 463/650/547 461/648/545
f 441/642/539 456/641/538 458/645/542 457/644/541
f 464/651/548 440/643/540 441/642/539 457/644/541
f 452/634/531 451/633/530 465/652/549 466/653/550
f 464/651/548 465/652/549 451/633/530 440/643/540
f 467/654/551 455/639/536 454/638/535 468/655/552
f 468/655/552 454/638/535 453/637/534 469/656/553
f 456/641/538 455/639/536 467/654/551
f 470/657/554 471/658/555 472/659/556 473/660/557
f 474/661/558 463/650/547 462/649/546
f 464/651/548 457/644/541 461/648/545 475/662/559
f 476/663/560 477/664/561 466/653/550 465/652/549
f 475/662/559 476/663/560 465/652/549 464/651/548
f 478/665/562 479/666/563 480/667/564 481/668/565
f 482/669/566 483/670/567 477/664/561 476/663/560
f 484/671/568 485/672/569 479/666/563 478/665/562
f 481/668/565 480/667/564 483/670/567 482/669/566
f 476/663/560 475/662/559 481/668/565 482/669/566
f 481/668/565 475/662/559 484/671/568 478/665/562
f 474/661/558 486/673/570 487/674/571 463/650/547
f 488/675/572 470/657/554 473/660/557 489/676/573
f 474/661/558 462/649/546 471/658/555 470/657/554
f 486/673/570 474/661/558 470/657/554 488/675/572
f 461/648/545 463/650/547 484/671/568 475/662/559
f 463/650/547 487/674/571 485/672/569 484/671/568
f 490/677/574 491/678/575 492/679/576 493/680/577
f 493/680/577 494/681/578 490/677/574
f 495/682/579 492/679/576 491/678/575
f 492/679/576 495/682/579 496/683/580
f 497/684/581 498/685/582 492/679/576 496/683/580
f 499/686/583 500/687/584 501/688/585 498/685/582
f 499/686/583 498/685/582 497/684/581
f 492/679/576 498/685/582 501/688/585 502/689/586
f 494/681/578 493/680/577 503/690/587
f 493/680/577 504/691/588 505/692/589 506/693/590
f 505/692/589 504/691/588 507/694/591 508/695/592
f 509/696/593 510/697/594 511/698/595
f 512/699/596 510/697/594 509/696/593 513/700/597
f 514/701/598 512/699/596 513/700/597 515/702/599
f 507/694/591 509/696/593 511/698/595 508/695/592
f 516/703/600 509/696/593 507/694/591 502/689/586
f 500/687/584 517/704/601 518/705/602 501/688/585
f 516/703/600 502/689/586 501/688/585 518/705/602
f 519/706/603 520/707/604 506/693/590 505/692/589
f 520/707/604 521/708/605 503/690/587 506/693/590
f 508/695/592 519/706/603 505/692/589
f 468/655/552 520/707/604 519/706/603 467/654/551
f 469/656/553 521/708/605 520/707/604 468/655/552
f 467/654/551 519/706/603 508/695/592 456/641/538
f 456/641/538 508/695/592 511/698/595 458/645/542
f 522/709/606 473/660/557 472/659/556 523/710/607
f 524/711/608 514/701/598 515/702/599
f 516/703/600 525/712/609 513/700/597 509/696/593
f 526/713/610 518/705/602 517/704/601 527/714/611
f 525/712/609 516/703/600 518/705/602 526/713/610
f 528/715/612 529/716/613 530/717/614 531/718/615
f 532/719/616 526/713/610 527/714/611 533/720/617
f 534/721/618 528/715/612 531/718/615 535/722/619
f 529/716/613 532/719/616 533/720/617 530/717/614
f 526/713/610 532/719/616 529/716/613 525/712/609
f 529/716/613 528/715/612 534/721/618 525/712/609
f 524/711/608 515/702/599 536/723/620 537/724/621
f 538/725/622 489/676/573 473/660/557 522/709/606
f 524/711/608 522/709/606 523/710/607 514/701/598
f 537/724/621 538/725/622 522/709/606 524/711/608
f 513/700/597 525/712/609 534/721/618 515/702/599
f 515/702/599 534/721/618 535/722/619 536/723/620
f 507/694/591 504/691/588 492/679/576 502/689/586
f 539/726/623 540/727/624 541/728/624 542/729/625
f 540/727/624 543/730/626 544/731/626 541/728/624
f 543/730/626 545/732/627 546/733/627 544/731/626
f 545/732/627 547/734/628 548/735/628 546/733/627
f 547/734/628 549/736/629 550/737/629 548/735/628
f 549/738/630 551/739/631 552/740/631 550/741/630
f 551/739/631 553/742/632 554/743/633 552/740/631
f 553/742/632 555/744/634 556/745/634 554/743/633
f 555/744/634 557/746/635 558/747/635 556/745/634
f 557/746/635 559/748/636 560/749/636 558/747/635
f 560/749/636 559/748/636 539/726/623 542/729/625
f 340/516/416 540/750/637 539/751/638 341/517/417
f 540/750/637 340/516/416 342/518/418 543/752/639
f 355/531/431 341/517/417 539/751/638 559/753/640
f 543/752/639 342/518/418 344/520/420 545/754/641
f 545/754/641 344/520/420 359/535/435 547/755/642
f 358/534/434 549/756/643 547/755/642 359/535/435
f 549/756/643 358/534/434 404/580/480 551/757/644
f 395/571/471 557/758/645 555/759/646 396/572/472
f 557/758/645 395/571/471 355/531/431 559/753/640
f 396/572/472 555/759/646 553/760/647 398/574/474
f 398/574/474 553/760/647 551/757/644 404/580/480
f 459/646/543 541/761/648 544/762/649 460/647/544
f 541/761/648 459/646/543 458/645/542 542/763/650
f 560/764/651 542/763/650 458/645/542 511/698/595
f 460/647/544 544/762/649 546/765/652 462/649/546
f 462/649/546 546/765/652 548/766/653 471/658/555
f 472/659/556 550/767/654 552/768/655 523/710/607
f 550/767/654 472/659/556 471/658/555 548/766/653
f 510/697/594 558/769/656 560/764/651 511/698/595
f 558/769/656 510/697/594 512/699/596 556/770/657
f 556/770/657 512/699/596 514/701/598 554/771/658
f 554/771/658 514/701/598 523/710/607 552/768/655
f 392/568/468 378/554/454 377/553/453
f 504/691/588 493/680/577 492/679/576
f 379/772/659 381/773/660 495/774/660 491/775/659
f 381/773/660 382/776/661 496/777/661 495/774/660
f 382/776/661 383/778/662 497/779/662 496/777/661
f 383/778/662 385/780/663 499/781/664 497/779/662
f 385/780/663 387/782/665 500/783/665 499/781/664
f 387/782/665 402/784/666 517/785/666 500/783/665
f 402/784/666 408/786/667 527/787/667 517/785/666
f 408/786/667 414/788/668 533/789/668 527/787/667
f 414/788/668 411/790/669 530/791/670 533/789/668
f 411/790/669 410/792/671 531/793/671 530/791/670
f 410/792/671 416/794/672 535/795/672 531/793/671
f 416/794/672 418/796/673 536/797/673 535/795/672
f 418/796/673 417/798/674 537/799/674 536/797/673
f 417/798/674 419/800/675 538/801/675 537/799/674
f 419/800/675 375/802/676 489/803/676 538/801/675
f 375/802/676 374/804/677 488/805/677 489/803/676
f 374/804/677 373/806/678 486/807/678 488/805/677
f 373/806/678 372/808/679 487/809/679 486/807/678
f 372/808/679 371/810/680 485/811/680 487/809/679
f 371/810/680 367/812/681 479/813/681 485/811/680
f 367/812/681 366/814/682 480/815/683 479/813/681
f 366/814/682 369/816/684 483/817/685 480/815/683
f 369/816/684 363/818/686 477/819/686 483/817/685
f 363/818/686 347/820/687 466/821/687 477/819/686
f 347/820/687 334/822/688 452/823/688 466/821/687
f 334/822/688 333/824/689 450/825/690 452/823/688
f 333/824/689 331/826/691 448/827/691 450/825/690
f 331/826/691 330/828/692 447/829/692 448/827/691
f 330/828/692 329/830/693 446/831/693 447/829/692
f 329/830/693 327/832/694 445/833/695 446/831/693
f 421/834/696 420/835/696 561/836/696 562/837/696
f 425/838/697 424/839/698 563/840/698 564/841/699
f 424/839/698 421/834/696 562/837/696 563/840/698
f 428/842/700 425/838/697 564/841/699 565/843/701
f 431/844/702 428/842/700 565/843/701 566/845/703
f 420/835/696 433/846/704 567/847/698 561/836/696
f 433/846/704 435/848/705 568/849/706 567/847/698
f 435/848/705 431/844/702 566/845/703 568/849/706
f 562/850/707 561/851/708 569/852/709 570/853/707
f 564/854/710 563/855/711 571/856/712 572/857/713
f 563/855/711 562/858/714 570/859/714 571/856/712
f 565/860/715 564/854/710 572/857/713 573/861/716
f 566/862/717 565/860/715 573/861/716 574/863/718
f 561/851/708 567/864/719 575/865/720 569/852/709
f 567/864/719 568/866/721 576/867/722 575/865/720
f 568/866/721 566/862/717 574/863/718 576/867/722
f 302/868/723 305/869/723 577/870/723 578/871/723
f 306/872/723 309/873/723 579/874/724 580/875/723
f 305/869/723 306/872/723 580/875/723 577/870/723
f 309/873/723 311/876/723 581/877/724 579/874/724
f 311/876/723 313/878/723 582/879/725 581/877/724
f 314/880/723 302/868/723 578/871/723 583/881/723
f 316/882/723 314/880/723 583/881/723 584/883/725
f 313/878/723 316/882/723 584/883/725 582/879/725
f 578/884/726 577/885/727 585/886/728 586/887/729
f 580/888/730 579/889/731 587/890/732 588/891/733
f 577/885/727 580/888/730 588/891/733 585/886/728
f 579/889/731 581/892/734 589/893/735 587/890/732
f 581/892/734 582/894/736 590/895/737 589/893/735
f 583/896/738 578/884/726 586/887/729 591/897/738
f 584/898/739 583/899/740 591/900/740 592/901/741
f 582/894/736 584/898/739 592/901/741 590/895/737
f 296/461/364 389/565/465 297/462/365
f 351/527/427 299/464/367 301/466/369
f 294/902/742 297/903/743 593/904/744 594/905/742
f 595/906/745 596/907/746 301/908/747 300/909/745
f 301/908/747 596/907/746 597/910/748 328/911/749
f 444/912/750 326/913/750 328/911/749 597/910/748
f 596/914/751 595/915/752 598/916/753 599/917/754
f 596/914/751 599/917/754 469/656/553 453/637/534
f 600/918/755 601/919/756 594/920/757 593/921/758
f 503/690/587 521/708/605 600/918/755 593/921/758
f 376/922/759 490/923/760 494/924/761 380/925/762
f 494/924/761 593/904/744 297/903/743 380/925/762
f 521/708/605 469/656/553 599/917/754 600/918/755
f 600/918/755 599/917/754 598/916/753 601/919/756
f 295/926/763 294/927/764 594/928/764 601/929/765
f 300/930/766 298/931/767 598/932/768 595/933/766
f 298/931/767 295/926/763 601/929/765 598/932/768
f 494/681/578 503/690/587 593/921/758
f 379/772/659 491/775/659 490/923/760 376/922/759
f 445/833/695 327/832/694 326/913/750 444/912/750
f 597/934/769 596/914/751 453/637/534
f 328/498/398 351/527/427 301/466/369
f 380/556/456 297/462/365 389/565/465
f 503/690/587 493/680/577 506/693/590
f 351/527/427 325/508/408 337/511/411
f 328/498/398 318/497/397 325/508/408 351/527/427
f 597/934/769 453/637/534 443/636/533 436/624/521
f 597/934/769 436/624/521 444/623/520
usemtl Material.002
f 134/935/770 135/936/771 136/937/772 137/938/773
f 134/935/770 138/939/774 135/936/771
f 135/940/775 138/941/776 139/942/777 140/943/778
f 140/944/779 139/945/780 141/946/781
f 142/947/782 143/948/783 144/949/783 145/950/784
f 146/951/785 147/952/786 148/953/787 149/954/788
f 150/955/789 151/956/790 152/957/791 153/958/792
f 150/955/789 153/958/792 154/959/793 155/960/794
f 155/960/794 154/959/793 156/961/795 157/962/796
f 147/952/786 157/962/796 156/961/795 148/953/787
f 151/956/790 158/963/797 159/964/798 152/957/791
f 156/965/799 154/966/799 153/967/800 148/968/800
f 148/968/800 153/967/800 152/969/801 149/970/802
f 144/971/803 160/972/803 149/970/802 145/973/723
f 145/973/723 149/970/802 152/969/801
f 161/974/804 142/947/782 145/950/784 162/975/805
f 152/969/801 159/976/806 145/973/723
f 163/977/723 164/978/723 165/979/723
f 146/980/723 163/977/723 165/979/723 147/981/723
f 160/982/807 163/983/807 146/984/785 149/985/788
f 165/986/808 164/987/808 166/988/808 167/989/808
f 168/990/809 169/991/810 170/992/809 171/993/810
f 171/994/811 170/995/811 167/996/811 166/997/811
f 172/998/812 173/999/812 174/1000/812 175/1001/812
f 167/1002/813 170/1003/814 169/1004/813 165/1005/814
f 172/1006/723 175/1007/723 157/1008/723 169/1009/723
f 147/981/723 165/979/723 169/1009/723 157/1008/723
f 139/942/777 176/1010/723 141/1011/723
f 142/1012/723 161/1013/723 177/1014/723 178/1015/723
f 143/1016/723 142/1012/723 178/1015/723 179/1017/723
f 180/1018/815 181/1019/815 182/1020/815 183/1021/815
f 161/974/804 162/975/805 140/944/779 141/946/781
f 177/1014/723 161/1013/723 141/1011/723 176/1010/723
f 183/1022/806 182/1023/806 162/1024/816
f 184/1025/817 159/1026/798 158/1027/797 185/1028/818
f 185/1028/818 186/1029/819 187/1030/820 184/1025/817
f 188/1031/821 189/1032/822 187/1030/820 186/1029/819
f 190/1033/823 191/1034/824 189/1032/822 188/1031/821
f 183/1035/825 191/1034/824 190/1033/823 180/1036/825
f 187/1037/826 189/1038/826 191/1039/827 184/1040/827
f 184/1040/827 191/1039/827 183/1022/806 159/976/806
f 159/976/806 183/1022/806 162/1024/816 145/973/723
f 150/1041/723 185/1042/723 158/1043/723 151/1044/723
f 192/1045/828 193/1046/829 194/1047/830 195/1048/831
f 181/1049/832 195/1048/831 194/1047/830 182/1050/832
f 196/1051/833 137/1052/773 136/1053/772 197/1054/834
f 196/1051/833 197/1054/834 198/1055/835 199/1056/836
f 199/1056/836 198/1055/835 193/1046/829 192/1045/828
f 193/1057/837 198/1058/837 197/1059/800 194/1060/800
f 194/1060/800 197/1059/800 136/1061/838 182/1023/806
f 136/1061/838 162/1024/816 182/1023/806
f 200/1062/839 201/1063/840 178/1064/841 177/1065/842
f 177/1065/842 176/1066/843 202/1067/843 200/1062/839
f 176/1066/843 203/1068/844 204/1069/844 202/1067/843
f 205/1070/723 199/1071/723 192/1072/723
f 206/1073/723 199/1071/723 205/1070/723
f 196/1074/845 206/1073/723 134/1075/846
f 134/1075/846 206/1073/723 138/941/776
f 206/1073/723 207/1076/723 138/941/776
f 203/1077/723 176/1010/723 139/942/777 207/1076/723
f 207/1076/723 139/942/777 138/941/776
f 208/1078/812 209/1079/812 207/1080/812 206/1081/812
f 210/1082/812 208/1078/812 206/1081/812 205/1083/812
f 175/1007/723 155/1084/723 157/1008/723
f 185/1042/723 150/1041/723 155/1084/723 186/1085/723
f 175/1007/723 211/1086/723 186/1085/723 155/1084/723
f 186/1085/723 211/1086/723 188/1087/723
f 190/1088/723 195/1089/723 181/1090/723 180/1091/723
f 192/1072/723 188/1087/723 211/1086/723 205/1070/723
f 188/1087/723 192/1072/723 195/1089/723 190/1088/723
f 205/1083/812 211/1092/812 212/1093/812 210/1082/812
f 211/1092/812 175/1001/812 174/1000/812 212/1093/812
f 196/1074/845 134/1075/846 137/1094/847
f 199/1071/723 206/1073/723 196/1074/845
f 140/943/778 162/1024/816 136/1061/838 135/940/775
f 169/1009/723 168/1095/723 172/1006/723
f 179/1096/848 178/1064/841 201/1063/840 213/1097/849
f 214/1098/850 215/1099/851 216/1100/852 217/1101/853
f 214/1098/850 218/1102/854 215/1099/851
f 215/1103/855 218/1104/856 219/1105/857 220/1106/858
f 220/1107/859 219/1108/860 221/1109/861
f 222/1110/862 223/1111/863 224/1112/863 225/1113/864
f 226/1114/865 227/1115/866 228/1116/867 229/1117/868
f 230/1118/869 231/1119/870 232/1120/871 233/1121/872
f 230/1118/869 233/1121/872 234/1122/873 235/1123/874
f 235/1123/874 234/1122/873 236/1124/875 237/1125/876
f 227/1115/866 237/1125/876 236/1124/875 228/1116/867
f 231/1126/870 238/1127/877 239/1128/878 232/1129/871
f 236/1130/879 234/1131/879 233/1132/880 228/1133/880
f 228/1133/880 233/1132/880 232/1134/881 229/1135/882
f 224/1136/696 240/1137/696 229/1135/882 225/1138/883
f 225/1138/883 229/1135/882 232/1134/881
f 241/1139/884 222/1110/862 225/1113/864 242/1140/885
f 232/1134/881 239/1141/886 225/1138/883
f 243/1142/696 244/1143/696 245/1144/696
f 226/1145/696 243/1142/696 245/1144/696 227/1146/696
f 240/1147/887 243/1148/887 226/1149/865 229/1150/868
f 245/1151/888 244/1152/889 246/1153/888 247/1154/889
f 248/1155/890 249/1156/891 250/1157/890 251/1158/891
f 251/1159/892 250/1160/892 247/1161/892 246/1162/892
f 252/1163/893 253/1164/893 254/1165/893 255/1166/893
f 247/1167/894 250/1168/895 249/1169/894 245/1170/895
f 252/1171/696 255/1172/696 237/1173/696 249/1174/696
f 227/1146/696 245/1144/696 249/1174/696 237/1173/696
f 219/1105/857 256/1175/696 221/1176/696
f 222/1177/696 241/1178/696 257/1179/696 258/1180/696
f 223/1181/696 222/1177/696 258/1180/696 259/1182/696
f 260/1183/896 261/1184/897 262/1185/898 263/1186/899
f 241/1139/884 242/1140/885 220/1107/859 221/1109/861
f 257/1179/696 241/1178/696 221/1176/696 256/1175/696
f 263/1187/886 262/1188/900 242/1189/901
f 264/1190/902 239/1191/878 238/1192/877 265/1193/903
f 265/1193/903 266/1194/904 267/1195/905 264/1190/902
f 268/1196/906 269/1197/907 267/1195/905 266/1194/904
f 270/1198/908 271/1199/909 269/1197/907 268/1196/906
f 263/1186/899 271/1199/909 270/1198/908 260/1183/896
f 267/1200/910 269/1201/910 271/1202/911 264/1203/911
f 264/1203/911 271/1202/911 263/1187/886 239/1141/886
f 239/1141/886 263/1187/886 242/1189/901 225/1138/883
f 230/1204/696 265/1205/696 238/1206/696 231/1207/696
f 272/1208/912 273/1209/913 274/1210/914 275/1211/915
f 261/1212/897 275/1211/915 274/1210/914 262/1213/898
f 276/1214/916 217/1215/853 216/1216/852 277/1217/917
f 276/1214/916 277/1217/917 278/1218/918 279/1219/919
f 279/1219/919 278/1218/918 273/1209/913 272/1208/912
f 273/1220/920 278/1221/920 277/1222/880 274/1223/921
f 274/1223/921 277/1222/880 216/1224/922 262/1188/900
f 216/1224/922 242/1189/901 262/1188/900
f 280/1225/923 281/1226/924 258/1227/925 257/1228/926
f 257/1228/926 256/1229/927 282/1230/927 280/1225/923
f 256/1229/927 283/1231/928 284/1232/928 282/1230/927
f 285/1233/696 279/1234/696 272/1235/696
f 286/1236/696 279/1234/696 285/1233/696
f 276/1237/929 286/1236/696 214/1238/930
f 214/1238/930 286/1236/696 218/1104/856
f 286/1236/696 287/1239/696 218/1104/856
f 283/1240/696 256/1175/696 219/1105/857 287/1239/696
f 287/1239/696 219/1105/857 218/1104/856
f 288/1241/893 289/1242/893 287/1243/893 286/1244/893
f 290/1245/893 288/1241/893 286/1244/893 285/1246/893
f 255/1172/696 235/1247/696 237/1173/696
f 265/1205/696 230/1204/696 235/1247/696 266/1248/696
f 255/1172/696 291/1249/696 266/1248/696 235/1247/696
f 266/1248/696 291/1249/696 268/1250/696
f 270/1251/696 275/1252/696 261/1253/696 260/1254/696
f 272/1235/696 268/1250/696 291/1249/696 285/1233/696
f 268/1250/696 272/1235/696 275/1252/696 270/1251/696
f 285/1246/893 291/1255/893 292/1256/893 290/1245/893
f 291/1255/893 255/1166/893 254/1165/893 292/1256/893
f 276/1237/929 214/1238/930 217/1257/931
f 279/1234/696 286/1236/696 276/1237/929
f 220/1106/858 242/1189/901 216/1224/922 215/1103/855
f 249/1174/696 248/1258/696 252/1171/696
f 259/1259/932 258/1227/925 281/1226/924 293/1260/932
f 174/1261/933 173/1262/934 293/1263/934 281/1264/935
f 213/1265/936 201/1266/937 254/1267/937 253/1268/936
f 202/1269/936 204/1270/937 289/1271/937 288/1272/936
f 209/1273/935 208/1274/933 282/1275/933 284/1276/935
f 280/1277/933 282/1275/933 208/1274/933 210/1278/938
f 280/1277/933 212/1279/935 174/1261/933 281/1264/935
f 280/1277/933 210/1278/938 212/1279/935
f 290/1280/939 200/1281/939 202/1269/936 288/1272/936
f 201/1266/937 200/1281/939 292/1282/937 254/1267/937
f 292/1282/937 200/1281/939 290/1280/939
f 160/1283/940 144/1284/941 251/1285/942 246/1286/943
f 171/1287/944 166/1288/945 240/1289/946 224/1290/947
f 246/1286/943 244/1291/948 243/1292/948 240/1289/946
f 160/1283/940 166/1288/945 164/1293/949 163/1294/949
f 246/1286/943 240/1289/946 166/1288/945 160/1283/940
f 251/1285/942 253/1295/950 252/1296/951 248/1297/951
f 251/1285/942 144/1284/941 213/1298/952 253/1295/950
f 213/1298/952 144/1284/941 143/1299/953 179/1300/953
f 171/1287/944 173/1301/954 172/1302/955 168/1303/955
f 224/1290/947 293/1304/956 173/1301/954 171/1287/944
f 224/1290/947 223/1305/957 259/1306/957 293/1304/956
usemtl 02_-_Default
f 602/1/958 603/1/958 608/1/958
f 602/1/958 608/1/958 607/1/958
f 603/1/959 604/1/960 609/1/960
f 603/1/959 609/1/960 608/1/959
f 604/1/961 605/1/962 610/1/963
f 604/1/961 610/1/963 609/1/961
f 605/1/964 606/1/964 611/1/964
f 605/1/964 611/1/964 610/1/964
f 606/1/965 602/1/966 607/1/965
f 606/1/965 607/1/965 611/1/965
f 612/1/967 613/1/967 616/1/967
f 612/1/967 616/1/967 615/1/967
f 613/1/968 614/1/969 617/1/969
f 613/1/968 617/1/969 616/1/968
f 614/1/970 612/1/971 615/1/970
f 614/1/970 615/1/970 617/1/970
f 613/1/972 603/1/972 602/1/972
f 602/1/972 614/1/972 613/1/972
f 613/1/972 604/1/973 603/1/972
f 612/1/973 604/1/973 613/1/972
f 612/1/973 605/1/973 604/1/973
f 614/1/972 605/1/973 612/1/973
f 602/1/972 605/1/973 614/1/972
f 602/1/972 606/1/974 605/1/973
f 616/1/975 607/1/976 608/1/975
f 607/1/976 616/1/975 617/1/976
f 616/1/975 608/1/975 609/1/975
f 615/1/975 616/1/975 609/1/975
f 615/1/975 609/1/975 610/1/975
f 617/1/976 615/1/975 610/1/975
f 607/1/976 617/1/976 610/1/975
f 607/1/976 610/1/975 611/1/975
